id,group,category,subcategory,title,problem,who,frequency,pain,app_solvable,workaround,source_type,source_url,source_quote
1,general,Home & household,Appliances,Appliance shows an error code,"The washer flashes 'E24' and the manual is long gone, so you hunt for the model sticker and dig through repair sites to learn what it means.",anyone with modern appliances,occasional,3,5,"googling the code, calling a repair line",article,https://www.repairclinic.com/Repair-Library/Article/5/What-Your-Appliance-Error-Code-Really-Means,Many people have no idea where their appliance manual is
2,general,Home & household,Appliances,Finding the appliance model number,"Ordering a replacement part or filter requires a model number hidden on a plate inside a door or behind the unit, and nobody records it when they buy the appliance.",homeowners and renters,occasional,3,5,"pulling the fridge out, photographing the sticker",article,https://www.appliancepartspros.com/b/how-to-find-your-appliances-model-number/,The model number will most likely appear on either a paper sticker or a metal plate
3,general,Home & household,Appliances,Missed product recalls,"Recalls on dehumidifiers, dishwashers or space heaters go unnoticed because nobody registers appliances or checks recall lists.",every household,occasional,3,5,none,knowledge,,
4,general,Home & household,Appliances,Missing warranty when appliance breaks,When a dishwasher dies people cannot tell whether it is still under warranty or extended coverage because the receipt and registration are lost.,homeowners,occasional,3,5,searching email for the receipt,article,https://www.thisoldhouse.com/smart-homes/keep-track-of-home-maintenance-with-the-centriq-home-app,"snap a product label... fetches the user manual, troubleshooting guides, parts info, safety recalls"
5,general,Home & household,Appliances,Consumables for each appliance,"Each appliance needs its own filter, bag, descaler or pod type, and people cannot remember which size fits the vacuum or fridge when reordering.",households with multiple appliances,monthly,2,5,"reorder history on Amazon, keeping an old box",knowledge,,
6,general,Home & household,Chores & shared living,Invisible mental load of the household,"One partner carries the constant background checklist of what needs buying, fixing, cleaning and scheduling, which never turns off and is invisible to the other partner even when physical chores look balanced.","couples and parents, disproportionately women",daily,5,3,"keeping it all in one person's head, occasional arguments, 'Fair Play' style card systems",article,https://www.healthline.com/health/relationships/mental-load,"anticipation, planning, decision-making, and monitoring... the invisible, non-tangible tasks involved in running a household"
7,general,Home & household,Chores & shared living,Chore apps still require nagging,"Existing chore apps put one person (usually mom) in charge of setting up and policing tasks, so the mental load of remembering and reminding does not actually go away.",parents and partners who manage the household,daily,4,3,"verbal reminders, shared lists, giving up on the app",article,https://www.technologyreview.com/2022/05/10/1051954/chore-apps/,Chore apps were meant to make mothers' lives easier. They often don't.
8,general,Home & household,Chores & shared living,Dirty dishes left in the sink,"One person's dishes sit in the shared sink for days, sometimes with rotting food, and the others feel drained deciding whether to wash them, confront, or wait it out.",people sharing a kitchen with roommates or partners,daily,4,2,"washing them yourself, notes, house meetings",article,https://www.aol.com/renter-found-roommates-rotting-food-220000740.html,Renter who found roommate's 'rotting food' in the kitchen sink asks for a solution: 'I am so drained'
9,general,Home & household,Chores & shared living,Unfair chore split with roommates,"Roommates have different ideas of what 'clean' means and nobody can prove who has or hasn't done their share, so irritation builds until someone leaves a passive-aggressive note.","renters with roommates, students in shared housing",weekly,4,4,"paper chore chart on the fridge, group chat nagging, passive-aggressive notes",reddit-quoted,https://www.buzzfeed.com/alanna_marshall/most-passive-aggressive-roommate-notes,Chore chart coming soon. Until then... if I find your dirty dishes in the sink... I'm dumping it in your bed.
10,general,Home & household,Chores & shared living,Chore apps hide features behind paywalls,"Families try 'free' chore apps and find the useful features (multiple kids, recurring tasks, allowance) locked behind subscriptions, or the app crashes and loses their setup.",families with children,weekly,3,4,"switching between several apps, going back to paper charts",app-review,https://www.mychoreboard.com/blog/best-free-chore-apps-2025/,Some 'free' versions hide all the useful features behind a paywall
11,general,Home & household,Chores & shared living,Kids lose motivation for chore rewards,"Chore-and-allowance apps work for a couple of weeks and then children stop caring about the points, leaving parents back at square one.",parents of school-age kids,weekly,3,3,"sticker charts, cash allowance, threats and bribes",app-review,https://www.commonsensemedia.org/app-reviews/homey-chores-and-allowance,many families struggle with maintaining motivation and consistency
12,general,Home & household,Chores & shared living,Rotating chores fairly over time,"Nobody wants the toilet every week, but hand-rotating tasks among housemates with different schedules and away weeks gets messy and someone always ends up with the bad jobs twice.","shared houses, families with several kids",weekly,3,5,"whiteboard rota, arguing",knowledge,,
13,general,Home & household,Chores & shared living,Feature-bloated family super-apps,"Chore apps morph into calendars, meal planners and messengers, so the simple job of tracking who does what gets buried and family members stop opening the app.",families and couples using shared household apps,weekly,2,4,using a plain shared note or spreadsheet instead,article,https://www.kiddikash.com/blog/best-chore-apps-2025,trying to become 'family super-apps'... which often results in feature bloat
14,general,Home & household,Cleaning routines,Not knowing where to start cleaning,"When the whole house is a mess the task feels so big that people freeze, make 'doom piles' of stuff they moved but never organized, and the overwhelm grows.","people with ADHD, anyone behind on housework",weekly,4,4,"throwing everything away, timers, body-doubling videos",article,https://www.psychologytoday.com/us/blog/mythbusting-adhd/202306/is-your-adhd-making-you-a-doom-piler,"DOOM piles, which stands for Didn't Organize, Only Moved"
15,general,Home & household,Cleaning routines,Cleaning products used unsafely,"People mix or use harsh chemicals without knowing which combinations are dangerous or what a product is actually meant for, following viral hacks that ruin surfaces.",anyone cleaning their home,weekly,3,3,"reading labels, guessing, viral tips",reddit-quoted,https://www.yahoo.com/lifestyle/people-sharing-worst-cleaning-tips-163000053.html,the amount of videos I see of people using wide varieties of chemicals with no gloves on
16,general,Home & household,Cleaning routines,Cleaning schedule collapses after two weeks,"People set up a daily/weekly/monthly cleaning routine, miss a few days, and the app or checklist shows a wall of overdue tasks that makes them quit entirely.",people trying to maintain a tidy home solo,weekly,3,4,"restarting from scratch, ignoring the app",knowledge,,
17,general,Home & household,Cleaning routines,Cleaning tasks nobody remembers exist,"Things like the dryer vent, range hood filter, dishwasher filter and fridge coils are never on anyone's list, so they are only dealt with when something smells or breaks.",homeowners and long-term renters,monthly,3,5,noticing when there is a problem,article,https://www.aol.com/articles/11-household-filters-could-forgetting-102000466.html,11 Household Filters You Could Be Forgetting To Clean
18,general,Home & household,Cleaning routines,Deep cleans keep getting put off,"Infrequent jobs like cleaning gutters, washing windows, or descaling the shower head get postponed indefinitely because there is no natural trigger to do them.","homeowners, renters before inspections",monthly,3,4,"spring cleaning binges, guilt",article,https://www.aol.com/12-home-maintenance-tasks-keep-200000780.html,12 Home Maintenance Tasks You Keep Putting Off but Really Need to Do ASAP
19,general,Home & household,Cleaning routines,"Guests coming, house not ready","With visitors arriving in an hour there is no quick way to know which rooms matter most and what the minimum triage is, so people panic-clean the wrong things.","hosts, families",monthly,3,3,shoving things in closets,knowledge,,
20,general,Home & household,Cleaning routines,Houseplants die from missed watering,"Each plant needs a different watering interval and people forget which were watered when, so plants alternately drown and dry out.",houseplant owners,weekly,3,5,"sticking a finger in the soil, watering everything on Sunday",knowledge,,
21,general,Home & household,Cleaning routines,Which cleaner for which stain,A red wine spill on the couch or a rust mark on the sink sends you searching contradictory advice while the stain sets.,"anyone with fabrics, floors and surfaces",weekly,3,4,"googling in a panic, trying random products",knowledge,,
22,general,Home & household,Cleaning routines,Hard to coordinate a hired cleaner,"Households with a cleaner cannot easily leave instructions, note what was skipped, or track which weeks were paid and which were cancelled.",households employing a house cleaner,weekly,2,4,"sticky notes, text messages, cash envelopes",knowledge,,
23,general,Home & household,Home maintenance,Comparing and tracking contractor quotes,"Getting three quotes for a roof or plumbing job means juggling PDFs, texts and voicemails with different scopes, and remembering who promised what by when.",homeowners hiring tradespeople,occasional,4,4,"spreadsheets, email threads",knowledge,,
24,general,Home & household,Home maintenance,Home maintenance records are scattered,"Receipts, warranties, service dates and contractor names live in email, drawers and photo rolls, so when the furnace dies nobody can say when it was last serviced or if it is under warranty.",homeowners,monthly,4,5,"a folder in a drawer, searching email",article,https://www.homeplexi.com/blogs/best-home-maintenance-management-apps-2026,"Homeowners Struggling with Tracking, Contractors & Projects"
25,general,Home & household,Home maintenance,Not knowing what maintenance a house needs,"First-time homeowners have no idea which seasonal tasks (sump pump test, water heater flush, caulking, gutter cleaning) their specific house requires until something expensive fails.",first-time homeowners,monthly,4,5,"generic checklists from blogs, learning the hard way",article,https://www.aol.com/11-detrimental-mistakes-first-time-211800808.html,57% of homeowners said they did not prioritize home maintenance enough
26,general,Home & household,Home maintenance,Renters unable to track repair requests,"Tenants report a leak or broken heater and then have no record of when they asked, what the landlord said, or how long it has been outstanding.",renters,occasional,4,4,"text and email threads, photos with timestamps",knowledge,,
27,general,Home & household,Home maintenance,Forgetting to change the HVAC filter,"Air filters need replacing every one to three months but the interval is long enough that people forget, leading to higher bills and system breakdowns.",homeowners and renters with forced-air HVAC,monthly,3,5,"writing the date on the filter, subscription filter delivery",article,https://techcrunch.com/2015/01/23/filtereasy-raises-1-2-million-to-help-you-remember-to-change-your-homes-air-filter,easy to forget because filters are only changed every few months or so
28,general,Home & household,Home maintenance,Forgetting which paint color is where,"Years after painting, touching up a scuff means guessing the brand, color code and finish for that room because the can label is gone.",homeowners and long-term renters,occasional,3,5,"keeping old cans, photographing lids, color-matching chips at the store",article,https://getkeptapp.com/blog/keep-track-of-home-improvements/,so you can answer questions like 'what color is the hallway' later on
29,general,Home & household,Home maintenance,Seasonal prep sneaks up,"The first freeze arrives before hoses are disconnected and the AC is running before the unit was cleaned, because seasonal tasks depend on local weather, not a calendar date.",homeowners in four-season climates,occasional,3,4,remembering after the damage,article,https://www.aol.com/home-heating-mistakes-costing-money-144800098.html,These Home Heating Mistakes Are Costing You Money
30,general,Home & household,Home maintenance,Things that expire and get forgotten,"Smoke detector batteries, water filter cartridges, fire extinguishers, and toothbrush heads have replacement dates nobody tracks, so they lapse silently.",every household,monthly,3,5,"changing batteries at daylight saving time, otherwise none",article,https://www.aol.com/articles/things-everyone-forgets-replace-shouldn-123000752.html,"Things Everyone Forgets to Replace, But Shouldn't"
31,general,Home & household,Home maintenance,Untracked home improvement spending,Homeowners cannot account for thousands spent on improvements when selling or filing taxes because nothing was logged along the way.,homeowners,occasional,3,5,shoebox of receipts,article,https://getkeptapp.com/blog/keep-track-of-home-improvements/,Most homeowners don't track home improvements and later realize they can't account for thousands
32,general,Home & household,Laundry,Clothes left in shared washer,"In apartment laundry rooms people leave finished loads sitting for hours, so others wait for a machine that is not even running or come back to find their wet clothes dumped on a dryer.",apartment dwellers and students with shared laundry,weekly,4,4,"moving the clothes yourself, waiting, signs in the laundry room",reddit-quoted,https://www.aol.com/articles/ever-ok-move-someones-laundry-141500058.html,One Reddit user returned... five minutes after their load was done and found their wet clothes on top of a dryer
33,general,Home & household,Laundry,Care labels are undecipherable,"Care labels look like hieroglyphics, so people guess the wash setting and end up with shrunk sweaters and ruined jeans.","anyone doing laundry, especially younger people",weekly,3,4,"googling symbols, washing everything cold, cutting tags off",article,https://blogs.ifas.ufl.edu/jeffersonco/2020/01/29/cracking-laundry-care-code/,Most care labels can look like hieroglyphics
34,general,Home & household,Laundry,Clean laundry never gets folded,"Washed clothes pile up in baskets or on 'the chair' for days and get rewrinkled, because folding and putting away has no deadline and no one owns it.",busy adults and families,weekly,3,2,living out of the basket,knowledge,,
35,general,Home & household,Laundry,Forgetting the load in the washer,"You start a wash, get distracted, and remember it the next morning when it smells musty and needs rewashing.",anyone who does their own laundry,weekly,3,4,"phone timer, smart plug notifications",knowledge,,
36,general,Home & household,Laundry,No free machine at peak times,"Everyone in the building tries to do laundry Sunday evening, and with two washers for dozens of apartments you haul the basket down only to find every machine taken.",renters with shared laundry rooms,weekly,3,4,"going at odd hours, checking repeatedly",article,https://www.liberty.edu/champion/2025/01/22/the-dos-and-donts-of-doing-laundry-in-a-shared-space,attempting to do the chore when everyone else has the same task in mind
37,general,Home & household,Laundry,Sorting laundry for a mixed household,"Family laundry gets mixed up, socks vanish and someone's delicate item goes through a hot cycle because nobody knows whose clothes need what treatment.",families and shared houses,weekly,2,2,"separate hampers, labels, each person washes their own",knowledge,,
38,general,Home & household,Laundry,Using too much detergent,"People eyeball detergent and overdose every load, leaving residue on clothes and buildup in the washer without knowing that is why things smell or feel stiff.",households doing their own laundry,weekly,2,3,guessing from the cap lines,reddit-quoted,https://www.yahoo.com/lifestyle/people-sharing-worst-cleaning-tips-163000053.html,excessive use of laundry detergent... can actually lead to buildup on both clothes and in the washer
39,general,Home & household,Organization & storage,No home inventory for insurance,"After a burglary, fire or flood people cannot list what they owned or prove its value because nobody documented belongings beforehand.",homeowners and renters with insurance,occasional,5,5,"walk-through video once, receipts",knowledge,,
40,general,Home & household,Organization & storage,Can't find the thing in storage,"Seasonal decorations, a spare cable or a document are 'somewhere' in the garage, attic or a bin, and finding them means opening every box.","homeowners with garages, basements or storage units",monthly,4,5,"labeling bins, memory, buying a duplicate",article,https://www.goodreads.com/author_blog_posts/16980168-organize-me-now-the-ultimate-storage-organization-guide-a-chance,wonder whether an item they're looking for is under a pile of clothes or in a box behind the lawnmower
41,general,Home & household,Organization & storage,Buying duplicates of what you own,"People repurchase tape, batteries, lightbulbs or a specific screwdriver because they cannot remember owning one or where it is.",every household,monthly,3,4,none,knowledge,,
42,general,Home & household,Organization & storage,Declutter decisions never get made,"Items sit in a 'maybe' pile for months because deciding what to sell, donate or trash, and then actually doing it, has no deadline.","anyone decluttering, people with ADHD",monthly,3,3,bags in the trunk for weeks,article,https://www.aol.com/lifestyle/home-filled-doom-piles-know-090003032.html,"As more piles are created, the more difficult it becomes to tackle the job"
43,general,Home & household,Organization & storage,Kids' outgrown clothes and gear,"Parents store bins of clothes in various sizes and cannot recall what is in which bin, so the next child has no winter coat while three sit in the attic.",parents with more than one child,occasional,3,4,"size-labelled bins, rummaging",knowledge,,
44,general,Home & household,Organization & storage,Buying bins before decluttering,"People buy organizing products first and end up with more clutter, because they never took stock of what they actually have and want to keep.",people trying to get organized,occasional,2,3,"professional organizer advice, sort-and-purge first",article,https://www.yahoo.com/news/professional-organizers-never-9-things-201800532.html,Buying cute bins before you know what you're keeping is a trap and leads to more clutter
45,general,Home & household,Supplies & restocking,Running out of household essentials,"You only discover the toilet paper, dish soap or detergent is gone at the moment you need it, because nobody tracks stock levels of everyday supplies.","every household, especially shared ones",weekly,3,4,"keeping a backup, subscribe-and-save, emergency store run",forum,https://forums.anandtech.com/threads/noticed-that-i-was-out-of-toilet-paper-in-the-restroom-after-i-was-done.70260/post-23896035,Noticed that I was out of toilet paper in the restroom after I was done
46,general,Home & household,Supplies & restocking,Trash and recycling day confusion,"Collection days change for holidays and recycling alternates weeks, so bins go out on the wrong day or are missed entirely.",homeowners and renters with curbside pickup,weekly,3,5,"checking the neighbors' bins, municipal calendar PDF",knowledge,,
47,general,Home & household,Supplies & restocking,Who used the last of it,"In shared homes the person who finishes a shared consumable rarely puts it on the list, so the next person is stuck and nobody knows who should buy the replacement.",roommates and families,weekly,3,4,"fridge whiteboard, group chat",knowledge,,
48,general,Home & household,Supplies & restocking,Splitting shared household purchases,"Roommates buy paper towels, soap and cleaning products at different times and never settle up fairly because small purchases are not tracked.",roommates,monthly,2,5,"Splitwise for big items, ignoring small ones",knowledge,,
49,general,Home & household,Supplies & restocking,Whether something is recyclable,"Standing over the bins with a coffee cup or plastic film, people do not know what their local program accepts and contaminate the recycling.",every household,daily,2,4,"guessing, 'wishcycling'",knowledge,,
50,general,Money & budgeting,Banking annoyances,Money sent to the wrong person,"Peer-to-peer payment apps make it easy to pick the wrong contact from a list of similar names, and once sent the money is very hard to get back.","anyone using Zelle, Venmo or Cash App",occasional,4,3,"message the stranger and hope, or call the bank",article,https://www.nasdaq.com/articles/3-things-do-if-you-zelle-or-venmo-wrong-person,3 Things To Do If You Zelle Or Venmo The Wrong Person
51,general,Money & budgeting,Banking annoyances,Overdraft discovered after the fee,"A low balance is only noticed when the overdraft fee shows up, because the bank's alert either does not exist or fires too late to move money.",people with thin checking balances,occasional,4,4,check the balance obsessively,knowledge,,
52,general,Money & budgeting,Banking annoyances,Pending charges hide the real balance,"The bank shows a balance that ignores pending card holds and scheduled payments, so the number on screen is not what is actually safe to spend.",anyone running a low checking balance,daily,4,5,mental math and a buffer,article,https://gulfnews.com/amp/story/your-money%2Fsaving-investment%2Fshould-i-be-worried-about-pending-transactions-on-my-credit-card-or-bank-statement-1.1702396726041,the annoyances of pending transactions in bank accounts
53,general,Money & budgeting,Banking annoyances,Bank exports only as PDF,"Many banks only offer statements as PDFs, so getting a year of transactions into a spreadsheet or budgeting tool means retyping or fighting with converters.",spreadsheet budgeters and small-scale bookkeepers,monthly,3,4,PDF-to-CSV converters or manual entry,knowledge,,
54,general,Money & budgeting,Bills & due dates,Annual bills blow up the budget,"Car insurance, property tax, registration and memberships arrive once or twice a year and get forgotten, so the month they land feels like a budget failure.",anyone with annual or quarterly bills,occasional,4,5,"sinking-fund spreadsheets, or absorb the hit",article,https://marvinwealthexplained.substack.com/p/sinking-funds-the-reason-your-budget,"forgetting to include quarterly and annual payments like insurance, property taxes, and car registration fees"
55,general,Money & budgeting,Bills & due dates,Auto-pay fails after card replacement,"When a card is reissued after fraud or expiry, every service tied to it fails silently and the late fees and service cutoffs arrive weeks later.",anyone whose card number changed,occasional,4,4,try to remember every merchant and update each one,knowledge,,
56,general,Money & budgeting,Bills & due dates,Medical bills versus insurance statements,"Bills from providers arrive out of order with explanation-of-benefits letters, so it is unclear which bill is real, already paid, or should be disputed.",US patients with insurance,occasional,4,4,a folder of paper and phone calls,knowledge,,
57,general,Money & budgeting,Bills & due dates,Bill due dates spread over many portals,"Utilities, rent, insurance and loans each live in a different website with its own login, and no single place shows what is due this week.",anyone managing a household's bills,weekly,3,5,calendar reminders and a password manager,knowledge,,
58,general,Money & budgeting,Budgeting & planning,Choosing what to cut each month,"When money is short, deciding which expense gets dropped this month is agonizing and there is no clear way to compare the trade-offs.",households with tight budgets,monthly,4,3,gut feel,forum,https://www.quora.com/What-is-the-most-difficult-part-of-budgeting,"Prioritizing is difficult, as choices are tough and something will always have to be left out"
59,general,Money & budgeting,Budgeting & planning,Budget feels like punishment,"A budget reads as a list of things you can no longer do, so people avoid opening it and stop tracking within weeks.",people who dislike budgeting,weekly,3,3,not budgeting,article,https://www.fool.com/investing/2020/01/18/4-things-everyone-hates-about-budgeting.aspx,"imagining themselves never shopping again, missing out on fun, and forever eating plain peanut butter sandwiches"
60,general,Money & budgeting,Cash flow & paychecks,Bills due before payday arrives,"Rent and bills hit on the 1st but the paycheck lands on the 15th, so every month there is a gap that gets bridged with a credit card or an overdraft.",hourly and salaried workers on monthly or biweekly pay,monthly,4,4,"hold back part of the previous check, or overdraft",article,https://www.bankrate.com/banking/savings/how-to-budget-with-an-irregular-come,financial shortfalls happen 18% more when there is a greater mismatch between income timing and bill due dates
61,general,Money & budgeting,Cash flow & paychecks,Income changes every month,"Freelancers, tipped and gig workers never know what next month brings, so a fixed monthly budget breaks the first time a slow month hits.","freelancers, gig and tipped workers",monthly,4,4,budget off the lowest recent month and keep a big buffer,article,https://www.nerdwallet.com/article/finance/how-to-budget-with-a-fluctuating-income,almost one-quarter of U.S. consumers report that their income changes somewhat or a lot from month to month
62,general,Money & budgeting,Cash flow & paychecks,Not knowing what is safe to spend,"The balance is known, but how much of it is already spoken for by rent, upcoming auto-pays and card statements is not, so every purchase is a guess.",anyone paid monthly or biweekly,daily,4,5,mental math and a safety buffer,knowledge,,
63,general,Money & budgeting,Couples & household,Hidden debt between partners,"One partner carries a balance the other does not know about, and there is no low-stakes way to surface the full household debt picture.",couples merging finances,occasional,4,3,an uncomfortable conversation,article,https://jakeelm.substack.com/p/couples-and-money,about 20% of adults who are married or in a committed relationship report having secret debt
64,general,Money & budgeting,Couples & household,No shared view of partner spending,"Couples with separate accounts each think the other overspends, but neither can see the combined picture without exchanging screenshots.",couples and married partners,monthly,4,4,monthly money talk or a joint spreadsheet,article,https://jakeelm.substack.com/p/couples-and-money,63% of couples believe their significant other overspends in some way
65,general,Money & budgeting,Couples & household,Separating shared and personal spending,Couples who keep individual accounts plus a joint one constantly have to decide which card to use and then sort transactions into 'ours' vs 'mine'.,couples with mixed account setups,weekly,3,4,rules of thumb and periodic true-ups,article,https://dfpi.ca.gov/news/insights/personal-finance-for-couples-managing-joint-finances/,whether to merge everything into one joint account or maintain individual accounts and open a joint one
66,general,Money & budgeting,Debt,Deciding which debt to pay first,"With several cards and loans at different rates and balances, it is unclear where an extra $100 should go and how much it actually shortens the payoff.",people carrying multiple debts,monthly,4,5,snowball/avalanche articles and a spreadsheet,knowledge,,
67,general,Money & budgeting,Debt,Credit card cycles out of sync,"Each card has its own statement close and due date, so keeping track of what is owed when, and avoiding interest, requires checking several apps.",people with two or more credit cards,monthly,3,5,auto-pay everything in full and hope the balance covers it,knowledge,,
68,general,Money & budgeting,Finance app frustrations,Bank connections keep breaking,"Linked bank feeds silently disconnect every few days or weeks, so the budget shows stale balances until you notice and re-enter credentials.",anyone using an aggregator-based budget app,weekly,4,3,reconnect repeatedly or import CSVs by hand,forum,https://help.zoho.com/portal/fr/community/topic/bank-feeds-breaking-constantly,bank feeds breaking within days of fixing them by updating credentials
69,general,Money & budgeting,Finance app frustrations,Forced migration when an app dies,"When a popular free budgeting app is shut down or folded into another product, users have to rebuild categories, rules and history somewhere new.",former Mint users and similar,occasional,4,3,start over in a new app,forum,https://www.teamblind.com/post/so-intuit-decided-to-replace-mint-with-credit-karma-which-i-think-was-a-mistake-h0wqnfu4,Intuit decided to replace Mint with Credit Karma which I think was a mistake
70,general,Money & budgeting,Finance app frustrations,Budget app quit in the first month,"Setting up a serious budgeting app takes hours and a new vocabulary, so many people abandon it before it ever pays off.",first-time budgeters,occasional,3,4,give up and wing it,article,https://genwealth.io/articles/ynab-vs-monarch-vs-copilot-i-tested-all-3-for-90-days-heres,some users have rage-quit YNAB in month one due to it being too complicated
71,general,Money & budgeting,Finance app frustrations,Budget apps cost real money,"The best-known budgeting apps charge over $100 a year, which feels absurd to someone budgeting precisely because money is tight.",budget-conscious users,monthly,3,4,"free apps with ads, or spreadsheets",reddit-quoted,https://getfinny.app/blog/best-budget-apps-reddit-recommends-2026,"Reddit users complain about the price of popular budgeting apps like YNAB, which costs $14.99/month"
72,general,Money & budgeting,Finance app frustrations,Falling back to spreadsheets,"No finance app fits, so people keep reverting to a hand-built spreadsheet that then needs manual data entry every week.",detail-oriented budgeters,weekly,3,3,Excel or Google Sheets,hn,https://news.ycombinator.com/item?id=40108404,continually reverting to Excel spreadsheets and believe these apps often don't meet all their needs
73,general,Money & budgeting,Finance app frustrations,Finance app locked to one platform,A household with one iPhone and one Android cannot share the same budget because the app only exists on one platform.,mixed-device households,daily,3,5,one person tracks for both,article,https://www.engadget.com/apps/best-budgeting-apps-120036303.html,only available to Apple users
74,general,Money & budgeting,Finance app frustrations,Financial data locked in someone's cloud,"Years of categorized transactions live only inside a vendor's servers, and when the app shuts down or raises prices the history is effectively lost.",long-term budget-app users,occasional,3,4,periodic CSV exports,hn,https://news.ycombinator.com/item?id=45537796,"struggling to find an app that offered data ownership, principled transaction handling, envelope budgeting"
75,general,Money & budgeting,Finance app frustrations,Free finance apps sell your data,"Free budgeting tools are stuffed with ads and monetize transaction data, and some follow up with sales calls from advisors.",privacy-conscious users,weekly,3,4,pay for a private app or go offline,forum,https://www.teamblind.com/post/why-do-all-of-the-budgeting-apps-suck-kyrsbf24,"Mint is full of ads and sells your data, and Personal Capital advisors pester you with phone calls"
76,general,Money & budgeting,Finance app frustrations,Multi-currency budgets break apps,"People earning or spending in more than one currency find budget apps mishandle conversions and transfers, so totals never reconcile.","expats, immigrants, frequent travelers",weekly,3,4,separate budgets per currency,hn,https://news.ycombinator.com/item?id=32417767,extremely slow transfers and inconsistencies with currency conversions
77,general,Money & budgeting,Finance app frustrations,Month rollover in budget apps is clunky,"Closing out a month in envelope-style apps is slow and rigid, forcing awkward reassignments of leftover money every first of the month.",zero-based budgeters,monthly,2,4,accept the ritual or move to a spreadsheet,hn,https://news.ycombinator.com/item?id=46566663,"the way it rolls months annoys them, coupled with a clunky slow interface"
78,general,Money & budgeting,Finance app frustrations,Preset categories never fit,"Budget apps ship with fixed categories that do not match how a particular person actually spends, so transactions get forced into the wrong buckets.",new budget-app users,weekly,2,4,misfile into 'Other' or move to a spreadsheet,article,https://news.syr.edu/the-peel/2019/04/22/budgeting-app-reviews,"categories are pre-set, making it difficult since budgets are not a one size fits all"
79,general,Money & budgeting,Saving & goals,One-off costs land as lump shocks,"Car repairs, holiday gifts and home fixes are predictable across a year, but they still arrive as painful lumps because nothing was set aside monthly.",households without a dedicated savings bucket per expense,occasional,3,4,emergency fund or credit card,article,https://www.aol.com/articles/one-simple-money-hack-keeps-172444974.html,"always leaving your accounts in painful, unplanned lumps that felt like disasters"
80,general,Money & budgeting,Saving & goals,Many goals in one savings account,"Vacation, emergency fund and new-laptop money all sit in a single savings balance, so no one knows how much belongs to which goal.",savers with more than one goal,monthly,2,5,spreadsheet or multiple bank accounts,knowledge,,
81,general,Money & budgeting,Splitting costs,Chasing roommates for their share,"One person pays the electricity or internet bill and then has to ask the others for money repeatedly, because they delay, and every reminder creates tension.",renters with roommates,monthly,4,5,"text reminders, a whiteboard, or quietly eating the difference",forum,https://forums.anandtech.com/threads/roommates-and-bills.13271/post-22952985,"they often delay payment, requiring repeated requests and creating tension"
82,general,Money & budgeting,Splitting costs,Bill-paying labor falls on one person,"In a shared household one person ends up holding every utility account, tracking due dates and fronting the money, and the others never see the work involved.",roommates and multi-adult households,monthly,3,4,"written agreement, or one person just does it",article,https://www.aol.com/6-tips-splitting-expenses-roommate-220011552.html,The labor of paying bills can breed resentment when it doesn't fall evenly
83,general,Money & budgeting,Splitting costs,Free bill-split apps cap daily expenses,"The free tier of the main bill-splitting app only allows three or four expenses a day and adds a delay when adding each one, so logging a weekend trip becomes a chore.","roommates, couples and friend groups splitting costs",weekly,3,5,"wait until tomorrow, pay for Pro, or fall back to a group chat",app-review,https://www.trustpilot.com/review/splitwise.com,cap of four expenses per day and includes a 10-second delay when adding expenses
84,general,Money & budgeting,Splitting costs,Group trip costs across currencies,"On a trip abroad different people pay for different things in different currencies, and settling up afterwards means reconstructing exchange rates from memory.",friends and families traveling together,occasional,3,5,one person keeps a notes list and estimates,knowledge,,
85,general,Money & budgeting,Splitting costs,Shared groceries impossible to split fairly,"Grocery runs mix shared staples with things only one roommate eats, so dividing the receipt evenly feels unfair and itemizing it by hand is tedious.",roommates and couples with separate finances,weekly,3,4,"split evenly and resent it, or keep separate shelves",article,https://www.nasdaq.com/articles/how-split-living-costs-your-roommate-2016-07-06,"grocery store expenses are often difficult to divide evenly, as different roommates may want different items"
86,general,Money & budgeting,Splitting costs,Surprise payment requests after outings,"Someone says 'I got this' at dinner or drives everyone to the store, then a payment request shows up the next morning with no prior agreement.","friends, dates and social groups",weekly,3,3,"agree on splitting in advance, or pay and grumble",article,https://www.yahoo.com/lifestyle/7-times-never-venmo-request-174401326.html,would Venmo request every person in the car for gas money when driving to the grocery store
87,general,Money & budgeting,Splitting costs,Tracking informal loans to friends,"Money lent to a friend or sibling lives only in memory, and there is no non-awkward way to keep a record or nudge them months later.",anyone who lends to friends or family,occasional,3,4,"forget, or bring it up awkwardly",knowledge,,
88,general,Money & budgeting,Splitting costs,Constant upsell prompts in split apps,"Every time you open the expense-splitting app you get nagged to upgrade, and the remaining free features feel confusing and half-useful.",anyone splitting shared expenses,weekly,2,4,dismiss the prompt each time or switch apps,app-review,https://www.trustpilot.com/review/splitwise.com,"remaining free features pathetic, confusing, and largely useless"
89,general,Money & budgeting,Splitting costs,Small IOUs too awkward to request,"Amounts under about $20 feel too petty to send a request for, so they never get repaid and pile up into real money over a year.",friends and coworkers who cover each other,weekly,2,4,let it go or hope it evens out,article,https://thefiscalfemme.substack.com/p/venmo-etiquette-survey,62% of respondents said they'd only send a Venmo request for $20 or more
90,general,Money & budgeting,Subscriptions & trials,Free trials convert without warning,"A free trial that needed a card ends silently and the first charge is the only notice, often for a service that was used once.",anyone who signs up for trials,monthly,4,5,calendar reminders or virtual cards,article,https://gradynewsource.uga.edu/24248/,continue to charge after free trials end when customers forget to cancel
91,general,Money & budgeting,Subscriptions & trials,No proof a cancellation went through,"After cancelling a trial or subscription the charges keep coming, and there is no record of the cancellation to point to when disputing.",subscribers of any online service,occasional,4,3,"screenshots, support tickets, chargebacks",forum,https://community.adobe.com/questions-27/canceled-free-trial-still-charged-623062,canceled free trial still charged
92,general,Money & budgeting,Subscriptions & trials,Collecting for a shared family plan,"One person pays for the group streaming or phone plan and has to collect small amounts from four people every month, forever.",friends and families sharing plans,monthly,3,5,"recurring payment requests, or stop asking",knowledge,,
93,general,Money & budgeting,Subscriptions & trials,Recurring bills quietly increase,"A streaming plan, phone bill or insurance premium goes up a few dollars and nobody notices because the auto-pay keeps going through.",anyone on auto-pay,monthly,3,5,none,forum,https://www.quora.com/What-is-the-most-difficult-part-of-budgeting,fail to notice when a regular bill increases in price
94,general,Money & budgeting,Subscriptions & trials,Subscription trackers need manual entry,"Most subscription-tracking apps require typing in every service, price and renewal date and then keeping it current yourself, which is the same work you were avoiding.",people with many subscriptions,monthly,3,4,spreadsheet or scrolling the bank statement,article,https://www.whistleout.com/CellPhones/Apps/best-apps-to-track-and-cancel-subscriptions,requires entering every subscription by hand and keeping it current yourself
95,general,Money & budgeting,Tracking spending,Small purchases drain the account,"It is the $20 snacks, takeout and work vending purchases, not the big bills, that quietly empty a checking account by the end of the month.",people living close to their means,daily,4,4,cash-only rules or willpower,reddit-quoted,https://www.nasdaq.com/articles/asked-reddit-how-should-i-trim-my-monthly-budget,"$20 here, $20 there purchases being what claw away at checking accounts fastest"
96,general,Money & budgeting,Tracking spending,Amazon and Target purchases defy categories,"One Amazon or Target transaction can contain groceries, gifts and household items, so the budget app assigns it a random category and the totals are wrong.",budget-app users who shop at big-box and online retailers,weekly,3,4,open the order page and split the transaction by hand,article,https://support.ynab.com/en_us/categorizing-transactions-a-guide-HyRl60sks,"Amazon, Costco, and Target, where your purchases may be assigned to different categories each time"
97,general,Money & budgeting,Tracking spending,Cannot remember what a charge was,"Sitting down to review the month, there are too many transactions with cryptic merchant names and no memory of what was actually bought.",anyone reconciling a statement,monthly,3,4,search email receipts or guess,forum,https://www.quora.com/What-is-the-most-difficult-part-of-budgeting,too many transactions and you can't remember what you bought
98,general,Money & budgeting,Tracking spending,Cash spending vanishes from tracking,"Anything paid in cash never shows up in bank-linked budget apps, so cash-heavy people have a hole in their spending picture unless they log every purchase.","cash-envelope budgeters, tipped workers, market shoppers",daily,3,4,physical envelopes or notes app,article,https://www.bankrate.com/personal-finance/cashless-cash-stuffing,regular trips to the bank or ATM to withdraw money can be time-consuming
99,general,Money & budgeting,Tracking spending,Grocery spend hard to compare week to week,"Grocery costs swing week to week and there is no easy way to see whether prices rose, the basket changed, or spending simply crept up.",households trying to control food costs,weekly,3,4,compare receipts by eye,knowledge,,
100,general,Money & budgeting,Tracking spending,Refunds never matched to purchases,"A return is made but the refund arrives days later under a different name and amount, so whether the money actually came back is never confirmed.",online shoppers,monthly,3,4,scan statements and hope,knowledge,,
101,general,Money & budgeting,Tracking spending,Reimbursements owed by employer forgotten,Work expenses fronted on a personal card get lost in the personal budget and some never get submitted or repaid.,employees who front work costs,monthly,3,4,photos of receipts in a folder,knowledge,,
102,general,Money & budgeting,Tracking spending,Piles of paper receipts to reconcile,"Receipts collect in wallets and drawers and matching them to card transactions for returns, warranties or reimbursements never happens.",anyone who needs receipts for returns or expenses,weekly,2,4,shoebox,article,https://www.fool.com/personal-finance/2007/05/10/10-things-i-hate-about-finances.aspx,"paperwork, paying taxes, corralling piles of receipts"
103,general,Money & budgeting,Tracking spending,Transfers double-counted as spending,"Moving money between your own accounts or paying a credit card shows up as an expense in one place and income in another, inflating spending totals.",anyone tracking several linked accounts,weekly,2,4,manually mark each as a transfer,knowledge,,
104,general,"Food, cooking & groceries",Eating out and takeout,No safe menu items for restrictions,"Diners with celiac disease or allergies walk into restaurants with no idea what they can eat and sometimes have to leave, which makes social meals stressful.",people with allergies or medical diets,weekly,4,4,"calling ahead, eating before going out",forum,https://glutenfreeguidebook.substack.com/p/the-trouble-with-gluten-friendly/comments,walking into restaurants with no idea what they can eat
105,general,"Food, cooking & groceries",Eating out and takeout,Collecting a group takeout order,"Ordering for an office or family means chasing everyone's choices in chat, transcribing them into the app, and then collecting money.",office lunch organizers and families,weekly,3,5,group chat plus a spreadsheet,knowledge,,
106,general,"Food, cooking & groceries",Eating out and takeout,Delivery fees and minimums surprise at checkout,"A takeout order that looked affordable doubles after service fees, delivery charges and tip are added at the last step.",delivery app users,weekly,3,3,"comparing apps, pickup instead",knowledge,,
107,general,"Food, cooking & groceries",Eating out and takeout,Estimating portions when eating out,"People tracking nutrition cannot estimate portion sizes at restaurants, so their logs become guesswork on days they eat out.",people tracking calories or macros,weekly,3,3,"skip logging, guess",forum,https://www.indiehackers.com/post/app-to-help-with-nutrition-meal-tracking-would-you-use-this-8fd18a3137,Portion estimation is a significant pain for nutrition clients who get messy when eating out
108,general,"Food, cooking & groceries",Eating out and takeout,Group restaurant choice lost in chat,"Friends drop map links and opinions into a group chat, the thread scrolls away, and nobody remembers what was agreed when they meet.",friend groups and coworkers eating together,weekly,3,5,one person decides for everyone,forum,https://github.com/Klay376014/what-to-eat/issues/1,"the thread scrolls away, and by the time the group is standing on a street corner nobody remembers what was agreed"
109,general,"Food, cooking & groceries",Eating out and takeout,Splitting the bill with shared dishes,"Dividing a restaurant bill fairly when people shared appetizers, drank differently and want tax and tip included requires awkward math at the table.",groups dining out,weekly,3,5,"split evenly, Venmo requests later",article,https://kirbyyardley.substack.com/p/splithero-a-ux-case-study-d046141d55cd,"Splitting a bill may require intense calculations, especially ... when you factor in shared dishes and drinks"
110,general,"Food, cooking & groceries",Eating out and takeout,"Too many delivery options, brain freezes","Opening a delivery app to hundreds of restaurants leads to 15-45 minutes of scrolling without deciding, several times a week.",frequent delivery and takeout users,weekly,3,4,ordering the same thing every time,article,https://medium.com/@shaiksameerrrr24/how-i-built-food-decider-the-app-that-solves-what-to-eat-in-30-seconds-2f8c24901f97,"I open the app, see 200 restaurants, and my brain just freezes"
111,general,"Food, cooking & groceries",Eating out and takeout,Remembering what you liked at a restaurant,"Returning to a restaurant, diners cannot remember which dish they loved or hated last time and re-order something disappointing.",regular restaurant goers,monthly,2,4,"photos in camera roll, notes app",knowledge,,
112,general,"Food, cooking & groceries",Grocery lists,List sync fails between household phones,"Shared lists do not update reliably across partners' devices, so one person buys what the other already crossed off or misses new additions.",households sharing a list,weekly,3,5,screenshots and texts,app-review,https://justuseapp.com/en/app/507605066/shopping-list-ease-grocery/reviews,"difficulty setting up sharing, with syncing issues between household members' devices"
113,general,"Food, cooking & groceries",Grocery lists,Shared list only one person updates,"Household shopping lists fail because only one partner adds items, the other never installs the app, and bought staples disappear from the list when they need to recur.",couples and families sharing shopping,weekly,3,4,"texting items, fridge whiteboard",article,https://gethomsy.com/blog/meal-planning/shared-grocery-list-app,A shared grocery list fails when only one person adds to it ... and bought items vanish when they need to recur
114,general,"Food, cooking & groceries",Grocery lists,Shopping list rebuys food already at home,"Auto-generated grocery lists from meal plans ignore what is already in the fridge or pantry, so people buy duplicates of onions, rice and herbs that then go to waste.",anyone generating lists from recipes,weekly,3,4,manually cross out items after checking the fridge,article,https://www.summitplate.com/blog/best-meal-planning-app-with-grocery-list,asks what you already have so the list does not rebuy food that needs using
115,general,"Food, cooking & groceries",Grocery lists,"Accidentally deleting list items, no undo","Swiping to check off an item deletes it instead, and with no undo the item is forgotten at the store.",grocery list app users,weekly,2,5,re-typing from memory,app-review,https://justuseapp.com/en/app/331302745/listonic-grocery-shopping-list/reviews,"can lead to accidental deletions, and there isn't an undo button"
116,general,"Food, cooking & groceries",Grocery lists,List not organized by store aisle,"Items on the list are in the order they were added, so shoppers zigzag across the store and backtrack for things they missed.",in-store grocery shoppers,weekly,2,5,manually reordering or memorizing the store layout,article,https://gethomsy.com/blog/meal-planning/shared-grocery-list-app,items aren't organized by store section
117,general,"Food, cooking & groceries",Grocery lists,Repeated ingredients not merged on list,"When several recipes in a week call for the same ingredient, the list shows it multiple times in different units instead of one combined, shop-ready quantity.",people planning multiple recipes per week,weekly,2,5,mental math in the aisle,article,https://www.foodieprep.ai/blog/meal-planning-apps-with-builtin-grocery-lists-a-2026-sidebyside-review,"Repeated onions, rice, herbs, and proteins should collapse into one shop-ready quantity"
118,general,"Food, cooking & groceries",Grocery lists,Voice assistant list additions break,"People rely on shouting 'add milk to the list' at a smart speaker while cooking, and when the integration breaks the item never reaches the list.",smart speaker owners,weekly,2,4,"Siri, or walking to the phone",article,https://www.pann-app.com/blog/anylist-review,The Alexa skill for AnyList has been broken for most users since March 2026
119,general,"Food, cooking & groceries",Grocery shopping,Delivery substitutions are wildly wrong,"Grocery delivery shoppers replace out-of-stock items with unrelated products, and the app shows them substitutes the customer never chose.",online grocery delivery customers,weekly,4,4,"mark 'no substitutions', refund requests",reddit-quoted,https://www.cheapism.com/instacart-shopping-fails-according-redditors/,Instacart is notorious for showing us replacements that you guys didn't choose
120,general,"Food, cooking & groceries",Grocery shopping,Grocery stress drives 'struggle meals',"Rising food costs make people scramble for cheap meals from few ingredients, but they have no easy way to plan a week under a fixed budget.",households on tight budgets,weekly,4,4,"searching 'struggle meals', rice and beans",article,https://www.aol.com/articles/more-people-searching-struggle-meals-164650215.html,More people searching for 'struggle meals' as grocery 'stress' continues
121,general,"Food, cooking & groceries",Grocery shopping,Grocery prices change unnoticed,"Shoppers cannot tell whether their usual items got more expensive or which store is cheaper this week, so the bill creeps up.",budget-conscious shoppers,weekly,3,4,"keeping receipts, spreadsheet price books",article,https://groceriestracker.com/blog/best-grocery-budget-apps-2026,helps you spot when your usual items get more expensive
122,general,"Food, cooking & groceries",Grocery shopping,Items go out of stock after ordering,"Online orders arrive missing key ingredients because stock changed between ordering and picking, leaving a planned recipe unmakeable.",online grocery customers,weekly,3,4,extra trip to the store,app-review,https://capterra.com/p/229777/Instacart/reviews/,things can go out of stock between ordering and delivery
123,general,"Food, cooking & groceries",Grocery shopping,Reading labels for allergens takes forever,"Shoppers with allergies or diets must read every ingredient list in the aisle, and reformulated products catch them out.","people with allergies, vegans, celiacs",weekly,3,4,buying the same brands forever,knowledge,,
124,general,"Food, cooking & groceries",Grocery shopping,Which store carries which item,"Specialty ingredients are only stocked at certain stores, and shoppers make wasted trips or cannot remember where they found them last time.",cooks using international or specialty ingredients,monthly,3,4,"calling stores, memory",knowledge,,
125,general,"Food, cooking & groceries",Grocery shopping,Comparing unit prices across pack sizes,"Shelf labels use inconsistent units and promotions, so deciding whether the multipack or the loose item is cheaper takes calculator work in the aisle.",price-conscious shoppers,weekly,2,4,phone calculator,knowledge,,
126,general,"Food, cooking & groceries",Grocery shopping,Fragmented loyalty apps and digital coupons,"Each store has its own app where coupons must be clipped in advance, and shoppers forget to clip or cannot find the coupon at checkout.",grocery shoppers using loyalty programs,weekly,2,3,"clipping everything, giving up on coupons",knowledge,,
127,general,"Food, cooking & groceries",Leftovers and food waste,Date labels cause premature tossing,"Confusion between best-before, sell-by and use-by dates leads people to throw out meat, dairy and produce that is still fine.",all grocery shoppers,weekly,3,4,throw it out to be safe,article,https://refed.org/uploads/consumer-food-waste-report-2025-final.pdf,Leftover waste/spoilage and overreliance on date labels are identified as two of the primary contributors to food waste
128,general,"Food, cooking & groceries",Leftovers and food waste,Food wasted despite trying not to,"Nearly everyone says they try to avoid waste, yet most still throw food away weekly because they lose track of what they have and when it spoils.",typical households,weekly,3,4,none,article,https://olioapp.com/business/2026/03/09/90-of-people-try-not-to-waste-food-so-why-are-we-still-throwing-it-away/,"9 in 10 respondents say they actively try to avoid wasting food, only 18% reported throwing away nothing"
129,general,"Food, cooking & groceries",Leftovers and food waste,Forgotten leftovers found weeks later,"Leftovers get pushed to the back of the fridge, forgotten, and thrown out once discovered, wasting both the food and the effort of cooking it.",anyone who cooks at home,weekly,3,4,"clear containers, tape labels with dates",article,https://www.seattle.gov/utilities/environment-and-conservation/my-home/reduce-food-waste/love-your-leftovers,"two reasons we end up throwing out our leftovers: we forget about them, or we get bored"
130,general,"Food, cooking & groceries",Leftovers and food waste,Leftovers nobody wants to eat,"Households cook too much of a dish, nobody wants to eat the same thing again, and the leftovers sit until they are thrown away.",families cooking large batches,weekly,3,3,"freeze portions, eat it anyway",article,https://www.feedstuffs.com/market-news/survey-finds-u-s-households-waste-6-2-cups-of-food-per-week,People who frequently throw out leftovers because no one wants to eat them estimate wasting approximately 12 cups of food each week
131,general,"Food, cooking & groceries",Leftovers and food waste,Half a bunch of herbs rots,"Recipes call for a handful of cilantro or parsley but stores sell whole bunches, so the rest turns to mush in the fridge every time.",home cooks buying fresh herbs and produce,weekly,2,3,"jar of water in fridge, freezing chopped herbs",forum,https://www.hungryonion.org/t/i-can-never-seem-to-get-through-a-bunch-of-cilantro-before-it-goes-bad/5170,I can never seem to get through a bunch of cilantro before it goes bad
132,general,"Food, cooking & groceries",Leftovers and food waste,Not knowing if leftovers are still safe,"People cannot remember when a container was cooked and guess whether 3-4 days have passed, erring on throwing it out.",households storing leftovers,weekly,2,4,"sniff test, masking tape dates",article,https://www.nbcnews.com/better/lifestyle/guide-leftovers-how-store-them-safely-when-toss-them-ncna868316,cooked leftovers are good in the fridge for 3 to 4 days
133,general,"Food, cooking & groceries",Meal planning,ADHD makes planning and cooking overwhelming,"People with ADHD find the chain of deciding, shopping, prepping and cooking from scratch too many steps, so they skip meals or default to takeout.",adults with ADHD or executive-function difficulties,daily,4,4,limit cooking from scratch to a few nights,article,https://jennyedenberkmsed.substack.com/p/cooking-and-meal-planning-for-distractible,limit the number of workday evenings they have to create meals from scratch
134,general,"Food, cooking & groceries",Meal planning,Dinner decision fatigue every evening,"By dinner time people are too mentally drained to decide what to cook, so the question 'what's for dinner' is dreaded daily and often ends in takeout.",working adults and parents,daily,4,4,"weekly formulas like Taco Tuesday, meal kits, takeout",article,https://www.businesswire.com/news/home/20250127681988/en,46% of Americans admitting they would willingly ditch social media forever just to escape the hassle of planning meals
135,general,"Food, cooking & groceries",Meal planning,Same three meals for picky household,"The household cook is stuck making the same few meals over and over because family members reject everything else, and gets fed up.",parents and partners cooking for picky eaters,daily,4,3,cook separate meals or stop cooking for them,reddit-quoted,https://creators.yahoo.com/lifestyle/story/she-stopped-cooking-for-her-picky-husband-and-son-and-the-internet-is-cheering-her-on-085452743.html,she got fed up making the same three meals again and again
136,general,"Food, cooking & groceries",Meal planning,Sole cook burnout for the family,"One person carries the full mental load of planning and cooking every meal for a household where nobody else cooks, and finds it exhausting.",primary household cooks,daily,4,3,none,article,https://www.foxnews.com/food-drink/woman-finds-meal-prep-exhausting-slammed-not-cooking-fancier-foods.amp,the responsibility of cooking and meal prep as honestly exhausting
137,general,"Food, cooking & groceries",Meal planning,Conflicting dietary needs in one household,"One family member needs calorie-dense food, another wants vegetables, another has an allergy, and planning a single dinner that satisfies everyone is a weekly headache.",families with mixed diets,weekly,3,4,"cooking multiple variants, or ignoring some needs",article,https://erinhmoon.substack.com/p/lil-treasures-108-giveaways/comments,meal planning that is not boring and meets all their family's needs
138,general,"Food, cooking & groceries",Meal planning,Couples argue over what to eat,"Partners repeatedly get stuck in 'I don't know, what do you want?' loops and the nightly negotiation over dinner becomes a source of friction.",couples and cohabiting partners,daily,3,4,"one person always decides, or coin flips",article,https://getsync.substack.com/p/meal-planning,Deciding what to eat can sometimes feel like a major negotiation between partners
139,general,"Food, cooking & groceries",Meal planning,Meal plan breaks with irregular schedules,"Shift work, late meetings and other household members unexpectedly cooking make a plan made on Sunday useless by Wednesday.",shift workers and busy families,weekly,3,4,"stop planning, freeze extra portions",article,https://healthunlocked.com/weight-loss-support/posts/130666854/struggling-with-planning,Shift patterns and unpredictability from other household members cooking make advance planning difficult
140,general,"Food, cooking & groceries",Meal planning,Meal planners cannot rotate own recipes,"People want a fixed set of their own recipes to rotate every few weeks and produce a weekly shopping list, but existing planners are rigid, diet-specific and overcomplicated.",home cooks who plan weekly dinners,weekly,3,5,"spreadsheets, paper lists, or abandoning planning apps",hn,https://news.ycombinator.com/item?id=32316604,"a list of recipes which I rotate round every 4-6 weeks, which then creates a shopping list each week, minus any ingredients I still have"
141,general,"Food, cooking & groceries",Meal planning,Packing varied school lunches daily,"Parents run out of lunchbox ideas the child will actually eat, and end up packing the same sandwich every day.",parents of school-age children,daily,3,4,"Pinterest, repetition",knowledge,,
142,general,"Food, cooking & groceries",Meal planning,Meal plan ignores nights out,"A weekly plan does not account for a dinner out or late meeting, so an ingredient bought for that night spoils.",people with active social calendars,weekly,2,5,checking the calendar manually,knowledge,,
143,general,"Food, cooking & groceries",Pantry and inventory,Bulk purchases expire before use,"Warehouse-club packs of yogurt, bread or produce are bigger than the household can eat, and half is thrown out.",warehouse-club and bulk shoppers,monthly,3,3,"freezing, splitting with neighbors",knowledge,,
144,general,"Food, cooking & groceries",Pantry and inventory,Running out of staples unnoticed,"Coffee, rice or toilet-paper-level basics run out at the worst moment because nobody notices the last one being used.",households,weekly,3,4,"keeping a backup, emergency store runs",knowledge,,
145,general,"Food, cooking & groceries",Pantry and inventory,Buying duplicates of pantry staples,"Unsure whether there is cumin or soy sauce at home, shoppers buy another and end up with three open bottles.",all home cooks,weekly,2,4,photographing the pantry before shopping,knowledge,,
146,general,"Food, cooking & groceries",Pantry and inventory,Not knowing what is in the freezer,"Frozen portions and meats pile up unlabelled, so people cannot tell what is there or how old it is and buy more of the same.",households with a chest or drawer freezer,weekly,2,4,"masking tape labels, occasional clear-outs",knowledge,,
147,general,"Food, cooking & groceries",Pantry and inventory,Opened condiments of unknown age,"Jars and sauces are opened, pushed into the fridge door and nobody knows if they were opened last month or last year.",households,monthly,2,4,"guessing, writing dates on lids",knowledge,,
148,general,"Food, cooking & groceries",Recipes and cooking,Forgetting to thaw meat in time,Dinner plans fall apart because the chicken is still frozen at 6pm; nobody remembered to move it to the fridge the night before.,households cooking from frozen,weekly,3,5,"cold-water thaw, takeout",knowledge,,
149,general,"Food, cooking & groceries",Recipes and cooking,Meal prep boredom by midweek,Batch-cooked Sunday meals taste fine on Monday but by Thursday people are sick of them and order takeout anyway.,meal preppers,weekly,3,3,prep components instead of full meals,article,https://www.vice.com/en/article/a-deep-dive-into-the-intense-world-of-the-rmealprepsunday-subreddit/,"who would want to eat leftovers all day, every day, for a week straight"
150,general,"Food, cooking & groceries",Recipes and cooking,Missing one ingredient mid-recipe,Halfway through cooking the cook discovers they lack buttermilk or an herb and does not know what substitute will work.,home cooks,weekly,3,4,"frantic web search, skip the ingredient",knowledge,,
151,general,"Food, cooking & groceries",Recipes and cooking,Nutrition unknown for home-cooked meals,"People tracking macros cannot easily get per-serving nutrition for a recipe they cooked themselves, so they log estimates.",calorie and macro trackers,daily,3,4,entering each ingredient manually,knowledge,,
152,general,"Food, cooking & groceries",Recipes and cooking,Planners reject your own family recipes,"Meal planning apps only work with their own recipe database, so people with established family recipes cannot use them to plan or shop.",cooks with personal recipe collections,weekly,3,5,manual lists,forum,https://www.indiehackers.com/post/roast-our-ai-meal-planning-app-3ae7250940,apps that only offer recipes from their own database don't work for users who have their own established recipes
153,general,"Food, cooking & groceries",Recipes and cooking,Recipes that simply do not work,"Online recipes contain errors or missing steps, so people must read comments first to find out whether a recipe actually works and what to fix.",home cooks trying new recipes,weekly,3,3,"reading comments, sticking to trusted authors",article,https://nishachittal.substack.com/p/the-online-recipe-debate,"reading the comments on online recipes before making them to try and catch errors, omissions"
154,general,"Food, cooking & groceries",Recipes and cooking,Scrolling past life stories for recipes,"Online recipes bury ingredients and steps under ads, autoplay videos and long personal essays, which is maddening with wet hands mid-cook.",anyone cooking from online recipes,weekly,3,5,"jump-to-recipe buttons, reader mode, recipe extractors",article,https://www.goodreads.com/author_blog_posts/16368856-six-of-the-worst-things-about-recipe-websites,Spare me the ads and the boring life stories about your grandma and hurry up and just give me the recipe
155,general,"Food, cooking & groceries",Recipes and cooking,Timing several dishes to finish together,"Cooking a meal with three components means juggling start times so everything is hot at once, and something usually ends up cold or burnt.",people cooking multi-dish meals or hosting,weekly,3,4,"multiple phone timers, scribbled schedules",knowledge,,
156,general,"Food, cooking & groceries",Recipes and cooking,Inconsistent cup-to-gram conversions,"Cookbooks and sites disagree on what a cup of flour weighs, and scaling volume recipes up or down yields awkward fractions and failed bakes.",bakers and cooks using foreign recipes,weekly,2,4,"conversion charts, guessing",article,https://davidlebovitz.substack.com/p/measuring-cups,metric conversions for 1 cup of flour run the gamut ... ranging from 120 grams to 142 grams
157,general,"Food, cooking & groceries",Recipes and cooking,Phone screen locks mid-recipe,"While cooking with messy hands the phone locks or the page scrolls away, and the cook cannot see the next step or amount.",people cooking from a phone,weekly,2,5,"propping the phone, tapping with a knuckle",knowledge,,
158,general,"Food, cooking & groceries",Recipes and cooking,Recipes from scraps of paper and screenshots,"Family recipes live on index cards, screenshots, browser bookmarks and texts from mom, so finding the right one takes longer than cooking.",home cooks with scattered recipe collections,weekly,2,5,"notes app, photo album",knowledge,,
159,general,"Food, cooking & groceries",Recipes and cooking,Saved social media recipes never cooked,"People save dozens of TikTok and Instagram recipes, but the saves are just pointers to posts that vanish and are never surfaced when planning dinner.",social media users who cook,weekly,2,5,"screenshots, Collections folders",article,https://www.vimafitness.com/blog/save-recipes-from-tiktok-instagram/,"of the people who save those recipes, only about a third say they always or often actually make them"
160,general,"Food, cooking & groceries",Recipes and cooking,Scaling a recipe for one or eight,"Recipes serve four, but the cook lives alone or is hosting eight, and scaling every ingredient, pan size and cooking time by hand invites errors.",singles and hosts,weekly,2,5,"mental math, making too much",knowledge,,
161,general,"Food, cooking & groceries",Shared households,Groceries gone before you touch them,"Food bought for a planned meal is eaten by a roommate or their guest before it can be cooked, ruining the plan and the budget.",people in shared housing,weekly,4,3,"locking freezers, confrontation",reddit-quoted,https://www.aol.com/articles/man-says-roommate-eats-groceries-230000805.html,Roommate Eats All His Groceries Before He Has a Chance to Even 'Touch Them'
162,general,"Food, cooking & groceries",Shared households,"Roommate uses shared staples, never replaces","In shared kitchens milk, eggs and coffee get used by others without being replaced, and there is no record of who bought what.",renters with roommates,weekly,3,4,"labels, fridge dividers, mini fridges",reddit-quoted,https://www.newsweek.com/roommate-fridge-conflict-viral-reddit-2125192,"kept 'accidentally' using shared items like milk, eggs, and coffee without consistently replacing them"
163,general,"Food, cooking & groceries",Shared households,Splitting grocery costs between roommates,"Shared groceries are bought by whoever goes to the store, and settling who owes what for shared versus personal items is a monthly argument.",roommates and shared households,monthly,3,5,"Splitwise, rough estimates",knowledge,,
164,general,"Health, fitness & sleep",Exercise motivation,Losing motivation after a missed week,"One missed week from travel or illness breaks the streak and the habit, and most people never restart the routine.",casual exercisers,monthly,4,3,none,knowledge,,
165,general,"Health, fitness & sleep",Exercise motivation,Finding a workout partner with matching schedule,"Exercising alone is easy to skip, but finding someone nearby at the same level and free at the same hours is hard.",people who train better with accountability,weekly,3,3,ask friends or pay a trainer,knowledge,,
166,general,"Health, fitness & sleep",Exercise motivation,Neglecting physio exercises between sessions,"Physiotherapists hand out a sheet of rehab exercises and patients forget the form, the reps and to do them at all.",people recovering from injury,daily,3,4,paper handout on the fridge,knowledge,,
167,general,"Health, fitness & sleep",Exercise motivation,Sitting all day without moving,"Remote and desk workers go hours without standing, stretching or walking and only notice when their back hurts at night.",desk-bound office and remote workers,daily,3,4,watch stand reminders that get ignored,knowledge,,
168,general,"Health, fitness & sleep",Food & weight tracking,Ads interrupt every food log,"Logging a single meal in a free calorie tracker means sitting through a full-screen, unskippable video ad, so people log less or give up.",people counting calories on free-tier apps,daily,4,5,"pay for premium, switch apps, or stop logging",reddit-quoted,https://nutrola.app/en/blog/what-does-reddit-think-about-calorie-tracking-apps-2026,I'm trying to log my lunch and I'm watching a 30-second ad for candy bars.
169,general,"Health, fitness & sleep",Food & weight tracking,Daily manual logging becomes unsustainable,Entering every meal and workout by hand takes so much effort that most people abandon the app within a month or two.,anyone starting a health-tracking habit,daily,4,4,log sporadically or quit,article,https://www.ready4s.com/blog/7-things-people-hate-in-fitness-apps,"hard for users to spend time logging their food every single day, which is why many users abandon these apps"
170,general,"Health, fitness & sleep",Food & weight tracking,Duplicate food entries with conflicting calories,"Searching for a common food returns dozens of user-submitted entries with wildly different calorie counts, and you never know which one is right.",anyone using a crowd-sourced food database,daily,4,4,pick the entry with the most confirmations or type the label by hand,reddit-quoted,https://nutrola.app/en/blog/what-does-reddit-think-about-calorie-tracking-apps-2026,the same food can have wildly different calorie counts depending on which entry you select
171,general,"Health, fitness & sleep",Food & weight tracking,Barcode scan returns stale nutrition data,"Manufacturers reformulate products but the barcode stays the same, so the scanner silently logs last year's calories and macros.",people tracking macros closely for weight loss,daily,3,4,compare scan result to the physical label every time,article,https://nutrola.app/en/blog/myfitnesspal-barcode-scanner-not-accurate-better-options-2026,"the barcode often stays the same, and the old MyFitnessPal entry does not get updated"
172,general,"Health, fitness & sleep",Food & weight tracking,Basic logging features moved behind paywall,"Features people relied on daily, like barcode scanning and macro goals, got removed from the free tier, breaking an established habit.",long-time free users of calorie trackers,daily,3,4,migrate to another app and lose history,app-review,https://unstar.app/app/com.myfitnesspal.android?country=au&platform=android,essential features like barcode scanning now requiring a paid subscription
173,general,"Health, fitness & sleep",Food & weight tracking,Daily scale fluctuations feel like failure,"Weight swings two or three pounds day to day from water and salt, so a single weigh-in hides the real trend and demoralizes people who are actually losing.",people trying to lose or gain weight,daily,3,5,"weigh weekly only, or keep a spreadsheet with a moving average",knowledge,,
174,general,"Health, fitness & sleep",Food & weight tracking,Eating out with no nutrition info,"Independent restaurants and takeaway have no listed calories, so a single dinner out blows up a whole day of careful tracking.",calorie counters who eat out weekly,weekly,3,3,pick a generic entry and hope,knowledge,,
175,general,"Health, fitness & sleep",Food & weight tracking,Logging home-cooked meals and leftovers,A pot of stew split over four days has no barcode; estimating a portion of a mixed recipe is guesswork and people give up on accuracy.,people who cook at home and track intake,daily,3,4,enter a rough guess or a similar restaurant item,knowledge,,
176,general,"Health, fitness & sleep",Hydration,Hydration reminders not worth the effort,"Persistent nagging plus the effort of tapping a glass each time outweighs any benefit, so nobody keeps hydration tracking up.",anyone who has tried a water tracker,daily,3,4,keep a marked bottle on the desk,article,https://nuunlife.com/blogs/news/get-the-scoop-on-water-tracking-apps,no one felt the use of these water tracking apps were worth the effort it took to use them
177,general,"Health, fitness & sleep",Hydration,Ad before logging one glass,"A long ad plays each time the app opens, just to record a single glass of water.",free-tier water tracker users,daily,2,5,log less often,app-review,https://play.google.com/store/apps/details?id=com.mobilecreatures.drinkwater&hl=en_US,long ads they have to wait for every time they open the app to track just one glass of water
178,general,"Health, fitness & sleep",Hydration,Hydration target ignores heat and exercise,"Fixed daily water goals do not change on a hot day or after a long run, so the target is either too low or feels arbitrary.",active people and outdoor workers,daily,2,4,drink to thirst,knowledge,,
179,general,"Health, fitness & sleep",Hydration,Water app scolds for batch logging,"Logging the day's water in one go at night gets you told off for 'drowning your plant', so the gamification punishes the honest user.",people who log hydration retrospectively,daily,2,5,stop using the app,article,https://nuunlife.com/blogs/news/get-the-scoop-on-water-tracking-apps,"the app would chastise them for ""drowning"" their plant"
180,general,"Health, fitness & sleep",Hydration,Water reminder hijacks the whole screen,"Hydration reminders open the full app instead of showing a normal notification, interrupting whatever you were doing.",people using water-reminder apps at work,daily,2,5,turn reminders off,app-review,https://justuseapp.com/en/app/653031147/waterminder-water-tracker/reviews,the whole app opens up on the display instead of being a normal notification that pops up
181,general,"Health, fitness & sleep",Medication,Managing a parent's medication list remotely,"Adult children coordinating an elderly parent's ten prescriptions across several doctors and pharmacies have no shared, current list of what, when and why.",family caregivers,weekly,5,4,shared note or paper list that goes stale,knowledge,,
182,general,"Health, fitness & sleep",Medication,Complex dosing schedules are confusing,"Tapering steroids, alternate-day doses or 'take with food, two hours from the other one' rules are impossible to hold in your head.",patients on multiple or tapered medications,daily,4,5,handwritten chart on the fridge,knowledge,,
183,general,"Health, fitness & sleep",Medication,Missed doses go unnoticed for days,"With no feedback loop, people discover they skipped their thyroid or blood pressure medication for two days only when they feel off.",people on long-term daily medication,monthly,4,5,check the pill box count,forum,https://healthunlocked.com/thyroiduk/posts/151025567/didn-t-take-levo-for-two-days-forgot-them,Didn't take levo for two days (forgot them)
184,general,"Health, fitness & sleep",Medication,Running out before the refill arrives,"Refills need requesting days ahead, but people only notice the bottle is empty on the last pill and then miss doses waiting for the pharmacy.",people on repeat prescriptions,monthly,4,5,calendar reminder set by hand,knowledge,,
185,general,"Health, fitness & sleep",Medication,Unsure whether today's pill was taken,"Halfway through the morning you cannot remember if you already took the tablet, and both skipping and double-dosing are risky.",anyone on a daily medication,weekly,4,5,pill organizer with day compartments,article,https://www.medicalnewstoday.com/articles/drugs-did-i-take-my-medication,"If you're unsure whether you've taken your medication, talk with your doctor or pharmacist before taking another dose."
186,general,"Health, fitness & sleep",Medication,Medication reminders for time-zone travel,"Crossing time zones, it is unclear whether to take the pill at local 8am or home 8am, and fixed reminders fire at the wrong hour.",travelers on timed medication,occasional,3,5,keep the phone on home time,knowledge,,
187,general,"Health, fitness & sleep",Medication,Side effects not linked to medication changes,"A new headache or nausea starts and nobody remembers that a dose was changed three weeks ago, so cause and effect never get connected.",people starting or adjusting medication,monthly,3,4,none,knowledge,,
188,general,"Health, fitness & sleep",Sleep,Bedtime keeps drifting later,"Without a cue, scrolling pushes bedtime later each night until the week's sleep debt is huge and mornings are miserable.",night owls and phone scrollers,daily,4,3,phone alarms that get dismissed,knowledge,,
189,general,"Health, fitness & sleep",Sleep,Not knowing why sleep was bad,"Some nights are terrible and some fine, but caffeine timing, alcohol, late screens, exercise and stress are never lined up against the sleep data to show what mattered.",people with inconsistent sleep,daily,4,4,guess,article,https://www.callondoc.com/en/blogs/sleep-tracking-guide-how-to-monitor-your-sleep-and-improve-insomnia,
190,general,"Health, fitness & sleep",Sleep,Shift work wrecks sleep schedule planning,"Rotating shifts make it unclear when to sleep, nap and stop drinking coffee for each new rotation, and generic sleep advice assumes a 9-to-5.","nurses, factory and hospitality shift workers",weekly,4,4,none,knowledge,,
191,general,"Health, fitness & sleep",Sleep,Manual sleep diary is tedious,"Doctors ask for a two-week sleep diary of bed time, wake time and awakenings, but filling it in by hand each morning is easily forgotten.",people being assessed for insomnia,daily,3,5,paper diary from the clinic,article,https://www.sleepfoundation.org/sleep-diary,
192,general,"Health, fitness & sleep",Sleep,Sleep tracker scores cause sleep anxiety,"Seeing a bad sleep score in the morning makes people feel worse and lie awake worrying about the next number, a pattern now called orthosomnia.",wearable owners with light sleep issues,daily,3,3,stop wearing the device at night,article,https://en.wikipedia.org/wiki/Orthosomnia,
193,general,"Health, fitness & sleep",Sleep,Snoozing through the alarm repeatedly,"Hitting snooze five times means waking late and groggy, and standard alarms do nothing to break the loop.",heavy sleepers,daily,3,4,put the phone across the room,knowledge,,
194,general,"Health, fitness & sleep",Symptoms & doctor visits,Booking an appointment is a hassle,"Getting an appointment means phone queues and callbacks during work hours, and many people simply skip care rather than deal with it.",working adults needing routine care,monthly,4,4,call during lunch break and hope,article,https://www.notablehealth.com/blog/notable-survey-61-of-patients-skip-medical-appointments-due-to-scheduling-hassles,61% of patients skip medical appointments due to scheduling hassles
195,general,"Health, fitness & sleep",Symptoms & doctor visits,Forgetting symptoms before the appointment,"By the time the visit comes, the pattern of symptoms over the past weeks is a blur, so the doctor gets a vague summary.",people with intermittent or chronic symptoms,monthly,4,5,notes app or paper journal,article,https://dev.to/booshpooshy/building-a-health-symptom-tracker-app-from-concept-to-launch-5alm,family members struggle to remember symptoms between doctor visits and communicate effectively with healthcare providers
196,general,"Health, fitness & sleep",Symptoms & doctor visits,Forgetting what the doctor said,"Instructions given verbally in a ten-minute consult are half-forgotten by the time you get home, including dosage changes and follow-up steps.","patients, especially older adults",monthly,4,4,bring a family member to take notes,knowledge,,
197,general,"Health, fitness & sleep",Symptoms & doctor visits,Medical history scattered across providers,"Each clinic has its own portal, so past diagnoses, vaccinations and imaging are spread across logins and nobody has the full record, especially after moving.",people who have changed doctors or moved,occasional,4,3,keep a folder of printouts,knowledge,,
198,general,"Health, fitness & sleep",Symptoms & doctor visits,Spotting triggers for migraines or gut flares,"Migraine, IBS or eczema flare-ups seem random, and without foods, sleep, weather and stress logged side by side the trigger never emerges.",people with trigger-driven chronic conditions,weekly,4,4,"food diary on paper, guessing",knowledge,,
199,general,"Health, fitness & sleep",Symptoms & doctor visits,Test results with no explanation,"Lab results land in the portal before the doctor has looked, full of flagged values and jargon, and no one calls to explain.",patients using online health portals,occasional,4,4,google each value and worry,knowledge,,
200,general,"Health, fitness & sleep",Symptoms & doctor visits,Tracking a child's fever overnight,Parents up at 3am cannot recall the last temperature reading or when the last dose of paracetamol was given.,parents of young children,occasional,4,5,scribbled notes on a receipt,knowledge,,
201,general,"Health, fitness & sleep",Symptoms & doctor visits,Forgetting questions in the exam room,"Sitting in a paper gown, people forget every question they meant to ask and remember them in the car park.",anyone at a doctor visit,monthly,3,4,write a list on paper beforehand,article,https://www.health.harvard.edu/press_releases/get-the-most-out-of-a-visit-to-the-doctor,it's easy to forget all the questions that brought you in to see the doctor in the first place
202,general,"Health, fitness & sleep",Symptoms & doctor visits,Overdue checkups and screenings,"Dental cleanings, eye tests, smear tests and vaccine boosters each have their own interval and quietly slip years overdue.",adults managing their own preventive care,occasional,3,5,wait for the clinic to send a letter,knowledge,,
203,general,"Health, fitness & sleep",Symptoms & doctor visits,Unpredictable waiting-room time,"Patients wait an average of nearly half an hour past their slot with no idea how long it will be, making it hard to plan work around visits.",anyone with in-person appointments,monthly,3,3,block out the whole morning,article,https://www.softwareadvice.com/resources/patient-pain-points/,an average of 28.8 minutes waiting before they can see a doctor
204,general,"Health, fitness & sleep",Symptoms & doctor visits,Parking and commute stress for appointments,"Finding the right building, parking and department at a hospital campus adds stress and lateness to every visit.",patients at large clinics and hospitals,monthly,2,3,leave an hour early,article,https://www.softwareadvice.com/resources/patient-pain-points/,32% say commute-related issues are a top pain point for in-person medical appointments
205,general,"Health, fitness & sleep",Workout logging,Years of workout history can't be exported,"When a workout app shuts down, changes pricing or gets abandoned, users discover there is no way to export years of logged lifts.",long-term strength trainees,occasional,4,5,manually copy PRs into a spreadsheet,reddit-quoted,https://setgraph.app/ai-blog/best-workout-tracker-app-reddit,Reddit is full of frustrated users who lost years of data due to not checking data export policies upfront
206,general,"Health, fitness & sleep",Workout logging,"Equipment taken, need substitute exercise",The planned machine or rack is occupied and you have to improvise an equivalent exercise on the spot without knowing what matches.,people training in busy commercial gyms,weekly,3,4,"wait, or skip the exercise",knowledge,,
207,general,"Health, fitness & sleep",Workout logging,Fitness data scattered across devices,"Runs live in one app, lifts in another, steps on the watch and weight on a smart scale; nothing shows the full picture together.",people with several fitness apps and wearables,weekly,3,4,manual spreadsheet or ignore some sources,knowledge,,
208,general,"Health, fitness & sleep",Workout logging,Logging a set takes too many taps,"Entering weight and reps between sets takes 30 seconds of fiddling while tired, which ruins rest timing and makes people skip logging.",gym-goers who log every set,weekly,3,5,log after the workout from memory,article,https://setgraph.app/ai-blog/best-app-to-log-workout-tested-by-lifters,speed matters when logging takes 30 seconds versus 3 minutes per session
209,general,"Health, fitness & sleep",Workout logging,Not knowing when to progress weight,"Without looking back through weeks of logs it is unclear whether you have stalled or should add weight, so progress drifts.",self-coached lifters,weekly,3,5,keep a notebook and eyeball it,knowledge,,
210,general,"Health, fitness & sleep",Workout logging,"Too many options, no clear guidance",Fitness apps offer hundreds of programs and settings but never tell a beginner what to actually do today or how to eat around it.,beginners starting to exercise,weekly,3,4,ask friends or follow random YouTube routines,app-review,https://apps.apple.com/app/id1208224953,overwhelm them with too many options and fail to provide clear guidance on nutrition
211,general,"Health, fitness & sleep",Workout logging,Workout app useless without gym signal,"Basement and warehouse gyms have no reception, and apps that require connectivity to load a routine or save a set fail right when you need them.",lifters training in gyms with poor signal,weekly,3,5,screenshot the plan or write it on paper,article,https://setgraph.app/ai-blog/best-app-to-log-workout-tested-by-lifters,Apps that require constant connectivity become frustrating in basement gyms
212,general,"Health, fitness & sleep",Workout logging,Can't name exercise variations separately,"Doing the same movement at different angles or grips in one session, the app treats them as one exercise and the progress history gets muddled.",intermediate lifters with varied programs,weekly,2,5,add notes to each set,app-review,https://play.google.com/store/apps/details?id=gymworkout.gym.gymlog.gymtrainer&hl=en_US,wish they could change the names of certain exercises when doing the same one multiple times at different angles
213,general,"Health, fitness & sleep",Workout logging,Deciphering the plan mid-gym-floor,Standing next to a rack trying to work out what the app means by its prescribed sets and percentages wastes time and looks awkward.,people following programmed training plans,weekly,2,4,pre-calculate weights at home,article,https://zapier.com/blog/best-fitness-tracking-apps/,standing in the middle of the gym trying to figure out what the app is telling you to do
214,general,"Health, fitness & sleep",Workout logging,Forced warm-ups on back-to-back workouts,"Guided workout apps make you repeat the full warm-up for a second class even though you are already warm, and there is no skip.",users of guided video workout apps,weekly,2,5,scrub through the video manually,app-review,https://apps.apple.com/app/id1208224953,can't skip repetitive elements like warm-ups in back-to-back workouts
215,general,"Mental health, habits & focus",Focus & distraction,Freezing when facing a new task,Being overwhelmed by information or a decision leads to total shutdown where nothing gets done at all.,people with ADHD or anxiety,weekly,5,3,waiting for the pressure to become unbearable,article,https://www.healthline.com/health/adhd/what-is-adhd-paralysis,"ADHD paralysis occurring when someone is overwhelmed by information, starting a new task, or making a decision"
216,general,"Mental health, habits & focus",Focus & distraction,Focus apps easy to bypass,"Screen-time limits and site blockers are dismissed with one tap when the urge hits, so they only work when they are not needed.",people trying to cut phone or social media use,daily,4,4,stricter blockers that eventually get uninstalled,article,https://theconversation.com/focus-apps-claim-to-improve-your-productivity-do-they-actually-work-271388,A lack of focus boils down to difficulties with self-regulation
217,general,"Mental health, habits & focus",Focus & distraction,Hyperfocus makes time disappear,"People with ADHD lose hours in one task, miss meals and appointments, and only notice when it is dark outside.",adults with ADHD,weekly,4,4,alarms that get silenced,app-review,https://apps.apple.com/ua/app/adhd-timer-collection/id6634579526,struggle with time blindness and hyperfocus
218,general,"Mental health, habits & focus",Focus & distraction,Losing the thread after an interruption,"A Slack ping or knock at the door wipes working memory, and it takes 15-20 minutes to reconstruct where the task was.",remote and office knowledge workers,daily,4,4,sticky notes with 'where I was',knowledge,,
219,general,"Mental health, habits & focus",Focus & distraction,Not knowing when to START a task,"Time blindness means people know the deadline but misjudge when they must begin, so they are always late or rushed.","adults with ADHD, chronic late-runners",daily,4,5,"leaving early 'just in case', still late",app-review,https://apps.apple.com/us/app/latered/id6757766191,a task app that understands time blindness that shows you when to START tasks
220,general,"Mental health, habits & focus",Focus & distraction,Cannot re-enter deep work after lunch,The afternoon slump plus a full inbox means the second half of the day never reaches real concentration.,office workers,daily,3,3,coffee,knowledge,,
221,general,"Mental health, habits & focus",Focus & distraction,Not knowing where phone hours actually go,At the end of the day people cannot account for the 4-5 hours spent on the phone or which apps ate them.,smartphone users trying to cut usage,daily,3,5,built-in screen time reports rarely opened,article,https://alternativeto.net/software/stay-focused--stay-productive,show how much time you spend on your smartphone
222,general,"Mental health, habits & focus",Focus & distraction,Open browser tabs as anxiety pile,Dozens of tabs kept 'to read later' create constant low-grade stress and make it hard to find the tab actually needed.,"researchers, students, developers",daily,3,4,"tab-grouping extensions, periodic mass close",knowledge,,
223,general,"Mental health, habits & focus",Focus & distraction,Rigid Pomodoro breaks kill flow,"A 25-minute timer buzzes right when concentration finally arrives, and stopping to rest destroys momentum.","developers, writers, students",daily,3,4,ignore the timer or stop using it,knowledge,,
224,general,"Mental health, habits & focus",Habit building,Broken streak collapses the whole system,"Missing a single day resets a habit streak to zero, and the whole routine falls apart after that one miss.",anyone using streak-based habit apps,weekly,4,5,uninstall the app or start a new one,reddit-quoted,https://habitdoom.com/blog/streak-anxiety-habit-trackers,"The streak apps were the worst, break the streak once and the whole system collapsed"
225,general,"Mental health, habits & focus",Habit building,Guilt stacked on top of the missed habit,"After breaking a streak the person feels worse about themselves than before they started tracking, adding guilt to the original problem.",people who tried habit trackers and quit,weekly,4,4,stop tracking altogether,reddit-quoted,https://habitdoom.com/blog/streak-anxiety-habit-trackers,"Like cool, now I have guilt on top of the original problem."
226,general,"Mental health, habits & focus",Habit building,Restarting from zero feels pointless,"After 50+ days of progress, a reset to day one feels so bad that people would rather delete the app than begin again.",long-term habit tracker users,occasional,4,5,uninstall,article,https://habitdoom.com/blog/streak-anxiety-habit-trackers,starting over from zero feels worse than just uninstalling
227,general,"Mental health, habits & focus",Habit building,Building the habit of using the habit app,"People forget to open the tracker itself, so days go unlogged and the record looks like failure even when the habit happened.",casual habit tracker users,daily,3,4,"backfill from memory, often wrongly",knowledge,,
228,general,"Mental health, habits & focus",Habit building,Habit checkbox becomes meaningless tapping,"After a few weeks people tap the box out of reflex without actually doing the habit, so the tracker's data stops meaning anything.",habit tracker users past the first month,daily,3,3,delete the habit and re-add it,knowledge,,
229,general,"Mental health, habits & focus",Habit building,Habits tied to a trigger are never scheduled,"People know 'after coffee, journal' works but their apps only offer fixed clock reminders, which fire at the wrong moment.",people trying to stack habits onto existing routines,daily,3,4,set multiple alarms and dismiss most of them,knowledge,,
230,general,"Mental health, habits & focus",Habit building,No way to log a partial or reduced habit,"A 5-minute walk instead of a 30-minute run counts as a fail in most trackers, so people skip logging rather than record a 'lesser' version.","people building exercise, reading or meditation habits",daily,3,5,mark it done anyway and feel like a cheat,knowledge,,
231,general,"Mental health, habits & focus",Habit building,Routine breaks completely when travelling,"Vacations, illness or a schedule change break every habit at once and there is no gentle 'pause' mode, so people quit.","frequent travellers, shift workers, parents",monthly,3,4,"stop tracking until life settles, often never resuming",knowledge,,
232,general,"Mental health, habits & focus",Habit building,Tracking too many habits at once,"People add 8-12 habits on day one, get overwhelmed by the daily checklist, and abandon all of them within weeks.","new-year resolution makers, self-improvement beginners",daily,3,4,"none, or paring down after burnout",knowledge,,
233,general,"Mental health, habits & focus",Journaling,Expecting daily entries and instant wisdom,"People set an every-day, deep-insight standard, fail it within a week, and conclude journaling is not for them.",journaling beginners,weekly,3,4,quit,article,https://thatjournalingguy.substack.com/p/why-most-people-fail-at-journaling/comments,"trying to write every single day, demanding instant wisdom from themselves"
234,general,"Mental health, habits & focus",Journaling,Journaling lapses because it is optional,"Without a ritual or trigger, journaling is skipped on busy days, then for weeks, until the notebook is abandoned.",people who want to journal,daily,3,4,buying a new notebook and restarting,article,https://anshulkumar.substack.com/p/why-your-journaling-habit-keeps-failing,they need a ritual and to pair it with a trigger to maintain the habit
235,general,"Mental health, habits & focus",Journaling,Nowhere private enough to be honest,"People censor their journal because a partner, roommate or child might read the notebook or unlock the phone.",people sharing homes or devices,weekly,3,4,"write in code, avoid difficult topics",knowledge,,
236,general,"Mental health, habits & focus",Journaling,Fear of ruining the first page,The pristine first page of a new journal is so intimidating that people never write anything at all.,"new journalers, stationery lovers",occasional,2,3,leave the first page blank,article,https://ayachan91.substack.com/p/how-i-start-a-new-journal,Fear of messing up the first page is a real challenge for journalers
237,general,"Mental health, habits & focus",Journaling,Journal app suggestions feel irrelevant,Auto-generated prompts based on photos and locations rarely match what the person actually wants to reflect on.,users of Apple Journal and similar apps,weekly,2,3,ignore prompts and free-write,article,https://www.tomsguide.com/opinion/i-tried-apples-journal-app-for-a-week-heres-what-i-found,
238,general,"Mental health, habits & focus",Journaling,Old entries never get re-read,Years of journal entries sit unread because there is no easy way to surface what was written on a theme or on this day last year.,long-time journalers,monthly,2,5,scrolling back manually,knowledge,,
239,general,"Mental health, habits & focus",Mood tracking,Cannot explain feelings to the doctor,"At appointments people cannot remember how the last month actually went, so they say 'fine' or exaggerate the worst day.",patients with depression or anxiety,monthly,4,5,"notes app, memory",knowledge,,
240,general,"Mental health, habits & focus",Mood tracking,Forgot to log the mood in the moment,"By evening people cannot recall how they felt at noon, and many apps make adding past entries awkward.",mood tracker users,daily,3,5,apps that allow adding past data,article,https://apps.apple.com/qa/app/simple-mood-log/id6449779464,add past data if they forget to record their mood immediately
241,general,"Mental health, habits & focus",Mood tracking,Mood tracker only collects numbers,"Months of daily mood scores produce no insight into what drives good and bad days, so the effort feels pointless.",mood tracker users,daily,3,5,stop logging,article,https://keelwellness.app/blog/why-your-mood-tracker-isnt-helping/,"apps that just collect numbers without providing meaningful insights, meaning users do the work without getting the reward"
242,general,"Mental health, habits & focus",Mood tracking,"Mood, sleep and cycle data live in separate apps","Sleep, exercise, menstrual cycle and mood are tracked in different apps, so people cannot see how they relate.",people investigating mood patterns,weekly,3,5,manual spreadsheets,knowledge,,
243,general,"Mental health, habits & focus",Mood tracking,Upgrade nags on every log,Being asked to go premium at every check-in makes a two-second mood log feel like a sales pitch.,free-tier mood app users,daily,3,4,switch apps,article,https://keelwellness.app/blog/why-your-mood-tracker-isnt-helping/,repeatedly asking to upgrade to paid versions at every interaction
244,general,"Mental health, habits & focus",Mood tracking,"Checked once, then forgotten",Mood apps get opened for a week and then become another icon nobody taps.,people trying mood tracking,weekly,2,4,none,article,https://keelwellness.app/blog/why-your-mood-tracker-isnt-helping/,apps becoming something you check once and forget
245,general,"Mental health, habits & focus",Motivation & procrastination,Big vague task never gets started,A task like 'write the report' sits on the list for weeks because it has no obvious first step and feels too large to begin.,"students, freelancers, knowledge workers",weekly,4,4,panic near the deadline,knowledge,,
246,general,"Mental health, habits & focus",Motivation & procrastination,Late-night bedtime procrastination,"People stay up scrolling to reclaim personal time, know they will regret it tomorrow, and cannot make themselves stop.","working adults, parents",daily,4,3,"phone in another room, rarely enforced",knowledge,,
247,general,"Mental health, habits & focus",Motivation & procrastination,Motivation vanishes after the first week,"A new goal is exciting for days, then the initial energy fades and there is nothing to carry the effort through the boring middle.","anyone starting fitness, learning or side projects",monthly,4,3,restarting with a new plan each time,knowledge,,
248,general,"Mental health, habits & focus",Motivation & procrastination,Not noticing the drift into procrastination,An hour passes before people realise they slid from the task into browsing; nothing interrupts the drift as it happens.,office and remote workers,daily,4,4,random check-in apps or manual timers,article,https://alternativeto.net/software/don-t-waste-today-,a procrastination tracker that will randomly ask if you're procrastinating or not
249,general,"Mental health, habits & focus",Motivation & procrastination,Self-imposed rewards and punishments don't stick,"People invent bribes and penalties to make themselves work, but with no one enforcing them they quietly stop following the rules.",people who struggle to sit down and work,daily,4,4,none that lasts,hn,https://news.ycombinator.com/item?id=16411662,using rewards and punishments to motivate themselves to work
250,general,"Mental health, habits & focus",Motivation & procrastination,"Wanting it done, not wanting to do it","People confuse wanting an outcome with wanting to do the work, then are baffled why they never start.","knowledge workers, students",daily,4,3,forcing themselves with deadlines,hn,https://news.ycombinator.com/item?id=36184605,people often conflate 'wanting something done' with 'wanting to do something'
251,general,"Mental health, habits & focus",Motivation & procrastination,YouTube is the most compelling thing available,"With nothing more engaging planned, hours vanish into YouTube or feeds instead of the intended task.","remote workers, students, solo developers",daily,4,3,site blockers that get disabled,hn,https://news.ycombinator.com/item?id=45085014,you pass the time with stuff like YouTube because that is the most compelling thing available to you
252,general,"Mental health, habits & focus",Motivation & procrastination,No accountability partner available,People want someone to check in with about goals but friends are busy and online accountability groups fizzle within weeks.,"solo learners, freelancers, people working alone",weekly,3,4,posting goals publicly on social media,knowledge,,
253,general,"Mental health, habits & focus",Motivation & procrastination,Productive procrastination hides avoidance,"People clean, organise or reply to email all day and feel busy while the one important scary task stays untouched.","perfectionists, freelancers",daily,3,3,none,knowledge,,
254,general,"Mental health, habits & focus",Stress & anxiety,Burnout builds unnoticed until collapse,"Stress creeps up over months with no early warning, and people only recognise burnout after they crash.","software engineers, healthcare workers",monthly,5,3,periodic self-assessment surveys,article,https://www.strongdm.com/blog/software-engineer-burnout,"Tools like surveys, journals, or self-assessments can monitor stress and burnout levels"
255,general,"Mental health, habits & focus",Stress & anxiety,Panic hits with no plan at hand,During a sudden anxiety spike people cannot remember any coping technique and fumble through apps looking for one.,people with panic or anxiety disorders,weekly,5,4,"call a friend, ride it out",knowledge,,
256,general,"Mental health, habits & focus",Stress & anxiety,3 a.m. rumination loop,"Waking at night with a worry that loops for hours, with no way to park the thought and get back to sleep.",anxious adults,weekly,4,3,notebook by the bed,knowledge,,
257,general,"Mental health, habits & focus",Stress & anxiety,Free trial needs a card and renews silently,"Trials require payment details, renew without warning, and cancelling or getting a refund is a fight.",anyone trying wellness apps,occasional,4,4,calendar reminder to cancel,article,https://www.medicalnewstoday.com/articles/calm-app,canceling their subscription or receiving refunds for erroneous charges is difficult
258,general,"Mental health, habits & focus",Stress & anxiety,Work bleeds into evenings with no boundary,"With laptop and Slack always at hand there is no clear end to the work day, so stress never switches off.",remote workers,daily,4,3,"trying to set rules, rarely kept",article,https://softices.com/blogs/stress-management-strategies-for-software-engineers,"setting clear boundaries between work and personal life, is crucial for preventing burnout"
259,general,"Mental health, habits & focus",Stress & anxiety,Cannot tell which anxiety apps are credible,"Most anxiety apps were built without clinicians and almost none were tested, so users cannot tell useful from junk.",people seeking self-help for anxiety,occasional,3,4,"trial and error, therapist recommendations",article,https://pubmed.ncbi.nlm.nih.gov/28504859/,the majority (67.3%) of currently available anxiety apps were found to lack the involvement of health care professionals
260,general,"Mental health, habits & focus",Stress & anxiety,Forgetting to breathe during a stressful day,People know breathing exercises help but never remember to pause for one until the stress has already peaked.,"office workers, caregivers",daily,3,4,reminder apps like iBreathe,article,https://marinette.extension.wisc.edu/covid-19-resources/mental-health-apps/,you can set reminders to take breathing breaks throughout your day
261,general,"Mental health, habits & focus",Stress & anxiety,Losing track of what worked last time,"People forget which coping strategies actually helped in past bad weeks, so each episode starts from scratch.",people managing recurring anxiety or low mood,monthly,3,5,none,knowledge,,
262,general,"Mental health, habits & focus",Stress & anxiety,Meditation app paywalls before you can try,Free tiers are so thin that people hit the paywall before they know whether the app helps at all.,people trying meditation for anxiety,occasional,3,4,YouTube guided meditations,article,https://unstar.app/blog/mental-health-app-reviews-what-users-say-about-wellbeing-apps-2026,Headspace was great when it had a meaningful free tier. Now you can barely try it before hitting the paywall
263,general,"Mental health, habits & focus",Stress & anxiety,Subscription cost itself causes anxiety,"Paying high yearly fees for an anxiety app feels wrong and creates money worry, undermining the point of using it.",budget-conscious users with anxiety,monthly,3,3,cancel and rely on free breathing exercises,article,https://unstar.app/blog/mental-health-app-reviews-what-users-say-about-wellbeing-apps-2026,the subscription prices give them anxiety
264,general,"Mental health, habits & focus",Stress & anxiety,Sunday-evening dread with no outlet,Anxiety about the coming work week ruins Sunday nights every week and there is no structured way to defuse it.,employees in stressful jobs,weekly,3,3,"distraction, alcohol",knowledge,,
265,general,"Mental health, habits & focus",Stress & anxiety,Therapy homework forgotten between sessions,"Worksheets and exercises assigned in therapy are lost or forgotten, so each session restarts the same conversation.",therapy clients,weekly,3,5,"paper handouts, phone notes",knowledge,,
266,general,"Mental health, habits & focus",Stress & anxiety,Too much content to choose from,"Hundreds of meditations and sleep stories make the app menu overwhelming, so a stressed person gives up before picking one.",stressed users of large wellness apps,weekly,3,4,replay the same one session,article,https://psychcentral.com/reviews/headspace-vs-calm,Calm's menus can feel a bit crowded sometimes due to the massive amount of content available
267,general,Time management & personal productivity,Calendars & scheduling,Calendar silently allows double booking,"Accepting an invite that overlaps an existing event produces no warning, and the clash is only discovered when both meetings start.",anyone with a busy calendar,weekly,4,5,eyeball the day view before accepting,forum,https://support.google.com/calendar/thread/702910/calendar-doesn-t-alert-double-booking-event-conflict?hl=en,Calendar doesn't alert double-booking event conflict
268,general,Time management & personal productivity,Calendars & scheduling,Email ping-pong to find a meeting slot,"Agreeing a time with two or more people takes days of proposing, declining and re-proposing before anything lands on a calendar.","professionals, freelancers, anyone organizing a group",weekly,4,5,"booking links, polls, or one person dictating",article,https://theintelligence.com/33841/address-meeting-schedulings-pain-points/,the most laborious part of the meeting-planning process is the back and forth
269,general,Time management & personal productivity,Calendars & scheduling,Event and its notification in different time zones,"After travel or a device settings change, the calendar shows one time while the alert fires at another, so reminders arrive hours off.",travelers and remote workers,monthly,4,4,manually re-check every event after landing,forum,https://support.google.com/calendar/thread/279356981/calendar-and-notifications-are-on-two-different-time-zones?hl=en,Calendar and notifications are on two different time zones.
270,general,Time management & personal productivity,Calendars & scheduling,Work and personal calendars clash unseen,"A dentist appointment in the personal calendar is invisible to the work booking page, so colleagues book meetings on top of it.",people with separate work and personal accounts,weekly,4,5,manually copy busy blocks between calendars,article,https://syncdate.app/blog/avoid-double-booking-google-calendar,the double-booking problem continues even with Google Calendar
271,general,Time management & personal productivity,Calendars & scheduling,Your time or my time confusion,"Proposing a meeting time across zones triggers a chain of clarifying emails, and a wrong guess means someone shows up an hour early or misses it.","remote and distributed teams, freelancers with overseas clients",weekly,4,5,"world clock sites, writing times in both zones",article,https://overlappr.com/blog/how-to-schedule-meetings-across-time-zones/,"the email ping-pong of ""Wait, did you mean 3pm YOUR time or MY time?"""
272,general,Time management & personal productivity,Calendars & scheduling,Booking page shows wrong time zone,"A public booking form displays slots in UTC or the host's zone, so guests book the wrong hour or abandon the form.","consultants, coaches, anyone sharing a booking link",weekly,3,5,add a note asking guests to convert times,app-review,https://www.capterra.com/p/213340/Google-Calendar/reviews/,"the time zone is wrong, showing up in the booking form as UTC"
273,general,Time management & personal productivity,Calendars & scheduling,Daylight-saving shifts break cross-zone plans,"Recurring calls with people abroad silently move by an hour for a few weeks each spring and autumn, and someone always misses one.","distributed teams, families abroad",occasional,3,5,remembering to warn everyone in advance,knowledge,,
274,general,Time management & personal productivity,Calendars & scheduling,Same people always get the 7am call,Across a distributed team the inconvenient early or late slots keep landing on the same colleagues because nobody tracks the fairness of meeting times.,distributed teams spanning many time zones,weekly,3,4,none,article,https://www.read.ai/articles/how-to-handle-time-zone-differences-in-team-scheduling,colleagues who always seem to be the ones dialing in at 7 a.m. or 9 p.m.
275,general,Time management & personal productivity,Forgetting things,Capturing a thought while hands are busy,"A task comes to mind while driving, cooking or in the shower and there is no frictionless way to catch it before it evaporates.",everyone,daily,3,4,"voice assistant, texting yourself",knowledge,,
276,general,Time management & personal productivity,Forgetting things,Forgetting essentials on the way out,"Keys, wallet, badge, lunch or the parcel to return get left behind because there is no checkpoint at the door.","commuters, parents, anyone rushing out",daily,3,3,"bowl by the door, mental checklist",app-review,https://apps.apple.com/mx/app/recaller/id6751175471,refresh your memory before you head out
277,general,Time management & personal productivity,Forgetting things,Forgetting short background timers,"Laundry in the washer, the oven, the parking meter and the kettle are forgotten because starting them and remembering them are separate acts.","everyone at home, drivers using metered parking",daily,3,4,"voice-assistant timers, alarms",knowledge,,
278,general,Time management & personal productivity,Forgetting things,Infrequent chores never come back,"Every-few-months jobs like replacing a filter, flipping the mattress, renewing a passport or a car inspection are forgotten because nothing repeats that slowly in the head.","homeowners, renters, car owners",monthly,3,5,"none, or stickers with dates",knowledge,,
279,general,Time management & personal productivity,Forgetting things,Remembering to bring the right things,"Gym kit on Tuesday, library books on Thursday, the form for the school trip: what to pack depends on the day's events and gets forgotten.","parents, students, commuters",weekly,3,4,"packing the night before, sticky notes",knowledge,,
280,general,Time management & personal productivity,Forgetting things,Sticky notes become invisible,"Visual reminders left in plain sight stop registering within days, so the note on the door no longer prevents forgetting.",people who use physical or on-screen visual cues,weekly,3,3,move the note somewhere new,article,https://kristenlynnmcclure.substack.com/p/making-reminders-work-for-your-adhd,"the visual reminder becomes visual noise, which you can stop seeing even after a short while"
281,general,Time management & personal productivity,Forgetting things,Waiting-for items fall through the cracks,"Things other people owe you (a reply, a refund, a document) are not tasks you can do, so they live nowhere and are only remembered weeks later.",anyone who delegates or deals with services,weekly,3,5,"starred emails, a 'waiting' tag",knowledge,,
282,general,Time management & personal productivity,Procrastination & follow-through,Scary task grows scarier each day,"A big, vague, urgent item sits ignored on the list and every day it stays there it becomes harder to even look at.","procrastinators, students, freelancers",weekly,4,3,"none, or panic near the deadline",article,https://authorautomations.com/p/why-your-to-do-list-is-failing-you,"the longer they sit, the bigger and scarier they become"
283,general,Time management & personal productivity,Procrastination & follow-through,Planning eats the time for doing,"Rewriting, re-sorting and re-tooling the to-do list becomes the activity, and the tasks themselves are never started.","productivity-app enthusiasts, perfectionists",weekly,3,3,none,forum,https://www.quora.com/How-do-I-stop-making-to-do-lists-and-over-planning-things-that-don-t-get-done-as-a-result-of-spending-all-my-time-on-making-to-do-lists,spending all my time on making to do lists
284,general,Time management & personal productivity,Procrastination & follow-through,Snoozing a task until it is forgotten,"Hitting 'remind me later' repeatedly pushes an item past its usefulness, and the app never escalates or flags how many times it has been deferred.",anyone who uses snooze,weekly,3,5,none,knowledge,,
285,general,Time management & personal productivity,Procrastination & follow-through,System breaks when life changes,"A routine that worked during term time or one job collapses after a schedule change, and rebuilding it from scratch is so costly people give up.","students, new parents, shift workers, job changers",occasional,3,3,abandon the system for weeks,article,https://healthyadhd.substack.com/p/the-problem-with-to-do-lists,the system that worked in one phase of life can become useless when an entire schedule changes
286,general,Time management & personal productivity,Reminders & notifications,Dismissed reminder is gone for good,"One accidental swipe clears a reminder and it never returns, so the thing it protected is forgotten until it is too late.",anyone who relies on reminders,weekly,4,5,nagging-style apps that repeat every minute,app-review,https://apps.apple.com/tt/app/insistent/id869486104,it'll annoy you every minute until you deal with the reminder
287,general,Time management & personal productivity,Reminders & notifications,Quiet ping missed while in deep focus,"A single soft notification is not noticed when the user is absorbed, stressed or overstimulated, and there is no second chance.","people with ADHD, deep workers",daily,4,4,"loud alarms for everything, which then get disabled",article,https://adhdwisdomtools.substack.com/p/time-blindness-no-more-the-adhd-guide,a soft ping on your phone is too quiet and too easy to miss
288,general,Time management & personal productivity,Reminders & notifications,Reminder fires too late to act,"An alert 15 minutes before an appointment across town arrives after the moment one needed to leave, so it announces lateness rather than preventing it.",people with ADHD and anyone with in-person appointments,weekly,4,5,set multiple manual alerts for each event,article,https://noodl.prepshotz.com/blog/adhd-and-forgetting-appointments/,A notification at 9:15 for a 9:30 appointment isn't a reminder—it's an announcement.
289,general,Time management & personal productivity,Reminders & notifications,Reminders decay into ignorable noise,"Every notification demands a micro-decision, and after enough of them the user swipes them all away without reading, including the important ones.",people who rely on phone notifications,daily,4,4,"turn everything off, or nothing off",article,https://imbusybeingawesome.com/adhd-reminders/,"every time a notification pops up, it presents a micro-decision"
290,general,Time management & personal productivity,Reminders & notifications,Default reminder lead time is wrong,"Every event alerts a fixed 10 or 30 minutes ahead regardless of whether it is a call at the desk or a trip across town, so alerts are ignored or too late.",calendar users with mixed in-person and remote events,daily,3,5,edit the reminder on each event by hand,article,https://www.androidauthority.com/fixed-four-biggest-google-calendar-annoyances-how-3708184/,increased the default reminder time in Google Calendar to one hour instead of the default 30 minutes
291,general,Time management & personal productivity,Reminders & notifications,"Reminder tied to a person, not a time","'Ask Mom about the recipe' has no time attached; it needs to surface the next time you call or see her, which no time-based reminder can do.",everyone,weekly,2,4,notes app list per person,knowledge,,
292,general,Time management & personal productivity,Running late,Morning routine loses track of time,"Between phone scrolling, the shower and breakfast there is no sense of how far behind the morning is until it is already too late to be on time.","people who are always late in the morning, ADHD adults",daily,4,4,multiple alarms,knowledge,,
293,general,Time management & personal productivity,Running late,No travel buffer between appointments,Two in-person events get booked adjacent on the calendar even though it takes 25 minutes to get between them.,"field workers, parents, people with errands",weekly,4,5,manually block 'travel' events,knowledge,,
294,general,Time management & personal productivity,Running late,Getting-ready time not counted,"Leave-by alerts count only the drive, not the shower, dressing and finding keys, so people are still reliably 15 minutes late.",people who are always late in the morning,daily,3,4,set the alarm earlier and still run late,knowledge,,
295,general,Time management & personal productivity,Running late,Leave-by alerts ignore transit and bikes,"Departure reminders assume driving or walking, so people who take buses, trains or bikes get leave times that are simply wrong.",city dwellers without cars,daily,3,5,check the transit app separately and guess,article,https://techcrunch.com/2025/04/26/latelys-new-gamified-app-helps-people-arrive-on-time,only offers options for driving or walking and doesn't provide time estimations for public transportation or biking
296,general,Time management & personal productivity,Running late,Meeting overruns cascade into lateness,"One meeting running ten minutes over makes the next one late, and the whole afternoon slides with no automatic warning to the later attendees.",people with back-to-back meetings,daily,3,4,manually message 'running 5 late',knowledge,,
297,general,Time management & personal productivity,Shared & family scheduling,Missed pickups when term schedules change,"Each new school term brings new activity times and locations, and the old calendar entries linger until a missed pickup exposes the gap.",parents of school-age children,occasional,5,4,re-enter everything by hand each September,article,https://www.usecalendara.com/blog/family-calendar-app-faq,usually in September after a missed pickup
298,general,Time management & personal productivity,Shared & family scheduling,Family calendar goes stale,"Entering activities becomes one parent's chore, the chore lapses, the calendar stops matching reality and everyone stops trusting it.",households with kids' activities,weekly,4,4,"paper calendar on the fridge, group chat",article,https://gethomsy.com/blog/family-organization/organization-family-calendar-actually-works,entry became someone's chore and the chore stopped happening — so the calendar went stale
299,general,Time management & personal productivity,Shared & family scheduling,Shared events only remind the creator,"A shared family event alerts the person who entered it, but not the partner or teen who actually needs to show up.",families and couples coordinating logistics,weekly,4,5,text everyone the morning of,forum,https://www.mumsnet.com/talk/_chat/4843562-what-online-apptool-do-you-use-as-a-shared-family-calendar-that-sends-reminder-prompts-to-everyone,shared family calendar that sends reminder prompts to everyone?
300,general,Time management & personal productivity,Shared & family scheduling,Shared reminders across iPhone and Android,"Mixed-platform households cannot share a single reminder or list that pings both phones, so each system only covers half the family.",couples and families with different phone platforms,weekly,3,5,"messaging apps, duplicate entries",forum,https://discussions.apple.com/thread/255838418,
301,general,Time management & personal productivity,Shared & family scheduling,Verbal plans never reach the calendar,"'Let's grab lunch Thursday' agreed in conversation is never written down, and one side forgets or double-books.","friends, couples, casual social planners",weekly,3,4,text to confirm the day before,knowledge,,
302,general,Time management & personal productivity,Time awareness,Chronically underestimating task duration,"Tasks are planned to take 30 minutes and take two hours, so every daily plan collapses by noon and nothing is learned from the miss.",nearly everyone who plans a day,daily,4,4,double all estimates,article,https://www.goodreads.com/author_blog_posts/19059835-what-is-the-biggest-challenge-you-face-when-it-comes-to-managing-your-ti,difficulty estimating task length (10%)
303,general,Time management & personal productivity,Time awareness,Due dates without start times,"A task with a deadline gives no cue about when work must begin, so multi-hour tasks are started an hour before they are due.","students, people with ADHD, deadline-driven workers",weekly,4,5,manually create a separate 'start X' task,app-review,https://apps.apple.com/us/app/latered/id6757766191,shows you when to START tasks — not just when they're due
304,general,Time management & personal productivity,Time awareness,Interruptions derail the planned day,"Colleagues, messages and calls break the schedule repeatedly and there is no easy way to re-slot what was displaced.",office and remote knowledge workers,daily,4,3,"do-not-disturb modes, working late",article,https://www.goodreads.com/author_blog_posts/19059835-what-is-the-biggest-challenge-you-face-when-it-comes-to-managing-your-ti,Too many interruptions (40%)
305,general,Time management & personal productivity,Time awareness,Suddenly it is 8 PM,Hours vanish into one activity and the user only notices when the day is gone and planned tasks were never touched.,"people with time blindness, hyperfocus, remote workers",daily,4,3,"hourly chimes, visual timers",app-review,https://apps.apple.com/gb/app/set-adhd-task-manager-timer/id6753867602,"prevent the ""Wait, it's already 8 PM?!"" experience"
306,general,Time management & personal productivity,Time awareness,No idea where the day went,"At the end of a busy day it is impossible to say what the hours were spent on, so the same leaks repeat tomorrow.","remote workers, freelancers, students",daily,3,4,manual time tracking that is abandoned within a week,knowledge,,
307,general,Time management & personal productivity,Time awareness,Wasting the 20-minute gap,A short unexpected gap between meetings is lost to scrolling because it is not obvious which small task fits it.,"office workers, students",daily,2,4,none,knowledge,,
308,general,Time management & personal productivity,To-do lists,Day starts with 100 overdue tasks,"Rescheduled and overdue tasks pile into today, so each morning opens with a wall of red that is exhausting rather than useful.",heavy to-do app users,daily,4,5,"scripts that auto-reschedule, or bulk-postponing everything",article,https://pypi.org/project/todoist-scheduler,having a large list of tasks creates 'cognitive drag' and stresses users out
309,general,Time management & personal productivity,To-do lists,Easy tasks crowd out important ones,With no visible priority the user ticks off small quick wins all day while the thing that matters stays untouched.,anyone working from a flat list,daily,4,4,"eat-the-frog rules, stars and flags",article,https://planningwithchloe.substack.com/i/104006094/trap-three-the-to-do-list-isnt-structured-based-on-whats-important,people tend to take the easiest task off the list rather than focusing on what's important
310,general,Time management & personal productivity,To-do lists,"Overlong list, no idea what to start","Dozens of open tasks stare back and the user freezes, unsure which one to actually work on right now.",anyone who captures everything into one list,daily,4,4,pick three on paper each morning,app-review,https://apps.apple.com/us/app/todo-3-only-3-tasks-per-day/id1627396349,putting too many tasks on a to-do list can cause users to feel overwhelmed and unsure which task to work on
311,general,Time management & personal productivity,To-do lists,Tasks buried in chat and email,"Requests arrive in Slack threads, texts and emails and never make it into the task list, so they are lost once the message scrolls away.","knowledge workers, group-chat organizers",daily,4,4,"flagging messages, 'mark unread'",knowledge,,
312,general,Time management & personal productivity,To-do lists,Guilt from constantly rescheduling tasks,"Pushing the same task from day to day feels like failure, and the growing pile of postponements discourages opening the app at all.",people with more tasks than time,daily,3,3,"delete the task, or ignore the overdue count",article,https://todoist.substack.com/p/august-actual-productivity/comments,"you should feel zero guilt for btw, it happens to the best of us"
313,general,Time management & personal productivity,To-do lists,No usable log of what was completed,"Once a task is checked off it disappears, so at review time or when writing a status report there is no record of what actually got done last week.",knowledge workers who report on their work,weekly,3,5,keep a separate done-list or search email history,forum,https://techcommunity.microsoft.com/discussions/to-do/todo-could-be-much-more---bugs--basic-features-missing/2149615,todo apps lack a record of completed work that can be referred to for reports
314,general,Time management & personal productivity,To-do lists,One slip breaks the dependent chain,"When a task slips, the tasks that depend on it keep their old dates, so the plan is instantly wrong and must be rebuilt by hand.","people planning projects, events, moves",weekly,3,5,drag every date manually,knowledge,,
315,general,Time management & personal productivity,To-do lists,Recurring task misfires when done out of order,"Completing a recurring task early or late does not move it to the correct next occurrence, so the list shows it due again at the wrong time.",anyone using a to-do app for chores and routines,weekly,3,5,manually edit the due date after each completion,forum,https://techcommunity.microsoft.com/discussions/to-do/todo-could-be-much-more---bugs--basic-features-missing/2149615,apps failing to skip to the next recurring date when tasks are completed out of order
316,general,Time management & personal productivity,To-do lists,Tasks out of sync between phone and laptop,"A task ticked off on the phone still shows as open on the laptop, or an edit is lost, so people stop trusting the list.",people who use a to-do app on more than one device,weekly,3,4,"force-refresh, or keep the list on one device only",hn,https://news.ycombinator.com/item?id=28997345,Sync issues across platforms plague many apps since their beginning.
317,general,Time management & personal productivity,To-do lists,Complex repeat patterns need duplicate tasks,"A task that repeats Monday, Wednesday and Friday, or on the first weekday of the month, cannot be expressed, forcing several redundant copies.","people with irregular routines (medication, classes, shifts)",weekly,2,5,create three separate recurring tasks,app-review,https://www.capterra.com/p/149339/Todoist-for-Business/reviews/?page=2,"doesn't have a very robust recurring task management system (e.g., MWF in a single week)"
318,general,Time management & personal productivity,To-do lists,Tasks rot in the list for years,"Someday-maybe items sit in the list indefinitely, never surfaced or retired, cluttering every view and making the list feel dead.",long-term to-do app users,daily,2,4,"periodic purge, or start a fresh app",hn,https://news.ycombinator.com/item?id=28997345,tasks that have lingered in pending status for years
319,general,Commuting & getting around,Carpooling & multimodal,"Car in the shop, commute broken","When the car is unavailable for a few days people scramble to piece together transit, rides and borrowed cars for each day.",single-car households,occasional,4,3,"ask family, expensive ride-hails",knowledge,,
320,general,Commuting & getting around,Carpooling & multimodal,Carpool logistics buried in text threads,"Once a carpool exists, who is driving, who is sick, and who owes gas money is tracked in a messy group chat that people miss.",established carpool groups,daily,3,4,"group text, mental accounting",article,https://pavecommute.app/why-traditional-carpooling-apps-struggle-with-daily-commutes/,they manage them through informal channels like text rather than apps
321,general,Commuting & getting around,Carpooling & multimodal,Carpool match takes too long,"Commuters try a carpool app, cannot find a match on their route and schedule within a few days, and abandon it.",would-be carpoolers,occasional,3,4,"ask coworkers directly, drive alone",article,https://pavecommute.app/why-traditional-carpooling-apps-struggle-with-daily-commutes/,"if they can't find a match quickly, they leave the platform because it offers no added value"
322,general,Commuting & getting around,Carpooling & multimodal,Combining modes into one trip,"A commute that mixes driving, a train and a bike share means juggling three apps, three payments and no single ETA.",multimodal commuters,daily,3,4,several apps open at once,article,https://medium.com/@fyjzz007/the-hidden-struggles-of-daily-commuters-and-how-technology-can-help-uncover-solutions-6c174b75d47b,integrated multimodal platforms... commuters' demand for seamless integration
323,general,Commuting & getting around,Carpooling & multimodal,Hybrid days and commute planning,"Office days shift week to week, so carpool partners, parking permits and transit passes are never aligned with the days someone actually goes in.",hybrid workers,weekly,3,4,"calendar juggling, over-buying passes",knowledge,,
324,general,Commuting & getting around,Cycling to work,Bike lane blocked by snow or debris,"Snow, glass and construction shrink or close bike lanes with no warning, pushing riders into car traffic mid-route.",year-round bike commuters,weekly,4,3,"scout the route, ask local cycling groups",article,https://www.aol.com/2008/05/19/bicycle-commuting-cheap-but-not-without-its-problems/?gen=1,Snow on road sides reducing space for bikes increases conflicts with cars
325,general,Commuting & getting around,Cycling to work,Nowhere secure to park the bike,"Riders do not know before arriving whether the office or destination has secure bike parking or a shower, so they risk theft or skip riding.",bike commuters to offices and appointments,weekly,4,3,"ask reception, lock to a signpost",article,https://www.aol.com/2008/05/19/bicycle-commuting-cheap-but-not-without-its-problems/?gen=1,Needing secure bike storage and facilities to clean up after riding
326,general,Commuting & getting around,Cycling to work,Bike commute takes far longer,"New bike commuters underestimate how much longer riding takes than driving, arrive late, and cannot predict the time for a given route and fitness level.",new bike commuters,daily,3,4,"trial rides on the weekend, add a buffer",article,https://www.axios.com/local/charlotte/2016/09/07/bike-commuting-64648,"Commute time is significantly longer than driving, requiring significant time adjustments"
327,general,Commuting & getting around,Cycling to work,Bike lights dead when leaving,"Rechargeable bike lights are flat exactly when it gets dark early, and riders find out at the bike rack after work.",bike commuters in fall and winter,weekly,3,3,"spare lights, charge at desk",knowledge,,
328,general,Commuting & getting around,Cycling to work,Bike rack on bus already full,"Cyclists reach the bus stop with a bike and the two-slot front rack is taken, so they wait for the next bus or ride the whole way.",bike-and-bus commuters,weekly,3,3,"leave earlier, ride the full distance",knowledge,,
329,general,Commuting & getting around,Cycling to work,Rain decision before leaving,"Cyclists must decide by 7am whether the ride home at 6pm will be wet and dangerous, and general weather apps do not answer that question for a route.",bike commuters,weekly,3,4,"check hourly forecast, keep transit fare as backup",article,https://www.aol.com/2008/05/19/bicycle-commuting-cheap-but-not-without-its-problems/?gen=1,Riding in rain is uncomfortable and hazardous in traffic
330,general,Commuting & getting around,Cycling to work,Tires and tubes wear out unnoticed,"City debris chews through tires and tubes, and riders only find out via a flat on the way to work because nothing tracks wear or mileage.",daily bike commuters,monthly,3,3,"carry a spare tube, inspect by eye",article,https://www.aol.com/2008/05/19/bicycle-commuting-cheap-but-not-without-its-problems/?gen=1,Bike tires and tubes wear quickly due to city street debris
331,general,Commuting & getting around,Cycling to work,Winter layering eats commute time,Picking the right layers for the temperature and wind takes trial and error each morning and adds ten minutes to getting out the door.,cold-weather bike commuters,daily,2,3,notes on what worked last time,article,https://www.aol.com/2008/05/19/bicycle-commuting-cheap-but-not-without-its-problems/?gen=1,Managing layers in winter is annoying and can add 10 minutes to commute time
332,general,Commuting & getting around,Driving & traffic,Bad commute ruins the day,"An unexpectedly bad drive in leaves people stressed, late and rattled, and they had no warning that today was going to be worse than usual.",car commuters,weekly,4,3,"check traffic before leaving, leave early every day",article,https://www.fleetnews.co.uk/news/2013/2/25/new-research-reveal-uk-commuters-drive-7000-miles-a-year/46294,68 percent of Americans said their whole day could be ruined by a bad commute
333,general,Commuting & getting around,Driving & traffic,Chained school drop-off commute,"Dropping kids at school then getting to work involves fixed windows and pickup lines, and navigation apps do not plan around the timed stop.",working parents,daily,4,4,"leave extra early, mental scheduling",knowledge,,
334,general,Commuting & getting around,Driving & traffic,Everyone gets the same detour,"When traffic hits, the navigation app sends every driver down the same side street, so the detour becomes as jammed as the original route within minutes.",drivers who rely on Waze or Google Maps,weekly,4,3,"ignore the reroute, use local knowledge",article,https://www.cbsnews.com/losangeles/news/popular-waze-navigation-app-driving-some-people-crazy,"when everyone receives the same detour, the detour becomes as mobbed as the regular route"
335,general,Commuting & getting around,Driving & traffic,Not knowing when to leave,"Commute time swings by 20-40 minutes day to day, and drivers have no reliable way to know the right departure minute for their specific route and arrival time.",drivers with fixed start times,daily,4,5,"leave early, check maps repeatedly while getting ready",article,https://www.prnewswire.com/news-releases/ibm-global-commuter-pain-survey-traffic-congestion-down-pain-way-up-129446188.html,"Traffic Congestion Down, Pain Way Up"
336,general,Commuting & getting around,Driving & traffic,Saved trips vanish from nav app,"Planned or saved commute routes disappear from the navigation app and the app lags or crashes mid-drive, forcing drivers to re-enter destinations at the wheel.",daily drivers using navigation apps,weekly,3,4,"re-enter the address, switch apps",app-review,https://www.phonearena.com/news/waze-one-star-reviews-play-store_id151357,"the app crashing, traffic support missing, planned trips disappearing, a lag that makes the app hard to use"
337,general,Commuting & getting around,Driving & traffic,Surprise toll bills by mail,"Cashless toll roads, rental cars and out-of-state trips produce toll invoices weeks later with admin fees, and drivers cannot tell which trips they were for.",drivers on cashless toll roads,monthly,3,4,"keep a transponder, log trips manually",knowledge,,
338,general,Commuting & getting around,Driving & traffic,Cheapest gas on the actual route,"Gas price apps show stations nearby, not which one is on the way home with the smallest detour, so drivers overpay or waste time.",car commuters,weekly,2,5,GasBuddy plus mental math,knowledge,,
339,general,Commuting & getting around,EV charging on the commute,Public charger broken on arrival,"EV commuters drive to a charger and find it dead, throwing an error, or stuck on a payment screen, with no way to know beforehand.",EV drivers relying on public charging,weekly,5,4,"check recent check-ins on PlugShare, keep a fallback",article,https://www.kbb.com/car-news/study-electric-car-chargers-are-expanding-broken-frustrating,72% said they had encountered a non-working charger
340,general,Commuting & getting around,EV charging on the commute,Charging spots occupied or ICE'd,"All chargers are taken, often by gas cars or fully charged EVs that never left, and there is no real-time availability or turn-taking.",EV commuters charging at work or lots,weekly,4,4,"leave a note, come back later",article,https://www.yahoo.com/news/articles/tesla-owner-sounds-off-concerning-023000568.html,"parking lots with gas-powered vehicles in EV charging spots, with all spots consistently filled"
341,general,Commuting & getting around,EV charging on the commute,Too many charging payment apps,"Each charging network needs its own account, card or app, so drivers juggle half a dozen logins and fail to start a session.",EV drivers,weekly,4,4,"install every network app, carry RFID cards",article,https://www.fleetnews.co.uk/news/ev-drivers-face-payment-anxiety-due-to-complicated-charging-experience,too many ways to pay and users still using multiple payment methods
342,general,Commuting & getting around,Fares & costs,Commuter benefit receipts and claims,"Pre-tax transit or parking benefits require collecting receipts and filing claims each month, and unused balances quietly expire.",employees with commuter benefits,monthly,3,4,"shoebox of receipts, forgetting",knowledge,,
343,general,Commuting & getting around,Fares & costs,Logging mileage for reimbursement,"Employees who drive between sites reconstruct trips at month end from memory for mileage claims, and lose money on trips they forgot.",workers driving for work,monthly,3,5,"notebook in the car, guessing",knowledge,,
344,general,Commuting & getting around,Fares & costs,"Multiple agencies, multiple fare apps","A trip crossing a bus agency, a regional rail line and a ferry means separate tickets and apps, with no single pass or fare cap.",commuters in multi-agency regions,daily,3,3,"several fare apps, physical cards",knowledge,,
345,general,Commuting & getting around,Fares & costs,Monthly pass or pay per ride?,"With variable office days riders cannot tell whether a monthly pass or per-trip fare is cheaper, and they find out only after the money is spent.",part-time transit commuters,monthly,2,5,"guess, spreadsheet",knowledge,,
346,general,Commuting & getting around,Fares & costs,Tracking true cost of the commute,"Drivers have no idea what their commute really costs in fuel, tolls, parking and wear, so they cannot compare it with transit or moving closer.",car commuters weighing options,monthly,2,5,rough estimate once a year,knowledge,,
347,general,Commuting & getting around,Parking,"Paid in app, ticketed anyway","The driver paid through the app but the enforcement system did not see it; the app blames the city and the city blames the app, and nobody resolves it.",drivers who received a ticket despite paying,occasional,5,3,contest the ticket with screenshots,app-review,https://unstar.app/blog/parkmobile-paid-still-got-ticket-app-not-working-reviews-2026,"the company pointed them to the city for responsibility, while the city pointed back to the app"
348,general,Commuting & getting around,Parking,Reserved garage is full on arrival,"A prepaid parking reservation is not honored because the garage is full, and the only remedy offered is future credit rather than a refund.",drivers pre-booking event or downtown parking,occasional,5,3,"arrive very early, have a backup garage in mind",forum,https://www.tripadvisor.com/ShowTopic-g28969-i39-k14958006-Bad_experience_with_Spothero_for_parking-District_of_Columbia.html,the garage was full and SpotHero did not honor the reservation
349,general,Commuting & getting around,Parking,App directs to wrong garage entrance,"Navigation drops the driver at the wrong entrance or an incorrect address for a booked lot, and the gate will not open, so they park elsewhere and pay twice.",drivers using reserved parking,occasional,4,4,"read the confirmation fine print, call the lot",forum,https://www.bbb.org/us/il/chicago/profile/parking-facilities/spothero-0654-88576696/complaints,"the app's directions led users to the wrong entrance, resulting in parking tickets"
350,general,Commuting & getting around,Parking,Is alternate-side parking suspended today?,"Street-sweeping and alternate-side rules change with holidays and suspensions, so residents either move the car needlessly or wake up to a ticket.",on-street parkers in cities with sweeping rules,weekly,4,5,"check the city website, neighbor group chats",app-review,https://apps.apple.com/us/app/-/id6503993830,"Over 62,000 New Yorkers use this app for instant updates on parking rules and suspensions"
351,general,Commuting & getting around,Parking,Park-and-ride lot full early,"The commuter lot fills by 7:30 and drivers only find out on arrival, then miss the train hunting for street parking.",suburban rail commuters who drive to the station,daily,4,4,"arrive earlier every day, second lot as backup",knowledge,,
352,general,Commuting & getting around,Parking,Parking session alert comes too late,"The expiry notification from the parking app arrives with a minute or less to spare, or after the session ended, so people get ticketed while in a meeting.",drivers using pay-by-phone street parking,weekly,4,5,set a separate phone alarm,app-review,https://unstar.app/blog/parkmobile-spothero-paybyphone-parkwhiz-passport-parking-apps-ranked-2026,"expiration notifications that arrive too late, service fees and surge pricing that inflate the advertised rate"
353,general,Commuting & getting around,Parking,Wrong parking zone number entered,"In dense areas zone and lot numbers are confusing or adjacent, so drivers pay for the wrong zone and still get a ticket.",drivers in downtown street parking,monthly,4,4,"double-check the sign, take a photo of it",app-review,https://unstar.app/blog/parkmobile-spothero-paybyphone-parkwhiz-passport-parking-apps-ranked-2026,zone and lot confusion in dense urban areas
354,general,Commuting & getting around,Parking,Forgetting where the car is parked,"In large garages or unfamiliar streets people forget the level, row or block where they left the car and wander for ten minutes.",drivers using large lots and garages,weekly,3,5,"photo of the pillar sign, drop a map pin",knowledge,,
355,general,Commuting & getting around,Parking,Meter expiring mid-meeting,"Street meters have a 2-hour cap and the driver has to physically return or re-pay while in the middle of work, or accept a ticket.",drivers parking for appointments and errands,weekly,3,4,"phone alarm, choose a garage instead",knowledge,,
356,general,Commuting & getting around,Parking,Parking fees inflate the posted rate,"Service fees and event surcharges get added at checkout so the price on the sign or listing is never what you actually pay, making comparisons useless.",drivers paying via parking apps,weekly,3,4,"pay at the meter, compare apps manually",app-review,https://unstar.app/blog/parkmobile-spothero-paybyphone-parkwhiz-passport-parking-apps-ranked-2026,service fees and surge pricing that inflate the advertised rate
357,general,Commuting & getting around,Parking,Phantom parking charges after leaving,"A parking session keeps running or re-charges after the driver has left, and a $6 refund takes weeks of back-and-forth.",drivers using pay-by-phone parking,monthly,3,4,"screenshot the stop time, dispute via email",app-review,https://unstar.app/blog/parkmobile-spothero-paybyphone-parkwhiz-passport-parking-apps-ranked-2026,"phantom sessions that charge after departure, and refund processes that take weeks for a $6 dispute"
358,general,Commuting & getting around,Parking,Residential permit and visitor passes,"Street parking permits expire, visitor passes run out, and guests get ticketed because renewal and issuing is a clunky city process nobody remembers.",residents in permit-parking zones,monthly,3,4,"calendar reminder, paper passes in the glovebox",knowledge,,
359,general,Commuting & getting around,Public transit reliability,Ghost buses on the tracker,"The tracker shows a bus coming in 6 minutes, riders wait, and it never appears because the app mixed scheduled runs with real-time data or the run was canceled.",bus riders in cities with unreliable feeds,weekly,5,4,"wait for two predictions to agree, call a ride-hail",article,https://www.yahoo.com/news/articles/ghost-buses-may-no-longer-232500561.html,buses that show up on transit tracker apps but fail to arrive in real life
360,general,Commuting & getting around,Public transit reliability,Station elevator out of service,"Riders with strollers, wheelchairs or luggage arrive to find the only elevator broken, with outage information buried or not published.",riders needing step-free access,weekly,5,4,"check agency alerts page, ask staff",knowledge,,
361,general,Commuting & getting around,Public transit reliability,Bus chronically late on every route,"The bus is routinely late so riders never know whether to wait, walk, or give up, and they end up leaving far earlier than needed as insurance.",daily bus commuters,daily,4,4,"leave early, check agency tracker, text a coworker",article,https://www.pressreader.com/canada/valley-journal-advertiser/20180814/281913068947494,Transit riders' biggest complaint has always been that buses regularly arrive late along every route.
362,general,Commuting & getting around,Public transit reliability,Buses vanish and reappear on tracker,"Real-time bus positions jump, disappear, and come back spontaneously, so riders cannot tell if the vehicle is two stops away or was pulled from service.",regional bus commuters,weekly,4,3,"refresh repeatedly, compare two different apps",article,https://www.aol.com/nj-transit-bus-time-knows-083103134.html,buses appearing or disappearing from the tracker spontaneously
363,general,Commuting & getting around,Public transit reliability,Missing the bus by seconds,"You check the arrival time, walk to the stop, and watch the doors close as you arrive because the prediction did not account for your walking time.",transit riders who check arrivals before leaving,weekly,4,5,"pad an extra 5 minutes, run",article,https://www.pressreader.com/canada/valley-journal-advertiser/20180814/281913068947494,getting there only to find that you've missed it by a split second or the doors close as soon as you get there
364,general,Commuting & getting around,Public transit reliability,Real-time arrival times simply wrong,"Predicted arrival times are off by many minutes or missing for entire routes, so riders stop trusting the app and revert to guessing.",riders on agency-built transit apps,daily,4,4,"use the printed schedule, ask other riders",article,https://www.deccanherald.com/india/karnataka/bengaluru/it-works-but-can-be-better-users-of-bus-tracking-app-2743986,"never showing information of buses on some routes, and the expected time of arrival of buses is also incorrect"
365,general,Commuting & getting around,Public transit reliability,Unreliable service disruption updates,"Delays, reroutes and platform changes are announced late, inconsistently, or only in-station, so commuters find out after they are already stuck.",rail and subway commuters,weekly,4,4,"follow agency social accounts, group chats with coworkers",article,https://medium.com/@fyjzz007/the-hidden-struggles-of-daily-commuters-and-how-technology-can-help-uncover-solutions-6c174b75d47b,"Delayed trains, unaffordable costs, and exhausting distances... unreliable real-time updates"
366,general,Commuting & getting around,Ride-hailing,Driver accepts then cancels,"Drivers accept the trip, see the destination or wait for surge, then cancel, leaving the rider restarting the request and now late.","ride-hail riders, especially short or awkward trips",weekly,4,3,"book two apps at once, add a tip up front",article,https://unstar.app/blog/ride-sharing-app-reviews-uber-lyft-bolt-grab-2026,"Drivers accepting rides and then canceling, often after seeing the destination or waiting for surge"
367,general,Commuting & getting around,Ride-hailing,Fare higher than the estimate,"The ride-hail fare shown at booking is not what gets charged; surge or fees appear after the ride, and there is no chance to cancel when the price jumps.",ride-hail users,weekly,4,4,"screenshot the estimate, dispute afterwards",article,https://unstar.app/blog/ride-sharing-app-reviews-uber-lyft-bolt-grab-2026,frustration about unpredictable prices and hidden fees that appear after the ride
368,general,Commuting & getting around,Ride-hailing,Finding the driver in a crowd,"At airports, malls and events the pickup pin is wrong or ambiguous, the rider and driver circle each other, and the ride gets canceled or charged a wait fee.",ride-hail riders at busy venues,monthly,4,4,"call the driver, walk to a landmark",article,https://medium.com/design-bootcamp/3-common-ux-problems-in-apps-like-uber-you-might-have-faced-them-6795ab2c27da,"difficult to find their drivers at crowded places like airports, malls or at any large events"
369,general,Commuting & getting around,Ride-hailing,No human for ride disputes,"Refund and overcharge disputes go to an automated support flow that loops without resolution, so small fare errors are simply eaten.",ride-hail riders with a billing problem,monthly,3,3,"chargeback with the card issuer, give up",app-review,https://www.consumeraffairs.com/travel/uber.html?page=4,Customer support was frequently described as unresponsive or automated
370,general,Commuting & getting around,Ride-hailing,"Payment fails, ride silently dropped","A card decline or payment glitch cancels the request without a clear message, and sometimes money is held even though no ride was confirmed.",ride-hail riders,occasional,3,4,"re-add card, keep a second payment method",article,https://medium.com/@raveenaamarasiriwardena/solving-what-stops-the-ride-a-ux-case-study-focused-on-clarity-trust-and-user-experience-c4c98395f60e,Payment failures caused cancellations or ride confirmation delays
371,general,Commuting & getting around,Ride-hailing,Splitting a shared ride's cost,"Coworkers or friends share a ride-hail and then chase each other for their share, with tips and surge making the math awkward.",people sharing ride-hails,weekly,2,5,"Venmo requests, letting it slide",knowledge,,
372,general,Commuting & getting around,Transit comfort & crowding,Overcrowded trains and buses,"Commuters board packed vehicles with no way to know which run or which car will have space, so they get crushed or watch full vehicles pass.",peak-hour transit riders,daily,4,3,"shift departure time, walk to an earlier stop",article,https://www.scribd.com/document/950032101/2-Problem-Validation,Overcrowding is perceived as the most painful commuting issue
373,general,Commuting & getting around,Transit comfort & crowding,Guessing which car is least crowded,"Seating, temperature and crowding vary wildly between cars and runs, and riders cannot tell before boarding where they will get a seat or a working AC.",subway and commuter rail riders,daily,3,3,"learn from experience, walk to the far end of the platform",article,https://medium.com/@fyjzz007/the-hidden-struggles-of-daily-commuters-and-how-technology-can-help-uncover-solutions-6c174b75d47b,"comfort factors like seating, temperature, and crowding, as well as delay frequency"
374,general,Commuting & getting around,Transit comfort & crowding,Which door for the fastest exit,"Riders do not know which car and door lines up with the stairs at their exit station, so they lose minutes and miss connections.",subway and commuter rail riders,daily,2,5,memorize over months,knowledge,,
375,general,Shopping & consumer life,Choosing & buying,Guessing clothing sizes online,"Brand sizing is inconsistent and shoppers do not know their own measurements, so they buy two or three sizes and return the rest.",online apparel shoppers,monthly,4,4,"bracketing sizes and returning, reading fit comments",article,https://scet.berkeley.edu/reports/sizemeup/,40% of online returns are a result of an incorrect size selection
376,general,Shopping & consumer life,Choosing & buying,Inconsistent sizing between brands,"A medium in one brand is a large in another, and nothing remembers which size fit last time from each store.",repeat apparel buyers,monthly,3,5,"notes app with sizes per brand, or memory",article,https://www.practicalecommerce.com/Increase-Apparel-Conversions-with-These-Sizing-Tips,many brands are not consistent with sizing
377,general,Shopping & consumer life,Choosing & buying,Forced app downloads and accounts,"Retailers push shoppers to install yet another app or create an account to check out or get the deal, and people resent the clutter and data exposure.",in-store and online shoppers,weekly,2,3,"guest checkout, deleting the app afterwards",article,https://www.retaildive.com/news/consumers-arent-buying-goods-with-retail-apps/561299/,Thirty-seven percent of respondents said they did not want to download retail apps because they already have too many
378,general,Shopping & consumer life,Choosing & buying,Promotional email flood,"Every purchase adds another daily marketing newsletter, and the real order updates get lost among sales blasts.",online shoppers,daily,2,4,"unsubscribing one at a time, throwaway email addresses",knowledge,,
379,general,Shopping & consumer life,Choosing & buying,Rebuying what you already own,"People buy a second charger, spice or tool because they forgot they already had one at home.",busy households,monthly,2,4,"texting a family member to check, or none",knowledge,,
380,general,Shopping & consumer life,Choosing & buying,Wishlists scattered across stores,"Items saved for later live in a dozen retailer accounts and browser tabs, so people forget what they wanted or buy duplicates.",planners and gift buyers,weekly,2,5,"bookmarks, screenshots, notes app",knowledge,,
381,general,Shopping & consumer life,Customer service,Chargeback and dispute timelines,"When a refund never arrives, filing a card dispute involves unclear deadlines, evidence requirements and weeks of silence.",consumers stiffed by a merchant,occasional,4,4,calling the bank and waiting,knowledge,,
382,general,Shopping & consumer life,Customer service,Chatbots that do not understand,"Support chatbots misread the issue and loop through canned answers, forcing customers to rephrase repeatedly before getting anywhere.",anyone contacting customer service,monthly,4,3,"typing 'agent' repeatedly, calling instead",article,https://www.customerexperiencedive.com/news/customer-service-stressful-chatbots-hold-times/734127/,top customer service pain point was 'talking to a bot that doesn't understand me'
383,general,Shopping & consumer life,Customer service,Dreading long hold times,"People put off resolving billing errors or broken products because they expect to sit on hold for an hour, so problems linger unresolved.",consumers with any service issue,monthly,4,4,"calling at odd hours, speakerphone while working",article,https://www.customerexperiencedive.com/news/customer-service-stressful-chatbots-hold-times/734127/,Two-thirds of respondents say they hesitate to contact customer service because they expect long hold times
384,general,Shopping & consumer life,Customer service,Getting a human on the line,"Escalating from an automated system to a real person is deliberately hard, with hidden menu options and no obvious path.",consumers with non-standard problems,monthly,4,4,"pressing 0 repeatedly, GetHuman-style cheat sheets",article,https://www.customerexperiencedive.com/news/customers-losing-patience-automated-customer-support/823434/,56% say it's difficult to escalate to a live agent when needed
385,general,Shopping & consumer life,Customer service,Repeating the story to every agent,"Each transfer or follow-up call starts from zero: order number, what happened, what was promised last time, because there is no shared record the customer controls.",consumers with multi-contact issues,monthly,4,4,"keeping notes in a text file, asking for case numbers",article,https://www.vonage.com/resources/articles/top-customer-communication-pain-points/,65% of consumers say that contacting customer service multiple times to resolve a single issue is a key pain point
386,general,Shopping & consumer life,Customer service,"Slow, vague email support replies","Support emails take days to answer and the answers are often unclear or do not address the question, stretching a simple issue over weeks.",consumers dealing with online retailers,monthly,3,3,"chasing with follow-up emails, posting on social media",article,https://hiverhq.com/blog/customer-support-survey,51% of customers say that it takes too long to get a response from support agents via email
387,general,Shopping & consumer life,Customer service,Tracking an open complaint's promises,"Agents promise callbacks, refunds 'in 5-7 days' or replacement shipments, and the customer has no easy way to track what was promised, by whom, and when to chase.",consumers with unresolved disputes,monthly,3,5,"notes app, screenshots of chat transcripts",knowledge,,
388,general,Shopping & consumer life,Deliveries & packages,Packages stolen from the porch,"Deliveries left unattended get taken, and the recipient must prove theft to the retailer or carrier to get a replacement.",urban residents and apartment dwellers,occasional,5,3,"shipping to work, lockers, doorbell cameras",article,https://en.wikipedia.org/wiki/Package_theft,"Taking possession of a package or its contents, outside of a residence or business"
389,general,Shopping & consumer life,Deliveries & packages,Failed delivery without a knock,"The driver never rings or even approaches the door, yet the tracking says 'attempted delivery' and the recipient has to chase a redelivery or pick up at a depot.",apartment dwellers and people working from home,monthly,4,3,"watching for the truck, doorbell cameras, complaining to the carrier",forum,https://forums.anandtech.com/threads/god-i-hate-ups.284042/post-27770454,watching the truck stop and leave in under 5 seconds without the driver even walking to the door
390,general,Shopping & consumer life,Deliveries & packages,Marked delivered but not received,"Tracking says delivered, nothing is at the door, and the shopper must figure out whether it went to a neighbor, the wrong address, or was stolen, then convince support.",online shoppers,occasional,4,3,"checking with neighbors, waiting 48 hours, filing claims",knowledge,,
391,general,Shopping & consumer life,Deliveries & packages,Waiting home all day for a delivery,"Signature-required or large-item deliveries come with a vague all-day window, so people burn a day off waiting and still sometimes get nothing.","people receiving furniture, appliances or signature packages",occasional,4,4,"refreshing tracking, calling the carrier for an ETA",forum,https://community.ebay.com/t5/Shipping/A-day-wasted-waiting-on-FedEx-AGAIN/td-p/29013607/jump-to/first-unread-message,A day wasted waiting on FedEx AGAIN
392,general,Shopping & consumer life,Deliveries & packages,Grocery delivery substitutions,"Delivered groceries include unwanted substitutions or missing staples, discovered only when unpacking, and reporting each item for credit is tedious.",grocery delivery users,weekly,3,4,"checking the app during shopping, filing refunds afterwards",knowledge,,
393,general,Shopping & consumer life,Deliveries & packages,Manually entering tracking numbers,"Order confirmation emails contain the tracking info, yet apps fail to pull it automatically and the user must copy numbers by hand for every order.",frequent online shoppers,weekly,3,5,"copy-paste from email, or relying on each store's own app",app-review,https://justuseapp.com/en/app/1223471316/shop-package-order-tracker/reviews,can't figure out how to pull tracking information from order confirmation emails
394,general,Shopping & consumer life,Deliveries & packages,Missing items in a delivered order,"Multi-item orders ship in parts, and the shopper cannot tell whether a missing item is still coming or was left out of the box until they audit every shipment.",people placing large online orders,monthly,3,4,rereading shipping emails and comparing to the box contents,knowledge,,
395,general,Shopping & consumer life,Deliveries & packages,No single view of what arrives when,"With several packages in flight, there is no clear list ordered by expected arrival, so people cannot plan who needs to be home.",households with multiple incoming orders,weekly,3,5,scrolling through many emails and apps,app-review,https://justuseapp.com/en/app/290986013/deliveries-a-package-tracker/reviews,"aren't displayed in chronological order, making it annoying to scan the entire list"
396,general,Shopping & consumer life,Deliveries & packages,Tracking updates lag hours behind,"Aggregator apps show stale status, so people still have to open each carrier's site to learn where a package really is.",anyone expecting a delivery,weekly,3,4,visiting the carrier site directly,app-review,https://justuseapp.com/en/app/507014023/aftership-package-tracker/reviews,having to visit the actual carrier tracking website to find out where their package is
397,general,Shopping & consumer life,Deliveries & packages,Coordinating deliveries with household,"Roommates or family members do not know whose package arrived, who signed for it, or where it was put, leading to lost and mistakenly opened parcels.",shared households and roommates,weekly,2,4,group chats and sticky notes,knowledge,,
398,general,Shopping & consumer life,Deliveries & packages,Notification spam for old packages,"Tracking apps keep pinging about packages delivered months ago or ones the user never tracked, burying the alerts that matter.",package tracker app users,weekly,2,4,muting notifications entirely,app-review,https://justuseapp.com/en/app/1509640911/track-your-packages-1track/reviews,constantly send notifications about packages that were delivered months ago
399,general,Shopping & consumer life,Prices & deals,Fake pre-sale price hikes,"Retailers raise the price days before a sale event and then 'discount' it back to the normal price, so shoppers cannot tell if a sale is real.","deal hunters during Prime Day, Black Friday and similar events",occasional,4,5,checking CamelCamelCamel or Keepa price history manually,reddit-quoted,https://www.aol.com/articles/sales-scam-redditor-catches-amazon-192037156.html,"bumped up to $119 right before Black Friday, then dropped back to $89 with a 26% off tag"
400,general,Shopping & consumer life,Prices & deals,Comparing true total cost across stores,"The cheapest listed price often loses once shipping, tax, membership fees and return shipping are added, and comparing that total across several sites is manual work.",budget-conscious online shoppers,weekly,3,4,opening several tabs and adding items to carts to see final totals,knowledge,,
401,general,Shopping & consumer life,Prices & deals,Permanent 'discounts' that mean nothing,"Many products are 'on sale' more than half the time, so the strikethrough price is fiction and shoppers cannot judge what a fair price really is.",anyone comparison shopping online,weekly,3,5,ignoring list prices; asking friends what they paid,article,https://techradar.com/pro/tech-deals-in-2025-navigating-ghost-discounts-and-fake-reviews,most discounts being available more than half the time
402,general,Shopping & consumer life,Prices & deals,Price drops right after purchase,"The thing you bought last week goes on sale, and you do not know whether the store offers a price adjustment or how to claim it before the adjustment window ends.",online and big-box shoppers,monthly,3,5,"noticing by chance and calling support, or rebuying and returning",knowledge,,
403,general,Shopping & consumer life,Prices & deals,Price history only exists for Amazon,"Price history tools cover Amazon well but not most other retailers, so buyers of furniture, appliances or clothing elsewhere still shop blind.",shoppers buying from non-Amazon stores,monthly,3,4,screenshotting prices and checking back later,article,https://www.foxnews.com/tech/three-ways-to-find-the-real-deals-on-amazon,CamelCamelCamel browser extension tells you the pricing history of any Amazon item
404,general,Shopping & consumer life,Prices & deals,Shrinkflation and unit-price confusion,"Package sizes shrink while prices stay flat, and comparing per-unit prices across brands and pack sizes in the aisle or online is tedious.",grocery shoppers,weekly,3,4,reading tiny shelf unit-price labels or mental math,knowledge,,
405,general,Shopping & consumer life,Prices & deals,Coupon codes that never work,Shoppers try a string of expired or ineligible coupon codes at checkout and waste time before giving up or paying full price.,online shoppers,weekly,2,4,browser coupon extensions with hit-or-miss results,knowledge,,
406,general,Shopping & consumer life,Prices & deals,Waiting for a restock or price target,"A wanted item is out of stock or above budget, and the shopper has to remember to keep checking back across multiple stores.",shoppers hunting a specific product,monthly,2,5,"retailer-specific stock alerts, bookmarks, periodic manual checks",knowledge,,
407,general,Shopping & consumer life,Returns & refunds,Forgotten return deadlines,"Items bought online sit in the closet until the return window quietly closes, so people end up keeping things they never wanted.","frequent online shoppers, especially clothing buyers",monthly,4,5,"calendar reminders, leaving the box by the door, or just eating the cost",app-review,https://returntrack.app/,Stop losing money on forgotten returns
408,general,Shopping & consumer life,Returns & refunds,Not knowing when refund lands,"After mailing a return, the shopper has no idea whether the retailer received it or when the money will actually hit their card, so they keep checking statements.",online shoppers who return items,monthly,3,5,manually checking bank statements and retailer order pages,article,https://finance.yahoo.com/news/refundly-launches-help-consumers-track-130000804.html,alerts users the moment their refund hits their credit card
409,general,Shopping & consumer life,Returns & refunds,Per-item return policy exceptions,"A receipt with ten items can have different return windows and rules per item (final sale, electronics 15 days, etc.), and nobody reads the fine print until it is too late.",people who buy many categories at once,monthly,3,4,assume everything is 30 days and hope,app-review,https://refundhaul.com/,matches it to the store's policy and subcategory exceptions
410,general,Shopping & consumer life,Returns & refunds,Returns scattered across retailers,"Each retailer has its own return process, portal, label and deadline, so managing several open returns at once means juggling many emails and accounts.",households ordering from many stores,monthly,3,5,searching email for order confirmations one by one,app-review,https://apps.apple.com/us/app/rebox/id6737307270,managing and returning online orders from all retailers in one simple app
411,general,Shopping & consumer life,Scams & trust,Counterfeits from marketplace sellers,"Commingled inventory and third-party sellers mean a branded product may arrive counterfeit or 'not as described', and proving it for a refund is a hassle.",marketplace shoppers buying brand-name goods,occasional,4,3,"buying only 'sold by' the brand, checking seller ratings",hn,https://news.ycombinator.com/item?id=31624401,Anyone else quickly losing confidence in Amazon?
412,general,Shopping & consumer life,Scams & trust,Fake tracking numbers from sellers,"Scam or sloppy sellers supply tracking numbers that never move or belong to someone else's shipment, leaving the buyer unsure whether to wait or dispute.",marketplace buyers,occasional,4,4,waiting past the estimate and then opening a dispute,forum,https://community.shopify.com/t/how-to-identify-and-report-a-scam-online-store/3432/30,provide fake tracking numbers
413,general,Shopping & consumer life,Scams & trust,Is this online store legit?,"A store with a great price and a plausible site may be a scam, and checking domain age, reviews and contact details takes research most shoppers skip.",anyone buying from an unfamiliar site,monthly,4,5,"searching '<store> scam' on Reddit, Trustpilot lookups",forum,https://community.shopify.com/t/how-to-identify-and-report-a-scam-online-store/3432,search Reddit for '[store name] review' or '[store name] scam'
414,general,Shopping & consumer life,Scams & trust,Social media ad scam stores,"Instagram and Facebook ads push heavily discounted products from cookie-cutter template shops that ship nothing or junk, and shoppers cannot tell them from real brands.","social media users, gift buyers",monthly,4,4,only buying from known brands,forum,https://community.shopify.com/t/how-to-identify-and-report-a-scam-online-store/3432,"advertise heavily discounted products via Facebook/Instagram ads, provide fake tracking numbers or ship worthless items"
415,general,Shopping & consumer life,Scams & trust,Trusting product reviews,"Shoppers rely on star ratings but know many reviews are bought or merged from unrelated products, and fake-review checkers only guess.",anyone buying on marketplaces,weekly,4,4,"Fakespot/ReviewMeta, reading only 1-star and 3-star reviews",hn,https://news.ycombinator.com/item?id=33843733,these are just algorithms that don't actually know which reviews are fake
416,general,Shopping & consumer life,Scams & trust,Phishing 'delivery problem' texts,"Fake USPS/FedEx texts about a held package look just like real notifications, and people expecting a parcel cannot tell which alerts are genuine.",anyone awaiting deliveries,weekly,3,4,"never clicking links, checking the carrier site manually",knowledge,,
417,general,Shopping & consumer life,Scams & trust,Review-request overload,"Every purchase triggers a stream of emails and app prompts begging for reviews, which clutters the inbox and trains people to ignore all post-purchase mail, including the important ones.",online shoppers,weekly,2,3,"unsubscribing, filters",article,https://www.npr.org/2026/02/26/nx-s1-5685107/online-review-survey-feedback-fatigue-amazon-shopping,increasingly an obligatory burden for shoppers and sellers alike
418,general,Shopping & consumer life,Subscriptions & billing,Forgotten recurring charges,"Free trials convert and small monthly charges pile up unnoticed across cards, and the person cannot list what they are actually paying for.",households with many digital services,monthly,4,5,reviewing statements line by line once a year,article,https://www.kron4.com/news/national/is-there-an-easier-way-to-cancel-subscriptions/,FTC received about 70 consumer complaints a day in 2024 about recurring subscriptions
419,general,Shopping & consumer life,Subscriptions & billing,Locked out of the account to cancel,A subscription tied to an old email or lost login keeps charging because the company will not cancel without access to that account.,people who changed jobs or emails,occasional,4,3,bank-level block on the merchant,reddit-quoted,https://www.nerdwallet.com/finance/learn/is-there-an-easier-way-to-cancel-subscriptions,"With that email no longer accessible, the service said it was unable to process a cancellation"
420,general,Shopping & consumer life,Subscriptions & billing,Subscriptions designed to be uncancellable,"Cancelling a subscription means hunting hidden buttons, sitting through retention pitches or being told to phone during business hours.",anyone with recurring subscriptions,monthly,4,4,"cancelling the card, emailing repeatedly",reddit-quoted,https://www.nerdwallet.com/finance/learn/is-there-an-easier-way-to-cancel-subscriptions,One frustrated Reddit user recently shared that canceling a subscription seemed impossible
421,general,Shopping & consumer life,Subscriptions & billing,Unused gift cards and store credit,"Gift cards, store credits and refund vouchers get forgotten in drawers or email, and their balances are lost or expire.","gift recipients, frequent returners",occasional,3,5,"a pile of cards in a wallet, checking balances by phone",knowledge,,
422,general,Shopping & consumer life,Subscriptions & billing,Loyalty points expiring unnoticed,Points and rewards across dozens of retailer programs expire or sit unredeemed because there is no single view of balances and deadlines.,shoppers enrolled in multiple loyalty programs,monthly,2,5,logging into each program occasionally,knowledge,,
423,general,Shopping & consumer life,Warranties & receipts,Product recalls go unnoticed,"Recalls for items already in the home (cribs, heaters, food) are announced but owners rarely hear about them because nobody connects purchases to recall notices.",parents and homeowners,occasional,4,4,"none, or luck via news",knowledge,,
424,general,Shopping & consumer life,Warranties & receipts,Warranty expiry dates unknown,"By the time an appliance or gadget breaks, nobody remembers when it was bought or whether it is still under warranty, so claims are missed.",homeowners and gadget owners,occasional,4,5,digging through email or a drawer of receipts,app-review,https://warranty-keeper.com/,push notification 30 days before a warranty is about to expire
425,general,Shopping & consumer life,Warranties & receipts,Receipts and manuals lost,"Paper receipts fade or get tossed, and product manuals vanish, so when something needs a return, warranty claim or repair the proof and instructions are gone.",everyone who buys durable goods,monthly,3,5,"shoebox of receipts, photographing them, searching email",article,https://techwiser.com/best-warranty-and-manual-organizer-apps-to-keep-tracks-of-products/,"keep track of purchase dates, expiration timelines, and serial numbers in one place"
426,general,Shopping & consumer life,Warranties & receipts,Serial numbers and proof of purchase,"Warranty claims and insurance reports demand serial numbers, model numbers and purchase proof that are printed on the item or long-gone packaging.",people filing warranty or theft/insurance claims,occasional,3,4,"photographing labels after the fact, if the item is still around",article,https://www.xda-developers.com/self-hosted-app-keep-track-device-warranties/,add adjacent essentials like invoices or product receipts as well as user manuals
427,general,Shopping & consumer life,Warranties & receipts,Extended warranty worth-it decision,"At checkout the shopper must decide in seconds whether an extended warranty or protection plan is worth it, with no data on failure rates or what the card already covers.",electronics and appliance buyers,occasional,2,3,"guessing, or defaulting to 'no'",knowledge,,
428,general,"Friends, family & social plans",Birthdays & occasions,Birthday reminder arrives too late to act,"The reminder fires on the day itself, when it is too late to buy or post a gift, so the best you can manage is a text.",gift-givers with friends and family far away,monthly,3,5,manually set a second reminder a week earlier,forum,https://www.quora.com/Is-there-any-app-to-remember-birthdays,
429,general,"Friends, family & social plans",Birthdays & occasions,Guest list and headcount for a birthday party,"Kids' and adult parties need a headcount for food and venue, but invites go out through three channels and replies trickle in inconsistently.",parents and party hosts,occasional,3,5,"Evite/Partiful, manual tally",knowledge,,
430,general,"Friends, family & social plans",Birthdays & occasions,Losing birthdays after leaving Facebook,People who relied on Facebook to surface birthdays quit the platform and suddenly miss most friends' birthdays because the dates live nowhere else.,people who deleted social media,monthly,3,5,ask friends for dates; Google Calendar contacts sync,article,https://favshq.com/blog/never-miss-a-birthday-again-the-5-best-tools-to-remember-birthdays,Facebook ... has been the go-to tool for remembering birthdays for years
431,general,"Friends, family & social plans",Birthdays & occasions,Card and gift deadlines for mailed occasions,"Remembering to post a card or gift early enough for it to arrive abroad in time is a separate calculation each occasion, and it is usually late.",people with friends and family overseas,monthly,2,5,"e-cards, apologetic late gifts",knowledge,,
432,general,"Friends, family & social plans",Family coordination,Family calendars that never stay in sync,"Each family member uses a different calendar app and the group chat acts as a third one, so pickups and appointments get double-booked.",families with kids and working parents,daily,4,4,one parent manually re-enters everything,article,https://whennot.com/blog/best-scheduling-tools-for-families-comparison,"the family group chat serves as a third 'calendar,' nothing stays synced"
433,general,"Friends, family & social plans",Family coordination,Finding a call time across time zones,Calling parents or a friend abroad means mentally converting time zones every time and missing the narrow window when both are awake and free.,"expats, immigrants, long-distance families",weekly,3,5,"world clock app, standing Sunday call",knowledge,,
434,general,"Friends, family & social plans",Family coordination,Keeping grandparents in the loop on kids,"Grandparents want regular photos and updates but are not in the fast-moving group chats, so they feel left out or get a dump once a month.",parents with distant grandparents,weekly,3,4,"separate family chat, printed photos",knowledge,,
435,general,"Friends, family & social plans",Family coordination,Calendar apps mangling event times,"Typing 'vets at 2pm' in a title auto-sets a time and adds an hour, so shared events end up wrong and someone shows up late.",families using shared calendar apps,weekly,2,5,manually correct each entry,app-review,https://justuseapp.com/en/app/1003205988/looping-family-calendar/reviews,"automatically puts the time from all day to the specified time and adds an hour, which is annoying"
436,general,"Friends, family & social plans",Family coordination,Family location sharing drains batteries,"All-in-one family apps keep GPS running to show where everyone is, so teens' phones die and they turn sharing off.",parents of teens using family apps,daily,2,3,disable location; text 'where are you',app-review,https://www.growmaple.com/blog-posts/best-family-calendar-app,a subset flag battery drain from continuous location tracking
437,general,"Friends, family & social plans",Gifts,Duplicate gifts from an unshared wishlist,Grandparents and siblings buy the same toy or book because the child's or couple's wishlist lives in a text to one person only.,extended families at Christmas and birthdays,occasional,3,5,"Amazon wishlists, group text 'I've got the Lego'",knowledge,,
438,general,"Friends, family & social plans",Gifts,Gift ideas forgotten by the time they matter,A friend mentions something they'd love in March; by their December birthday you have no idea what it was and panic-buy a candle.,anyone who buys gifts for friends and family,monthly,3,5,"keep a running notes list, if disciplined",article,https://seventhings.substack.com/p/give-gifts-better,Coming up with the perfect gifting idea for everyone out of nowhere is nearly impossible
439,general,"Friends, family & social plans",Gifts,No idea what to get someone,"Facing a birthday for a sibling-in-law or coworker with no clue of their tastes, people default to gift cards and feel bad about it.","everyone, several times a year",monthly,3,3,ask a mutual friend; gift cards; ChatGPT prompts,article,https://www.tomsguide.com/ai/chatgpt/7-chatgpt-prompts-im-using-to-improve-my-gift-giving-heres-how-to-try-them,
440,general,"Friends, family & social plans",Gifts,Organising a Secret Santa across a group,"Drawing names anonymously, honouring exclusions (couples, last year's pairs), sharing budgets and wishlists all by hand is fiddly and error-prone.","families, friend groups and offices at holidays",occasional,3,5,names in a hat; free drawname sites,article,https://giftlist.com/blog/10-secret-santa-gift-exchange-rules-everyone-should-know,"set one budget, draw names randomly and keep them anonymous, honor exclusions, share wish lists"
441,general,"Friends, family & social plans",Gifts,Forgetting what you gave last year,"You cannot recall whether you already gave Dad that whisky or Mum that scarf, and risk repeating a gift.",regular gift-givers,occasional,2,5,search order history,knowledge,,
442,general,"Friends, family & social plans",Gifts,Gifting people you rarely see,For relatives seen once or twice a year it is hard to remember conversations from months ago that would hint at a good gift.,people with extended family or distant friends,occasional,2,4,write notes immediately after seeing them,article,https://gumshoe.substack.com/p/how-to-give-better-gifts,"it's hard to remember conversations from months ago, but writing down thoughts immediately after seeing them helps"
443,general,"Friends, family & social plans",Group decisions,Conflicting opinions derail group trips,"Every trip decision (destination, hotel, activities) triggers disagreement between budget-minded and comfort-minded friends, and the planner absorbs the friction.",friend groups planning holidays,occasional,4,3,one leader decides for everyone; long voice calls,article,https://www.blukyte.co/post/is-group-trip-planning-giving-you-a-headache-here-s-how-to-make-it-easy-and-fun,53% of group travelers experience frustration during planning due to conflicting opinions
444,general,"Friends, family & social plans",Group decisions,Group vacations straining friendships,"Mismatched expectations about budget, pace and schedule turn a week away into low-grade conflict that damages the friendship afterward.",friends who travel together,occasional,4,2,"talk it out beforehand, or avoid group trips",article,https://www.aol.com/lifestyle/8-most-traumatic-things-taking-163033721.html,62% of people have had a friendship strained by a group vacation
445,general,"Friends, family & social plans",Group decisions,Deciding where to eat as a group,"'Where should we eat?' produces twenty messages of 'I don't mind' and one holdout with a dietary restriction, and nobody wants to be the one to choose.",friend groups and couples,weekly,3,5,someone finally picks; coin flips; swipe apps,article,https://sapor.app/,dinner stops costing twenty messages and one holdout
446,general,"Friends, family & social plans",Group decisions,Tracking dietary restrictions across friends,"When hosting or booking, you have to remember who is vegan, gluten-free or allergic to nuts, and someone always gets forgotten.",hosts and restaurant-pickers,monthly,3,4,ask again every time,knowledge,,
447,general,"Friends, family & social plans",Group decisions,Deciding a movie or game for the group,Picking what to watch or play takes longer than the activity itself as everyone vetoes and nobody commits.,friends and families on a night in,weekly,2,4,"random pick, host decides",knowledge,,
448,general,"Friends, family & social plans",Keeping in touch,Always being the one who initiates,"One person in a friendship does all the reaching out and never knows whether the other cares or is just busy, and eventually stops trying.",the 'initiator' friend,weekly,4,2,wait and see if they notice; confront them,article,https://socialself.com/blog/why-friends-stop-keeping-in-touch/,
449,general,"Friends, family & social plans",Keeping in touch,Friend group shrinking after 25,"As people settle down, they stop investing in the wider circle and are left with few people to call for a casual weekend plan.",late-20s and 30s adults,monthly,4,2,"meetup groups, hobby clubs",article,https://www.stylist.co.uk/long-reads/friendship-groups-best-friends-family-whatsapp-social-media-relationship-advice/350372,Social circles shrink at the age of 25
450,general,"Friends, family & social plans",Keeping in touch,Friendships fading from sheer busyness,"Jobs, partners and kids take over, months pass without a message, and a good friend becomes someone you 'should really call'.",adults 25+,monthly,4,3,guilt-driven sporadic catch-ups,forum,https://www.quora.com/Is-it-common-for-adults-to-lose-touch-with-their-friends-due-to-changes-in-peoples-lives-over-time,"Jobs, partners, kids etc all become primary things in someone's life and take up a lot of time"
451,general,"Friends, family & social plans",Keeping in touch,Birthday reminders without meaningful contact,"A once-a-year 'HBD!' is all a relationship gets; the real gap is the eleven silent months in between, which no birthday app addresses.",people with many casual friendships,monthly,3,3,Facebook birthday notifications,article,https://www.myamira.com/blog/birthday-reminder-apps,"the issue is not forgetting birthdays, but the absence of contact in between them"
452,general,"Friends, family & social plans",Keeping in touch,Forgetting who you haven't spoken to in ages,"With dozens of friends spread across cities, you lose track of how long it has been since you last talked to each, and the quiet ones slip away.","people with large, dispersed social circles",weekly,3,5,scroll message history; personal CRM apps,hn,https://news.ycombinator.com/item?id=14895474,know how long it has been since you last spoke ... remind you when it's time to reach out
453,general,"Friends, family & social plans",Keeping in touch,Remembering details people told you,"A friend mentioned their mother's surgery or their kid's name months ago and you cannot recall it when you next meet, which feels careless.",anyone with many acquaintances or infrequent friends,weekly,3,4,"notes app, or bluffing",hn,https://news.ycombinator.com/item?id=25270001,"Remember everything about your friends, family and etc."
454,general,"Friends, family & social plans",Keeping in touch,Reminder apps feel like a chore list for friends,Setting 'contact Sam every 3 weeks' turns friendship into ticket-closing and induces guilt when reminders pile up unanswered.,people who tried personal CRM apps,weekly,3,3,delete the app,app-review,https://apps.apple.com/us/app/-/id6741321870,a mindful companion instead of an annoying reminder manager
455,general,"Friends, family & social plans",Keeping in touch,Sharing photos after an outing,Everyone took photos on their own phone and they never all end up in one place; the group asks 'can you send those pics?' for weeks.,friend groups and families after events,weekly,3,5,"shared albums, WhatsApp compression",knowledge,,
456,general,"Friends, family & social plans",Money between friends,Collecting everyone's share for a group booking,The person who books the villa or tickets fronts hundreds of dollars and then spends weeks chasing friends with different amounts and due dates.,group trip organisers,occasional,5,5,spreadsheet plus repeated Venmo requests,article,https://buoyanttravel.com/stories/5-reasons-group-trip-planning-always-goes-wrong-and-what-to-do-instead,"For the group planner, chasing payments can get overwhelming, with so many people having various due dates and amounts."
457,general,"Friends, family & social plans",Money between friends,Friends who never pay you back,"You cover dinner or tickets and the small IOUs pile up; asking feels petty, not asking breeds resentment.",anyone who fronts money for friends,weekly,4,4,"Splitwise, mental tally, letting it go",article,https://www.splitwise.com/,"track bills and other shared expenses, so that everyone gets paid back"
458,general,"Friends, family & social plans",Money between friends,Expense-splitting app paywalls,"The go-to splitting app now limits free users to a few entries a day and shows countdown ads, so logging a trip's receipts becomes a chore.",Splitwise free users,weekly,3,4,"switch apps, wait until tomorrow, spreadsheet",app-review,https://kimola.com/reports/explore-why-splitwise-users-are-drifting-away-get-insights-now-app-store-in-155789,reached the maximum number of expenses they could input in a day and had to either upgrade ... or wait until tomorrow
459,general,"Friends, family & social plans",Money between friends,Pooling money for a group gift,"Someone buys the joint present and then has to collect $15 from twelve people, some of whom never pay, while payment apps take fees.","coworkers, friend groups, wedding guests",occasional,3,5,"Venmo requests, cash envelopes",article,https://giftlist.com/blog/10-secret-santa-gift-exchange-rules-everyone-should-know,"set a budget everyone agrees on, collect money fee-free, pick the gift, and present it"
460,general,"Friends, family & social plans",Planning meetups,Chasing RSVPs before a gathering,"Hosts have no idea how many people are coming because half the invitees never answer, so they cannot book a table or buy food with confidence.","anyone hosting dinners, parties or birthdays",monthly,4,5,individually DM each person the day before,article,https://www.timeout.com/newyork/things-to-do/group-planning-free-mobile-apps-and-online-tools,"create events inside a chat, complete with RSVPs"
461,general,"Friends, family & social plans",Planning meetups,Finding a date everyone is free,Getting five friends to a shared evening means endless back-and-forth of 'I can't do the 12th' with no single view of who is free when.,busy adults with friends on different schedules,weekly,4,5,"Doodle/When2meet polls, repeated messages",article,https://howbout.app/blog/making-plans/the-app-to-get-friends-together,"share availability, create plans in one place, and skip the back-and-forth messaging"
462,general,"Friends, family & social plans",Planning meetups,Group chat plans that never get decided,A question to eight people at once is everyone's job and therefore no one's; a single Saturday plan takes dozens of messages and often dies in the thread.,friend groups coordinating over WhatsApp/iMessage,weekly,4,4,"one person unilaterally declares a plan, or the plan quietly dies",article,https://flaky-app.com/blog/why-group-chats-kill-plans,The average group chat takes 50 messages to confirm one Saturday plan.
463,general,"Friends, family & social plans",Planning meetups,Last-minute cancellations by flaky friends,"Plans made a week ago collapse the same day when one or two people bail, leaving the rest unsure whether the outing is still on.",anyone with unreliable friends,weekly,4,3,"over-invite, accept it, or stop making plans with that person",article,https://msutoday.msu.edu/news/2023/01/cancelling-plans-research,"80% of participants said that canceling plans would not affect their friendship, but they would be upset if... the reason was a lie."
464,general,"Friends, family & social plans",Planning meetups,Plans stall in 'group chat limbo',"A trip or outing gets enthusiastic agreement, then sits unresolved for weeks or months with no dates, no bookings and slowly dying energy.",anyone organising a trip or outing with friends,monthly,4,4,an organiser nags repeatedly or gives up,article,https://www.afar.com/magazine/how-to-plan-the-perfect-group-trip-without-the-stress,84% of travelers have had a group trip stall out at the planning stage... 'group chat limbo' for one to three months.
465,general,"Friends, family & social plans",Planning meetups,Unequal workload on the trip organiser,"One friend ends up researching, booking and coordinating everything while others just show up, which breeds resentment and strains friendships.",the 'planner friend' in every group,occasional,4,3,none; quietly resent it,article,https://medium.com/design-bootcamp/simplifying-the-trip-planning-experience-for-group-trip-leaders-a-product-design-case-study-ffc3e10eb547,"fragmented communication, decision fatigue, and unequal workload distribution"
466,general,"Friends, family & social plans",Planning meetups,Casual plans never land on a calendar,"Social plans feel too informal to bother putting in a calendar, so they get double-booked or forgotten until the reminder text arrives.",people who keep social life in their head,weekly,3,4,"memory, or manual calendar entry after the fact",forum,https://www.indiehackers.com/post/how-do-you-validate-a-free-product-social-network-21eb3cd46a,"Social plans are casual and informal, people avoid adding events to calendars"
467,general,"Friends, family & social plans",Planning meetups,Every social app needs all your friends on it,"Planning tools only work if the whole group installs them, so the organiser ends up back in the group chat copying links for the holdouts.",people who try planning apps with friends,monthly,3,3,fall back to text/email; use apps with guest links,forum,https://www.indiehackers.com/post/idea-validation-social-networks-are-useless-and-how-to-fix-it-26e05c7fbf,must escape 'empty room syndrome' ... users won't likely find much use unless their friends are on it
468,general,"Friends, family & social plans",Planning meetups,Not knowing which friends are nearby or free tonight,"You would happily grab a drink if you knew a friend was in the neighbourhood and free, but finding out means messaging everyone individually.",urban young adults,weekly,3,4,post in group chat 'anyone around?',article,https://theteardown.substack.com/p/learn-where-friends-are-by-talking,
469,general,"Friends, family & social plans",Planning meetups,Plan details buried in the chat scroll,"The address, time and who is driving get lost hundreds of messages back in a noisy group chat, so people keep re-asking on the day.",friend groups and families using chat to organise,weekly,3,5,"pin a message, re-send the details, screenshot",forum,https://www.indiehackers.com/post/how-do-you-validate-a-free-product-social-network-21eb3cd46a,group chats are noisy and disorganized with plans getting lost in endless scrolling
470,general,"Friends, family & social plans",Planning meetups,Potluck sign-ups with five desserts and no mains,"Without a shared list of who brings what, potlucks end up with duplicate dishes and gaps, and the host fields the same question ten times.","hosts of potlucks, BBQs, office parties",monthly,3,5,"Google Sheet, SignUpGenius, group chat",knowledge,,
471,general,"Friends, family & social plans",Planning meetups,Recurring meetups that quietly die,"The monthly board-game night or weekly run stops once someone forgets to send the reminder, and nobody restarts it.",hobby and friend groups,monthly,3,5,one dedicated organiser,knowledge,,
472,general,"Friends, family & social plans",Planning meetups,Ride and carpool logistics to events,"Who is driving, who needs a lift and who is sober gets sorted in a chaotic burst of messages an hour before leaving.",friend groups going to events,weekly,3,4,last-minute texting,knowledge,,
473,general,"Friends, family & social plans",Planning meetups,Cancelling plans without a clear message,"People agonise over how to cancel and end up inventing excuses, which research shows hurts friendships more than the cancellation itself.",anyone who has to bail on a plan,monthly,2,2,"templates, white lies",article,https://amp.cbc.ca/lite/story/1.4243593,
474,general,"Friends, family & social plans",Planning meetups,Rotating who hosts or organises,The same person hosts every dinner or books every trip because there is no visible record of whose turn it is.,regular friend and family gatherings,monthly,2,4,none; the reliable person keeps doing it,knowledge,,
475,general,"Friends, family & social plans",Shared chores,Reminding a partner about chores without nagging,"One partner carries the mental load of remembering every household task and either does it or nags, and both options cause friction.",cohabiting couples,daily,4,4,"shared to-do apps, verbal reminders",knowledge,,
476,general,"Friends, family & social plans",Shared chores,Roommates' uneven cleaning habits,Dishes and bathrooms get cleaned by whoever cracks first; the tidy roommate does most of it and there is no shared record to point to.,renters with roommates,daily,4,4,"passive-aggressive notes, house meetings, chore wheels",article,https://www.rent.com/blog/best-apps-for-roommates/,"37 percent named cleaning habits as their top roommate pet peeve, far ahead of any money complaint"
477,general,"Friends, family & social plans",Shared chores,Re-negotiating chores every single week,Who takes out the bins or buys toilet paper is argued afresh each week because nothing records the rotation or the last time it was done.,shared households,weekly,3,5,"fridge chart, chore apps",article,https://cohabby.com/blog/best-apps-for-roommates/,turn those repeat negotiations into a system nobody has to think about
478,general,"Friends, family & social plans",Shared chores,Household chore apps too childish for adults,"Most chore trackers are gamified for kids with points and monsters, which feels patronising to adult roommates and gets abandoned.",adult roommates and couples,weekly,2,4,shared notes or spreadsheets,article,https://www.tidied.app/blog/best-chore-apps-roommates,
479,general,Parenting & childcare,Activities & transport,Overlapping activity schedules per child,"With two kids in three activities each, practices, games and recitals overlap and change weekly, and one parent cannot be at two fields at once.",parents of multiple school-age kids,weekly,4,5,shared calendar and constant renegotiation,knowledge,,
480,general,Parenting & childcare,Activities & transport,Summer camp week-by-week puzzle,"Summer requires stitching together ten different camps with different hours, registration dates and drop-off locations, and popular ones fill within minutes of opening.",working parents of school-age kids,occasional,4,4,a color-coded spreadsheet in February,knowledge,,
481,general,Parenting & childcare,Activities & transport,Birthday party RSVPs never come,"Parents send invites through backpacks or Evite and half the families never reply, so they cannot plan food, goody bags or venue headcount.",parents hosting kids' parties,occasional,3,4,chase each parent individually,knowledge,,
482,general,Parenting & childcare,Activities & transport,Carpool with only trusted families,Parents want to share driving to practices but existing rideshare apps use strangers; coordinating with known families happens in messy group texts.,parents of kids in activities,weekly,3,4,group text and a whiteboard,article,https://tinybeans.com/floc-app-carpools-for-kids/,designed by parents for parents and doesn't rely on drivers you've never met
483,general,Parenting & childcare,Activities & transport,Not knowing the kid was picked up,"When another parent drives, the family at home has no confirmation the child got in the car or arrived, and texts asking for updates feel nagging.",parents relying on carpools,weekly,3,4,text the driver,article,https://gokid.mobi/parents/,"Schedule rides, get notifications, driving directions, track your child"
484,general,Parenting & childcare,Activities & transport,Sports schedule changes by text,"Coaches change practice times or cancel for weather via a team chat, and the parent driving that day is not the one who saw the message.",parents of kids in team sports,weekly,3,4,forward screenshots to partner,knowledge,,
485,general,Parenting & childcare,Activities & transport,Whose turn to drive this week,"Rotating carpool duty across four families for a twice-weekly practice collapses when someone is sick, and nobody remembers who covered last time.",parents in carpool groups,weekly,3,5,shared spreadsheet that goes stale,article,https://coolmomtech.com/2018/02/carpooling-figure8-app-review/,"creates the events your kids need rides to, like, soccer practice or play rehearsal"
486,general,Parenting & childcare,Activities & transport,Playdate scheduling ping-pong,"Setting up one playdate takes days of back-and-forth texts comparing two families' nap times, activities and custody weekends.",parents of preschool and elementary kids,weekly,2,4,long text threads,knowledge,,
487,general,Parenting & childcare,Babies & toddlers,Caregiver feed logs sync late,"When two caregivers log feeds and naps on their own phones, one person's entries show up on the other's timeline hours later or the next day, so the baby gets double-fed or a nap is missed.",parents of newborns with a partner or nanny,daily,4,5,text each other after every feed,app-review,https://justuseapp.com/en/app/779656557/baby-tracker-newborn-log/reviews,updates from one caregiver don't appear on another's timeline until several hours later or the next day
488,general,Parenting & childcare,Babies & toddlers,Deciding which pediatric symptom needs care,"At night a parent cannot tell whether a fever or rash warrants urgent care, the pediatrician's line is closed, and search results are terrifying.",parents of young children,monthly,4,3,"nurse hotline, Google",knowledge,,
489,general,Parenting & childcare,Babies & toddlers,Medication doses across caregivers,"Parents, grandparents and daycare each give a child medicine and nobody knows when the last dose was, risking a double dose or a missed one.",families with a sick child,occasional,4,5,sticky note on the bottle,knowledge,,
490,general,Parenting & childcare,Babies & toddlers,Introducing solids without a plan,"Parents starting solids lose track of which foods (especially allergens) have been tried, when, and whether there was a reaction.",parents of 6-12 month olds,daily,3,5,notes app list,knowledge,,
491,general,Parenting & childcare,Babies & toddlers,Phone locks mid-nursing session,"While timing a feed one-handed the screen locks, forcing repeated unlocking and password entry all day with a baby on the other arm.",breastfeeding parents,daily,3,4,disable auto-lock for the whole phone,app-review,https://justuseapp.com/en/app/779656557/baby-tracker-newborn-log/reviews,"annoying when the phone screen locks during nursing sessions, requiring them to unlock and enter passwords repeatedly"
492,general,Parenting & childcare,Babies & toddlers,Potty training progress unclear,"Accidents and successes happen across home, daycare and grandparents, so nobody can see whether training is actually progressing or what time of day fails.",parents of 2-3 year olds,daily,3,4,sticker chart,knowledge,,
493,general,Parenting & childcare,Babies & toddlers,Tracking a toddler's tantrum triggers,Parents suspect meltdowns follow skipped snacks or short naps but cannot see the pattern because nobody writes down when they happen.,parents of 2-4 year olds,daily,3,4,none,article,https://apps.apple.com/us/app/-/id6502125545,keep track of your experience achieving zero tantrum days
494,general,Parenting & childcare,Babies & toddlers,Vaccine and checkup schedule drift,Well-child visits and vaccine boosters fall behind because the next due date is only on a paper card from the last appointment.,parents of children under 6,occasional,3,5,clinic reminders if lucky,knowledge,,
495,general,Parenting & childcare,Babies & toddlers,Ads in the tracker at 3 a.m.,"Free baby trackers interrupt a half-asleep parent logging a night feed with full-screen ads, and the paid tier locks basic features behind a subscription.",parents of newborns,daily,2,3,"pay, or tolerate it",app-review,https://justuseapp.com/en/app/1077177456/glow-baby-newborn-tracker-log/reviews,the ads were a little annoying
496,general,Parenting & childcare,Babies & toddlers,Kid milestones and memories scattered,"First words, heights and school photos are spread across phone camera rolls, texts and the daycare app, and never make it into any kind of record.",parents of young kids,monthly,2,4,a baby book that stops at month three,knowledge,,
497,general,Parenting & childcare,Babies & toddlers,Missed entries break pattern charts,"If a feed or nap is logged late or skipped, the app's pattern graph shows empty gaps instead of a usable trend, making the whole chart untrustworthy.",parents tracking newborn sleep and feeds,daily,2,4,keep a paper log alongside,app-review,https://justuseapp.com/en/app/779656557/baby-tracker-newborn-log/reviews,"missing activity in patterns means when it's logged it's not part of the patterns graph, showing only empty gaps"
498,general,Parenting & childcare,Babies & toddlers,Sharing baby photos with grandparents,"Relatives want constant photos but parents do not want to post publicly, so pictures go out in scattered texts and nobody has the full set.",parents of babies,weekly,2,5,"group chats, shared albums",article,https://tinybeans.com/apps-every-new-parent-needs/,an easier way to share pictures of your toddler with friends and family
499,general,Parenting & childcare,Babies & toddlers,Toddler's funny sayings get forgotten,"Parents want to remember the odd words and phrases a toddler invents, but they are gone by the next day unless typed somewhere at that moment.",parents of toddlers,weekly,2,4,notes app or nothing,article,https://tinybeans.com/apps-every-new-parent-needs/,"a digital dictionary for the magical, hilarious, and unrepeatable things your toddler says"
500,general,Parenting & childcare,Childcare & sitters,Arranging last-minute childcare cover,"When school closes or a sitter cancels, parents scramble through contacts to find anyone available that day, with no view of who is free.",working parents,monthly,5,4,"text everyone, take a sick day",article,https://muthalife.substack.com/p/mental-load-i-have-apps-for-that,arranging childcare
501,general,Parenting & childcare,Childcare & sitters,Daycare waitlists with no visibility,"Parents put their name on six daycare waitlists, pay fees, and never learn where they stand or when a spot might open.",expectant and new parents,occasional,4,3,call each center monthly,knowledge,,
502,general,Parenting & childcare,Childcare & sitters,Finding a vetted babysitter fast,"Parents want a Saturday-night sitter but the only options are strangers on marketplaces or asking friends' sitters, with no idea of availability or rates.",parents of young children,monthly,3,4,"Facebook groups, friend referrals",knowledge,,
503,general,Parenting & childcare,Childcare & sitters,Splitting sitter pay in a nanny share,"Two families sharing a nanny argue over hours, sick days, holidays and who owes what, with tracking done in a spreadsheet nobody updates.",nanny-share families,weekly,3,4,spreadsheet and Venmo,knowledge,,
504,general,Parenting & childcare,Childcare & sitters,Daycare daily report buried in feed,"The daycare app posts naps, meals and diapers as a scrolling feed with photos, so finding out whether the child ate lunch means scrolling past twenty updates.",parents with kids in daycare,daily,2,4,ask the teacher at pickup,knowledge,,
505,general,Parenting & childcare,Childcare & sitters,Sitter handoff notes every time,"Every babysitter or grandparent needs the same rundown (allergies, bedtime routine, pediatrician number, wifi) retyped into a text or explained at the door.",parents who use sitters,monthly,2,5,a laminated sheet on the fridge,knowledge,,
506,general,Parenting & childcare,Co-parenting,Co-parent communication breakdowns,"Logistics messages between ex-partners get lost among emotional ones, and there is no neutral, searchable record of who agreed to what about pickups and appointments.",separated co-parents,weekly,4,4,"email only, or a mediator",article,https://www.healthline.com/health/parenting/co-parenting-lessons-learned-along-the-way,"communication breakdowns, scheduling conflicts, and differing parenting styles"
507,general,Parenting & childcare,Co-parenting,Custody schedule breaks on surprises,"A sick day, a work trip or a school closure forces the whole custody calendar to be renegotiated by text, and swapped days are never recorded anywhere.",separated or divorced co-parents,monthly,4,4,text threads and a paper calendar,article,https://dralizapressman.substack.com/p/navigating-co-parenting-conflicts,scheduling can be disrupted when unexpected situations arise that require renegotiation
508,general,Parenting & childcare,Co-parenting,Ex unilaterally demands schedule changes,"One parent asks to change the custody schedule with no record of the original agreement, so each request turns into an argument about what was previously agreed.",co-parents with informal arrangements,monthly,4,3,screenshot old texts,article,https://www.aol.com/lifestyle/ex-demanded-change-custody-schedule-210021858.html,ex demanded change custody schedule
509,general,Parenting & childcare,Co-parenting,Splitting child expenses with an ex,"Shared costs for shoes, camps and copays pile up as receipts in texts, and reconciling who owes whom becomes a monthly fight.",separated co-parents,monthly,4,5,"spreadsheet, screenshots, or letting it go",knowledge,,
510,general,Parenting & childcare,Co-parenting,Both parents not on the school list,"School emails and emergency calls go to one parent only, so the other learns about early pickups or sick days second-hand or not at all.",co-parents and non-custodial parents,weekly,3,3,forward every email manually,knowledge,,
511,general,Parenting & childcare,Co-parenting,Kid's stuff at the wrong house,"The soccer cleats, inhaler or library book are at the other parent's home on the day they are needed.",kids splitting time between two homes,weekly,3,4,duplicates of everything,knowledge,,
512,general,Parenting & childcare,Co-parenting,New partners muddle handoff plans,"When a step-parent or new partner starts doing pickups, nobody knows who is actually collecting the child on a given day and the school has no updated list.",blended families,weekly,3,3,day-of texts,article,https://dralizapressman.substack.com/p/navigating-co-parenting-conflicts,"Custody schedules are often a source of contention, especially when there are new partners in the mix"
513,general,Parenting & childcare,Kids & screens,Screen-time limits enforced inconsistently,"Each parent, grandparent and sitter enforces a different screen rule, and built-in controls are easy for kids to bypass or for parents to forget to set.",parents of kids with tablets,daily,4,4,"device parental controls, arguments",knowledge,,
514,general,Parenting & childcare,Kids & screens,Kids never answer the phone,"A parent trying to confirm a pickup or curfew cannot get a teen or tween to answer calls or texts, even though the phone is clearly in use.",parents of tweens and teens with phones,weekly,3,4,"call repeatedly, threaten to take the phone",article,https://www.phonearena.com/news/Parents-kids-not-calling-you-back--Frustrated-mom-develops-app-that-remotely-locks-devices-until-they-do_id59435,"Parents, kids not calling you back?"
515,general,Parenting & childcare,Mental load & household,Default parent carries all reminders,"One parent silently holds every appointment, form and childcare arrangement in their head because if they do not do it, it does not get done.",primary caregivers in two-parent homes,daily,5,3,"none, or nagging",article,https://www.aol.com/lifestyle/why-moms-feel-default-parent-143000160.html,"If I don't do it, it won't get done."
516,general,Parenting & childcare,Mental load & household,Invisible mental load cannot be shared,"Anticipating needs (outgrown shoes, upcoming vaccines, snack duty) lives only in one parent's head, so a partner willing to help has no list to take from.",couples trying to split parenting labour,daily,4,4,"talk about it, which changes nothing",article,https://muthalife.substack.com/p/mental-load-i-have-apps-for-that,"remembering appointments, tracking school supplies, planning meals, arranging childcare, and anticipating needs before they arise"
517,general,Parenting & childcare,Mental load & household,Morning routine chaos,"Getting kids dressed, fed, teeth brushed and out the door on time takes constant verbal prompting and ends in yelling most days.",parents of young school-age kids,daily,4,3,"picture checklists, waking up earlier",knowledge,,
518,general,Parenting & childcare,Mental load & household,Daily school lunch packing fatigue,"Packing a lunch the child will actually eat, every single school day, while honoring nut-free rules and avoiding the same three things.",parents of school-age kids,daily,3,3,same lunch every day,knowledge,,
519,general,Parenting & childcare,Mental load & household,Kids only accept one parent,"Children insist on one parent for bedtime or comfort, so tasks cannot actually be rebalanced even when the other parent is willing.",parents of toddlers and preschoolers,daily,3,2,gradual handoff routines,article,https://allisondaminger.substack.com/p/both-of-our-kids-have-a-strong-preference,He could do it - but they'd scream
520,general,Parenting & childcare,Mental load & household,Outgrown clothes and next sizes,"Parents discover on a cold morning that no winter coat fits, and do not know which sizes are in the closet, in bins or promised as hand-me-downs.",parents of growing kids,monthly,3,4,"bins in the garage, guessing",knowledge,,
521,general,Parenting & childcare,Mental load & household,Chores and allowance tracking,"Chore charts on the fridge are ignored within a week and allowance is paid inconsistently, so kids argue about what was done and what is owed.",parents of school-age kids,weekly,2,5,"paper chart, cash jar",knowledge,,
522,general,Parenting & childcare,School logistics,Separate app per teacher and class,"Each teacher picks their own messaging app (ClassDojo, Seesaw, Bloomz, Band...), so a family with two kids may need eight logins that all send notifications.",parents with multiple kids in school,daily,4,4,"install everything, mute most, miss things",article,https://ashleegadd.substack.com/p/too-many-apps-too-little-time,not just 40 different communication apps but more like 400 and counting
523,general,Parenting & childcare,School logistics,Too many school communication apps,"Announcements, grades, bus times, lunch menus and sports schedules arrive across four or more apps plus email, so parents never know where a given piece of information lives.",parents of school-age kids,daily,4,4,"check every app each evening, screenshot things into a family chat",article,https://foxnews.com/tech/parents-inundated-overwhelming-school-apps.amp,"a tangle of disjointed communication platforms for classroom announcements, grades, bus times, lunch menus, sports schedules"
524,general,Parenting & childcare,School logistics,Tracking school event dates per child,"Early dismissals, spirit days, picture day and open houses are spread across several calendars per child; parents keep four apps plus multiple calendars for one kid.",parents of school-age kids,weekly,4,5,manually re-enter everything into a shared Google Calendar,article,https://www.aol.com/lifestyle/parents-signed-classroom-updates-got-090044232.html,some parents keeping tabs on four apps plus multiple calendars just for one child
525,general,Parenting & childcare,School logistics,Apps that add work instead of saving it,"School and parenting apps meant to help instead pull attention, time and energy, each demanding its own notifications, logins and check-ins.",all parents,daily,3,3,"delete apps, rely on word of mouth",article,https://foxnews.com/tech/parents-inundated-overwhelming-school-apps.amp,"they pull from limited resources of attention, time and energy, becoming overwhelming to manage"
526,general,Parenting & childcare,School logistics,Back-to-school supply list scramble,Each grade publishes a different supply list with specific brands and quantities; parents cross-check three stores and still end up missing items.,parents of school-age kids,occasional,3,4,"photo of the list, multiple shopping trips",article,https://motherloadnewsletter.substack.com/p/issue-1-the-various-loads-of-motherhood,The mental load of preparing for a new school year includes supply lists
527,general,Parenting & childcare,School logistics,Forgetting special-day items,"Library day, gym shoes, show-and-tell and crazy-hat day each need something specific on a specific weekday, and the reminder was in a newsletter three weeks ago.",parents of elementary kids,weekly,3,5,whiteboard by the door,knowledge,,
528,general,Parenting & childcare,School logistics,Homework and assignment visibility,"Parents cannot see what homework is due until a missing-assignment email arrives, because the portal is hard to read and the kid says 'nothing'.",parents of middle and high schoolers,daily,3,4,"check the portal weekly, nag",knowledge,,
529,general,Parenting & childcare,School logistics,Paper permission slips and forms,"Permission slips, physical forms and consent sheets come home crumpled in backpacks, must be signed on paper and returned by a date nobody wrote down.",parents of school-age kids,monthly,3,4,fridge magnet and hoping,article,https://motherloadnewsletter.substack.com/p/issue-1-the-various-loads-of-motherhood,"supply lists, open house nights, meeting teachers, endless forms, physicals, and permission slips"
530,general,Parenting & childcare,School logistics,Parent WhatsApp groups misused for noise,"Class group chats fill with off-topic chatter and complaints, burying the one message about tomorrow's costume day that actually matters.",parents in class group chats,daily,3,3,mute the group and hope someone tells you,article,https://www.tes.com/news/parents-stop-misusing-class-messaging-apps,parents stop misusing class messaging apps
531,general,Parenting & childcare,School logistics,Remembering which channel holds what,"Teacher email, classroom portal, WhatsApp parent group and paper forms each carry different information, so parents spend cognitive energy remembering where to look for a given fact.",parents of school-age kids,weekly,3,4,search email and chats repeatedly,article,https://sarapetersen.substack.com/p/too-many-apps,cognitive energy to remember where to find different pieces of information
532,general,Pets,Costs & insurance,Surprise vet bills,"Treatment costs are unclear until the invoice arrives, and owners cannot compare prices or budget for likely annual expenses.","all pet owners, especially on tight budgets",occasional,4,3,"asking for estimates, care credit cards",article,https://www.avma.org/javma-news/2020-04-01/pain-points,
533,general,Pets,Costs & insurance,Pet insurance claim paperwork,"Submitting claims requires itemised invoices and medical notes that owners have to chase from the clinic, then wait weeks for reimbursement.",insured pet owners,occasional,3,4,"photographing receipts, emailing the clinic",knowledge,,
534,general,Pets,Costs & insurance,Tracking total pet spending,"Food, litter, vet, grooming and sitters are spread across many stores and cards, so owners have no idea what the pet costs per month.",budget-conscious owners and multi-pet homes,monthly,2,5,general budgeting apps,app-review,https://apps.apple.com/app/my-pet-the-pet-record-maker/id566849086,"track incidents, weight, height & length, medications, allergies, expenses, pet boarding"
535,general,Pets,Feeding & nutrition,Which human foods are toxic,"In the moment a pet grabs a grape, an onion scrap or a lily leaf, owners scramble to find out whether it is dangerous and how much is too much for the pet's weight.",dog and cat owners,occasional,4,4,"frantic web searches, calling the vet or a poison hotline",knowledge,,
536,general,Pets,Feeding & nutrition,Not knowing if the pet was fed,"In a household with several people, nobody is sure whether the dog or cat already ate, so the pet gets fed twice or skipped entirely.",families and roommates sharing a pet,daily,3,5,"group chat messages, a whiteboard on the fridge, or asking the pet's begging behaviour",knowledge,,
537,general,Pets,Feeding & nutrition,Overwhelming pet food choices,"Choosing the right food takes days or months because there is no easy way to filter brands by the pet's age, allergies, breed and budget.",new pet owners and owners of pets with sensitivities,occasional,3,4,reading forum threads and asking the vet or pet store staff,article,https://www.zigpoll.com/content/what-are-the-most-common-user-pain-points-you've-identified-when-pet-owners-interact-with-your-services-and-how-do-you-prioritize-these-in-your-product-development-cycle,taking days to months to find the right food as there is no easy way to filter and narrow down relevant information
538,general,Pets,Feeding & nutrition,Portion sizes for weight management,"Owners are told the pet is overweight but cannot work out how many grams per meal to give across kibble, wet food and treats, and lose track of what treats added up during the day.",owners of overweight dogs and cats,daily,3,4,"guessing from the bag chart, measuring cups",knowledge,,
539,general,Pets,Feeding & nutrition,Small-animal cage and tank upkeep,"Rabbit, hamster, reptile and fish owners forget water changes, substrate swaps, UV bulb replacements and enclosure temperature checks.","owners of small animals, reptiles and fish",weekly,3,4,"calendar reminders, forum care sheets",knowledge,,
540,general,Pets,Feeding & nutrition,Food transition schedules,"Switching a pet to a new food needs a gradual ratio change over 7-10 days, and owners forget which day they are on and cause stomach upsets.",owners changing diets or brands,occasional,2,4,sticky note on the food bin,knowledge,,
541,general,Pets,Feeding & nutrition,Running out of pet food unexpectedly,"The bag of kibble or box of litter runs out on a night when stores are closed, because nobody tracks consumption against what is left.",all pet owners,monthly,2,4,subscription deliveries that arrive too early or too late; emergency store runs,knowledge,,
542,general,Pets,Health records & vet,Emergency vet decision at 2am,"When a pet vomits or limps at night, owners cannot tell whether it can wait until morning or needs the expensive emergency hospital right now.",all pet owners,occasional,5,3,"Googling symptoms, calling a 24h hotline",knowledge,,
543,general,Pets,Health records & vet,Finding a vet with open appointments,"Clinics are booked out for weeks and new-patient waitlists are long, so owners phone clinic after clinic looking for anyone who can see the pet soon.",owners in areas with vet shortages,occasional,4,4,"calling around, urgent care clinics",article,https://www.avma.org/javma-news/2020-04-01/pain-points,
544,general,Pets,Health records & vet,Medical history scattered across vets,"After moving or switching clinics, the pet's history is split between old clinics, emergency hospitals and paper printouts, so each new vet starts from scratch.",owners who have moved or used multiple clinics,occasional,4,5,"requesting record transfers by fax or email, keeping a folder",app-review,https://vetrecord.app/,"digitize, store, and share your pet's complete medical history, including vaccinations, medications, weight, and vet notes"
545,general,Pets,Health records & vet,Vaccination records not on hand,"Kennels, groomers, daycares and trainers ask for proof of vaccinations and owners cannot find the paper certificate or the vet email, and get turned away.","owners using boarding, grooming and daycare services",monthly,4,5,"phone photos of certificates, calling the vet to re-send",app-review,https://apps.apple.com/us/app/-/id6758548102,helps ensure you never get turned away at the kennel or groomer again
546,general,Pets,Health records & vet,Forgetting what to ask the vet,"Owners notice small concerns for weeks, then forget them in the exam room, and afterwards cannot recall what the vet actually said.",all pet owners,occasional,3,4,"notes app, asking the vet to write it down",app-review,https://apps.apple.com/us/app/-/id6749597005,
547,general,Pets,Health records & vet,Interpreting vet advice given by chat,Telehealth and clinic chat replies use clinical shorthand and owners struggle to understand what to actually do next.,owners using telehealth or clinic messaging,occasional,3,4,"searching terms online, calling the clinic back",article,https://www.zigpoll.com/content/what-are-the-most-common-user-pain-points-you've-identified-when-pet-owners-interact-with-your-services-and-how-do-you-prioritize-these-in-your-product-development-cycle,"interpreting veterinary advice on chat, or rescheduling appointments"
548,general,Pets,Health records & vet,Missing booster and deworming dates,"Annual boosters, rabies renewals and quarterly dewormers slip past because the only reminder is a postcard from the vet that gets lost.",all dog and cat owners,monthly,3,5,vet reminder postcards and calendar entries,app-review,https://vetrecord.app/,"set automated reminders for upcoming booster shots, deworming schedules, and vet appointments"
549,general,Pets,Health records & vet,Rescheduling vet appointments by phone,"Changing a vet appointment means calling during business hours, waiting on hold and taking whatever slot is offered.",working pet owners,monthly,3,4,"calling repeatedly, emailing the clinic",article,https://www.zigpoll.com/content/what-are-the-most-common-user-pain-points-you've-identified-when-pet-owners-interact-with-your-services-and-how-do-you-prioritize-these-in-your-product-development-cycle,"problems managing multiple pets, interpreting veterinary advice on chat, or rescheduling appointments"
550,general,Pets,Health records & vet,Pet health records without accounts,"Owners distrust cloud pet apps that require sign-up and subscriptions, and lose their data when the app shuts down or the plan lapses.",privacy-conscious pet owners,occasional,2,4,spreadsheets and paper folders,app-review,https://apps.apple.com/app/id6760608165,"works without an account, without a server, and without a subscription"
551,general,Pets,Medication & health monitoring,Monitoring a senior pet's quality of life,"Owners of aging pets cannot tell whether bad days are becoming more frequent, making end-of-life decisions feel like guesswork.",owners of elderly or terminally ill pets,daily,5,4,memory and gut feeling; printed quality-of-life scales,article,https://www.avma.org/javma-news/2020-04-01/pain-points,"allows owners to record whether a pet had a good, neutral, or bad day"
552,general,Pets,Medication & health monitoring,Litter box habits as health signal,"Changes in a cat's urination or stool frequency are early signs of urinary blockage or kidney disease, but in multi-cat homes nobody knows which cat did what.","cat owners, especially multi-cat households",daily,4,3,"separating cats, expensive smart litter boxes",knowledge,,
553,general,Pets,Medication & health monitoring,Tracking daily medication doses,"Pets on twice-daily pills, ear drops or insulin get double-dosed or missed because caregivers cannot remember whether the morning dose was given.",owners of chronically ill or senior pets,daily,4,5,"pill organisers, notes on the counter",app-review,https://alternativeto.net/browse/all/?tag=dogs,manage your pet's medications and treatments with smart reminders and detailed tracking
554,general,Pets,Medication & health monitoring,Elimination-diet allergy detective work,"Figuring out which ingredient triggers a pet's itching requires weeks of controlled feeding and correlating flare-ups, which owners cannot keep straight.",owners of pets with food allergies,daily,3,4,"spreadsheets, vet-prescribed hydrolysed diets",knowledge,,
555,general,Pets,Medication & health monitoring,"Flea, tick and heartworm renewals",Monthly preventatives are applied late or skipped because the 30-day cycle drifts and each pet in the house is on a different date.,dog and cat owners,monthly,3,5,"box stickers, calendar reminders",knowledge,,
556,general,Pets,Medication & health monitoring,Logging symptoms for the vet,"When asked how often the dog has been vomiting or scratching, owners can only guess because they never wrote incidents down with dates.",owners of pets with recurring issues,weekly,3,5,"phone notes, photos with timestamps",app-review,https://apps.apple.com/app/my-pet-the-pet-record-maker/id566849086,"track incidents, weight, height & length, medications, allergies, expenses"
557,general,Pets,Medication & health monitoring,Spotting gradual weight changes,Slow weight loss or gain in a cat or dog goes unnoticed for months because the pet is only weighed at the annual visit.,cat and dog owners,monthly,3,4,"bathroom scale subtraction, vet visits",app-review,https://apps.apple.com/app/id6760608165,"keeps your vaccination record, medication schedule, vet visit note, and weight log organized"
558,general,Pets,Medication & health monitoring,Grooming and nail-trim intervals,"Owners forget when nails were last clipped, ears cleaned or the coat brushed, and only notice when the dog is clicking on the floor or matted.",owners of long-coated or indoor pets,monthly,2,4,groomer reminder texts,knowledge,,
559,general,Pets,Multi-caregiver coordination,Lost pet with nowhere to broadcast,"When a pet goes missing, owners must post separately on multiple social groups, shelters and poster sites, while finders have no single place to check.",all pet owners,occasional,5,4,"flyers, neighbourhood social groups, microchip registries",article,https://en.wikipedia.org/wiki/Lost_Dogs%27_Home,
560,general,Pets,Multi-caregiver coordination,Managing several pets' schedules,"With multiple pets each on different food, meds and vet dates, owners mix up which animal is due for what.","multi-pet households, fosters, breeders",daily,4,5,"shared calendar, whiteboard",article,https://www.zigpoll.com/content/what-are-the-most-common-user-pain-points-you've-identified-when-pet-owners-interact-with-your-services-and-how-do-you-prioritize-these-in-your-product-development-cycle,Specific pain points include problems managing multiple pets
561,general,Pets,Multi-caregiver coordination,Co-parenting a pet across two homes,"Separated couples or friends sharing custody of a pet lose track of whose week it is, what was fed and what the vet said.",people sharing pet custody,weekly,3,5,text threads and shared calendars,knowledge,,
562,general,Pets,Sitters & walkers,"Sitter lost the dog, no help finding it","When a sitter lets a dog escape, owners are far away and the platform offers little coordinated help searching, contacting shelters or alerting neighbours.",travelling owners using sitters,occasional,5,3,"social media posts, lost-pet flyers, shelter calls",article,https://gizmodo.com/10-horror-stories-about-the-dog-sitting-app-rover-1851411920,dogs escaped and weren't found until days later... Rover didn't do enough to help when the dogs went missing
563,general,Pets,Sitters & walkers,Sitter mixing incompatible dogs,"Owners cannot see which other animals a sitter is hosting at the same time, so small dogs end up housed with large unknown dogs.",owners boarding dogs in sitters' homes,occasional,5,4,asking the sitter directly and trusting the answer,article,https://www.nbc26.com/lifestyle/how-well-do-you-know-your-dog-sitter-wag-rover-apps-can-present-problems,the dog walker from Rover was watching her dog and a mastiff at the same home
564,general,Pets,Sitters & walkers,Finding a reliable last-minute walker,"When the owner gets stuck late at work, there is no trusted person available on short notice to let the dog out.",single working dog owners,weekly,4,4,"begging neighbours, on-demand walker apps with unknown walkers",article,https://www.quora.com/Have-you-ever-used-Rover-as-a-pet-sitting-service-If-so-what-was-your-experience-like-and-did-you-encounter-any-issues,
565,general,Pets,Sitters & walkers,No proof the walk happened,"Owners pay for a 30-minute walk or a drop-in visit and have no evidence the sitter actually came, stayed the full time or fed the pet.",owners using dog walkers and drop-in sitters,weekly,4,5,"asking for photos, doorbell cameras",article,https://gulfnews.com/business/wag-the-uber-for-dog-walking-is-drawing-uber-like-scrutiny-1.2109631,
566,general,Pets,Sitters & walkers,Sitter unsure of emergency authority,"If a pet falls ill while the owner is unreachable, the sitter does not know which vet to use, what the owner will pay for, or who can authorise treatment.",sitters and travelling owners,occasional,4,4,"verbal instructions, a note with the vet's number",article,https://www.batcopetsitting.com/dangers-of-pet-sitting-apps/,
567,general,Pets,Sitters & walkers,Strangers with home access,"Walkers and sitters need to enter the home unsupervised, and owners have no log of who came in, when, and whether anything went missing.",owners using in-home pet care,weekly,4,3,"smart locks with one-time codes, cameras",article,https://www.nbc26.com/lifestyle/how-well-do-you-know-your-dog-sitter-wag-rover-apps-can-present-problems,"$5,000 was missing from her house after the dog walker she hired through Wag had entered her home"
568,general,Pets,Sitters & walkers,Vetting an unknown pet sitter,"Sitters on marketplace apps are effectively strangers with no verified references, insurance or licences, and owners have no way to check beyond star ratings.",owners booking sitters through apps,occasional,4,3,"meet-and-greets, asking friends for recommendations",forum,https://www.mumsnet.com/talk/the_doghouse/5172506-rover-dog-sitting-app-frustration,"random people with no checks on references, insurances or licences to have a dog sitting business"
569,general,Pets,Sitters & walkers,Handing over care instructions,"Every time a new sitter or friend takes the pet, the owner re-types feeding amounts, medication, quirks, vet contact and emergency wishes from memory.",anyone who leaves pets with others,monthly,3,5,"long text messages, printed sheets on the counter",knowledge,,
570,general,Pets,Sitters & walkers,Per-booking fees and confusing messages,"Sitter platforms add a fee to every single booking and send overlapping emails and texts, so owners lose track of what is confirmed and what it costs.",regular users of sitter marketplaces,monthly,3,4,taking the relationship off-platform once trusted,app-review,https://www.trustpilot.com/review/rover.com,admin fees of £6 for each individual booking and confusing communication with multiple emails and texts sent simultaneously
571,general,Pets,Sitters & walkers,Sitter feedback not visible to owners,"Sitters leave notes about difficult pets that owners never see, so owners cannot correct behaviour or understand why bookings get declined.",owners of reactive or anxious pets,occasional,2,4,asking sitters directly,forum,https://www.rover.com/community/question/129/when-you-post-feedback-on-a-dog-can-the-owners-view-it/,When you post feedback on a dog can the owners view it?
572,general,Pets,Training & behavior,Behavior problems leading to rehoming,"Owners struggle with destruction, barking or aggression without structured guidance and end up giving pets back to shelters.",first-time adopters,weekly,5,3,"expensive trainers, YouTube videos",article,https://en.wikipedia.org/wiki/Pets_in_South_Korea,animal behavior problems such as damaging or barking accounts for 29.4 percent of cancellations
573,general,Pets,Training & behavior,Barking complaints while owner is away,"Owners only learn their dog barks all day when a neighbour complains, and have no way to know when or what triggers it.",apartment dog owners,daily,4,4,"pet cameras, asking neighbours",article,https://www.aol.com/dog-owner-problems-12-hilarious-160000708.html,"early morning barking alarms, destroyed belongings"
574,general,Pets,Training & behavior,Puppy potty-training timing,"New puppy owners cannot remember when the puppy last peed, ate or drank, so they miss the window and get accidents indoors.",new puppy owners,daily,4,5,"timers, paper logs, taking the puppy out constantly",article,https://www.aol.com/dog-owner-problems-12-hilarious-160000708.html,surprise puddles and accidents on the floor
575,general,Pets,Training & behavior,Cat scratching and litter avoidance triggers,"Cat owners cannot pinpoint why a cat suddenly stopped using the box or started scratching furniture, since triggers are spread over days.",cat owners,occasional,3,3,trial and error with litter types and locations,knowledge,,
576,general,Pets,Training & behavior,Inconsistent commands between family members,"Each person in the house uses different words and rules for the dog, so training stalls and the dog gets confused.",multi-person households with a dog,daily,3,4,"arguments, a list on the fridge",knowledge,,
577,general,Pets,Training & behavior,Socialisation checklist for puppies,"The critical socialisation window closes at about 16 weeks and owners do not know which experiences (surfaces, sounds, people, vehicles) they have covered.",new puppy owners,daily,3,4,printed checklists from trainers,knowledge,,
578,general,Pets,Training & behavior,Tracking training progress over weeks,"Owners cannot tell whether recall, leash pulling or separation anxiety are actually improving because they never record sessions or outcomes.",owners training dogs at home,weekly,3,4,"memory, trainer notes",knowledge,,
579,general,Pets,Training & behavior,Shedding and cleaning routines,Seasonal shedding overwhelms the home and owners cannot predict when to increase brushing or which products actually reduce hair on clothes.,owners of heavy-shedding breeds,weekly,2,2,"lint rollers, robot vacuums",article,https://www.aol.com/dog-owner-problems-12-hilarious-160000708.html,"dog owners frequently deal with excessive shedding, with dog hair accumulating on their clothes"
580,general,Pets,Walking & outings,Flight and border paperwork for pets,"Each airline and country has different vaccination, microchip and health-certificate rules with strict timing windows, and one missed step strands the pet.",owners relocating or flying with pets,occasional,5,4,expensive pet relocation agents,article,https://en.wikipedia.org/wiki/Pet_shipping,
581,general,Pets,Walking & outings,Dog not getting enough exercise,"Owners lose track of how much the dog actually walked this week versus what its breed and age need, and the dog acts out.",owners of high-energy breeds,daily,3,4,"phone step counts, GPS collars",knowledge,,
582,general,Pets,Walking & outings,Finding safe off-leash areas,"Owners do not know which nearby parks allow off-leash dogs, when they are crowded, or whether reactive dogs are present.",urban dog owners,weekly,3,4,"word of mouth, trial visits",knowledge,,
583,general,Pets,Walking & outings,Hot pavement and weather risks,Owners do not realise pavement is hot enough to burn paws or the day is too hot or cold for a walk until the dog is hurt.,dog owners in extreme climates,daily,3,4,the seven-second hand test,knowledge,,
584,general,Pets,Walking & outings,Pet-friendly places while travelling,"Finding hotels, restaurants and beaches that genuinely allow pets, with their size limits and fees, takes many calls and out-of-date listings.",owners who travel with pets,occasional,3,4,"calling venues, filtering booking sites",knowledge,,
585,general,Pets,Walking & outings,Meeting other dog owners nearby,Owners of a single dog have no easy way to find compatible playmates or walking partners close by for socialisation.,owners of young or lonely dogs,weekly,2,4,"dog parks, neighbourhood groups",app-review,https://apps.apple.com/mx/app/morepaws/id6621271192,allowing dog owners to connect and build trusted support networks
586,general,"Messaging, email & notifications",Contacts,Losing contacts when switching phones,"Contacts stored on a SIM, an old account or a different platform do not transfer cleanly to a new phone, so numbers vanish or come back without names.",people changing phones or platforms,occasional,4,4,"export CSV, ask people to resend their numbers",knowledge,,
587,general,"Messaging, email & notifications",Contacts,Contact records incomplete and outdated,"Most saved contacts are missing fields or hold old numbers and emails, so reaching someone means guessing which entry still works.","anyone with a large address book, salespeople",weekly,3,4,"ask mutual friends, search old chats for the current number",article,https://www.passagetechnology.com/passage-technology-blog/data-pain-points,"90% incomplete contacts, up to 74% of the records need updates, and over 25% of them are duplicates"
588,general,"Messaging, email & notifications",Contacts,Dedupe tools mangle contact data,"Contact-merge apps meant to fix duplicates sometimes overwrite photos and fields with the wrong person's data, making things worse.",people cleaning up their address book,occasional,3,4,"restore from backup, fix by hand",app-review,https://justuseapp.com/en/app/1141369653/duplicate-contacts-manager/reviews,replacing most friend contacts' photos with incorrect images
589,general,"Messaging, email & notifications",Contacts,Drifting out of touch with friends,"Months pass without messaging a good friend because nothing prompts it, and by then reaching out feels awkward.",adults with scattered friends and family,monthly,3,4,"birthday reminders, calendar nudges, guilt",knowledge,,
590,general,"Messaging, email & notifications",Contacts,Duplicate contacts multiplying after sync,"Syncing contacts across phone, Gmail and iCloud creates duplicates and triplicates, and deleted duplicates reappear within a week.",people using several devices or accounts,monthly,3,5,"manual merges, third-party dedupe apps",forum,https://discussions.apple.com/thread/255952003,deleted contacts re-populate within a week when using iCloud syncing across multiple devices
591,general,"Messaging, email & notifications",Contacts,"Same person, several numbers and handles","A friend exists as an old number, a new number, a WhatsApp profile and an email, and it is unclear which one actually reaches them now.",people with international or frequently-moving friends,weekly,3,4,"message every channel, ask mutual friends",knowledge,,
592,general,"Messaging, email & notifications",Contacts,Can't copy a name or email from a contact,"The built-in contacts app makes it awkward to copy a phone number or email to paste elsewhere, wasting time on a basic task.",Mac and iPhone users,weekly,2,4,"retype it, share the contact card",forum,https://forums.macrumors.com/threads/contacts-app-is-a-nightmare-on-tahoe.2465399/,the inability to copy user names or other contact information such as email
593,general,"Messaging, email & notifications",Contacts,Text from an unknown number: who is this?,"A message arrives from a number that is not saved and gives no context, so the recipient has to awkwardly ask who it is or ignore it.",everyone,weekly,2,4,"reverse-lookup, ask 'who is this?', search old emails",knowledge,,
594,general,"Messaging, email & notifications",Cross-app fragmentation,No single inbox for all chat apps,"Messages arrive across WhatsApp, iMessage, Instagram, Slack and email, and no app truly gathers them, so people cycle through five apps to catch up.",anyone with friends and colleagues on different platforms,daily,4,3,"check each app in turn, partial aggregators",article,https://zapier.com/blog/best-all-in-one-messaging-app/,lots of apps that claim to be universal texting apps don't truly deliver
595,general,"Messaging, email & notifications",Cross-app fragmentation,Combined inbox missing across accounts,"With several email accounts, the mobile client shows no working unified view, so each account has to be opened separately to see new mail.",people with work and personal accounts,daily,3,4,"forward accounts to one address, check each account in turn",app-review,https://apps.apple.com/us/app/em-client/id1561166404?see-all=reviews&platform=iphone,"the combined inbox feature does not work in iOS, requiring users to click on individual accounts"
596,general,"Messaging, email & notifications",Cross-app fragmentation,Not knowing which channel a message will arrive on,"A colleague may answer by email, Slack, Teams or text regardless of the stated preference, so people waste time hunting across apps for a time-sensitive reply.",teams using several communication tools,daily,3,4,"check every app repeatedly, ask people to use one channel",app-review,https://www.capterra.com/p/135003/Slack/reviews/?page=48,"uncertain whether an email, Slack message, or notification from another platform will arrive next"
597,general,"Messaging, email & notifications",Cross-app fragmentation,Messaging across time zones at bad hours,"Sending a message to someone abroad wakes them at 3am or lands unread for hours, and it is easy to forget what time it is for them.","people with international friends, distributed teams",weekly,2,4,"check world clock, schedule send",knowledge,,
598,general,"Messaging, email & notifications",Email inbox,Checking email long after work ends,"The inbox never resolves, so people keep compulsively checking it in the evening and on weekends and feel drained by an unfinished pile.",remote and hybrid office workers,daily,4,3,"remove the mail app from the phone, set do-not-disturb schedules",article,https://www.zerobounce.net/blog/email-resources/email-fatigue,"the flat, depleted feeling of facing an inbox that never resolves, and the checking habit that follows you out of work hours"
599,general,"Messaging, email & notifications",Email inbox,Email eats a third of the workweek,"The average professional receives over a hundred emails a day and spends hours each week just sorting, reading and triaging them rather than doing real work.",knowledge workers and managers,daily,4,4,"filters, inbox-zero routines, checking email in batches",article,https://www.dragapp.com/blog/effects-of-email-overload/,The average professional receives 117 emails daily while spending nearly 28 percent of their workweek just managing their inbox
600,general,"Messaging, email & notifications",Email inbox,Email notifications arrive 30 minutes late,"Mail apps deliver push alerts long after the email lands, so time-sensitive messages like codes or meeting changes are seen too late.",Gmail and Outlook mobile users,daily,3,3,"manually refresh, switch mail apps",app-review,https://unstar.app/compare/gmail-vs-outlook,Gmail notifications routinely arrive 20 to 40 minutes after the email actually lands
601,general,"Messaging, email & notifications",Email inbox,Email search returns random old results,"Searching the mailbox for a known message surfaces irrelevant years-old emails first, so finding a recent attachment or thread takes minutes of scrolling.","Outlook users, anyone with a large mailbox",daily,3,4,"guess sender and date filters, scroll manually",forum,https://learn.microsoft.com/en-us/answers/questions/4622586/why-the-new-outlook-sucks-the-new-2023-24-mail-app,the search function throws up totally random results including incredibly old emails at the top of the list
602,general,"Messaging, email & notifications",Email inbox,Email volume keeps climbing each year,"Even after unsubscribing and filtering, the amount of email arriving grows year over year, so any system set up last year is already overwhelmed.","office workers, freelancers",daily,3,4,"periodic mass unsubscribe sessions, declaring email bankruptcy",article,https://www.getmailbird.com/email-overload-survey/,73% of respondents indicate their email volume has grown over the past 12 months.
603,general,"Messaging, email & notifications",Email inbox,Forty-reply email thread with no decision,"A long back-and-forth thread never states the final decision, so anyone joining late must read every reply to work out what was agreed.","office workers, committee and PTA members",weekly,3,4,"ask someone to summarise, read it all",knowledge,,
604,general,"Messaging, email & notifications",Email inbox,Reply-all 'remove me' storms,"One accidental mass email triggers a chain of 'take me off this list' replies, each going to the whole list, generating dozens of junk emails in an hour.",anyone on a company- or organisation-wide mailing list,monthly,3,3,"delete them all, mute thread if the client supports it",forum,https://forums.anandtech.com/threads/reply-all.2590573/latest,"waking up to numerous emails saying 'Take me off your list,' 'Me too,' and 'Remove me' - all sent with reply all"
605,general,"Messaging, email & notifications",Email inbox,Reply-all clutter on group emails,"People hit reply-all on messages that only concern the sender, so everyone's inbox fills with 'thanks' and 'noted' replies that have to be opened and deleted.",office workers on large distribution lists,daily,3,3,"manually delete, mute the thread, or set up filters",article,https://www.nbcnews.com/news/amp/wbna9675910,Almost a third (29 percent) said being copied on the 'reply all' function was the most irksome email practice.
606,general,"Messaging, email & notifications",Email inbox,Unsubscribing that never takes effect,"Promotional emails keep coming after unsubscribing, or the sender uses a slightly different list each time, so the inbox refills within days.",anyone who shops online,daily,3,4,"mark as spam, use alias addresses, bulk-unsubscribe tools",knowledge,,
607,general,"Messaging, email & notifications",Email inbox,Overly long emails and huge attachments,"Colleagues send rambling messages and large unsolicited files, so figuring out what is actually being asked takes several reads and the mailbox fills up.",office workers,daily,2,4,"skim, ask the sender to summarise, or ignore",article,https://www.nbcnews.com/news/amp/wbna9675910,"receiving large, unsolicited files (cited by 29 percent) and messages that are too long (cited by 16 percent)"
608,general,"Messaging, email & notifications",Group chats,Deciding a date in a group chat,"Picking a dinner date with eight friends generates a hundred messages of 'I can't do Friday', and the final answer is buried and forgotten.",friend groups and families planning events,monthly,4,5,"scheduling polls, one person takes charge and nags",knowledge,,
609,general,"Messaging, email & notifications",Group chats,Group chat buzzing for irrelevant messages,"A large group chat generates a notification for every message, even when most of the conversation has nothing to do with you.","members of family, school and hobby group chats",daily,4,4,mute the whole group and risk missing things,article,https://medium.com/@kate_93811/too-many-group-chat-notifications-this-app-can-help-40ebfa019cea,organize a group into subgroups so you keep what you want and mute what you don't
610,general,"Messaging, email & notifications",Group chats,Important message hidden in a muted group,"A muted group chat is where the one genuinely important announcement (school closure, schedule change) gets posted, and it is missed.","parents, sports teams, building residents",weekly,4,4,"unmute and suffer, rely on a friend to relay",knowledge,,
611,general,"Messaging, email & notifications",Group chats,Overwhelmed by group chat volume,"Several active group chats produce hundreds of messages a day, and catching up after a few hours away feels like homework.","people in multiple friend, family and parent groups",daily,4,4,"skim, mark as read without reading, leave groups",article,https://www.aol.com/group-chat-dying-long-live-130000997.html,40% of respondents indicated they were overwhelmed by group chat messages and notifications
612,general,"Messaging, email & notifications",Group chats,Group chat drama pushes people out,"Petty disputes and off-topic chatter make group chats stressful, and leaving means losing the useful logistics that were also shared there.",members of family and friend group chats,weekly,3,2,"mute, leave, start a smaller side chat",article,https://dc.fortune.com/2026/02/27/group-chats-behavior-manners-etiquette-how-to-talk-leave,"a widespread source of petty drama, anxiety, and annoyance, causing people to leave their chats in droves"
613,general,"Messaging, email & notifications",Group chats,Links and photos lost in chat scroll,A restaurant link or document shared in a chat weeks ago cannot be found again without scrolling through hundreds of messages.,group chat members,weekly,3,4,"search by keyword, ask the sender to resend",knowledge,,
614,general,"Messaging, email & notifications",Group chats,Only wanting alerts when mentioned,"In a group text there is no way to hear only about messages that apply to you, so it is all-or-nothing between constant pings and total silence.",iPhone and Android group-text users,daily,3,4,hide alerts and rely on @-mentions where supported,article,https://www.iphonelife.com/content/how-to-get-only-texts-apply-to-you-group-chat-tagged-messages,How to Only Get Notifications for Group Texts That Apply to You
615,general,"Messaging, email & notifications",Group chats,Being @-mentioned for non-urgent things,"People tag others in group chats for trivial comments, which cuts through mutes and forces a look at something that did not need one.",group chat members,daily,2,3,"ask people to stop, leave the chat",article,https://kellyconaboy.substack.com/p/in-group-chats-you-must-resist-the,"In group chats, you must resist the temptation to @"
616,general,"Messaging, email & notifications",Group chats,Being added to groups without asking,"Strangers or acquaintances add people to group chats and broadcast lists they never wanted, and leaving is visible and feels rude.",WhatsApp and Telegram users,monthly,2,3,"privacy settings, mute and archive, leave anyway",knowledge,,
617,general,"Messaging, email & notifications",Notification overload,Interrupted every two minutes at work,"Emails, chat pings and meeting alerts arrive constantly during core hours, and each interruption costs many minutes of lost focus.",knowledge workers,daily,4,3,"do-not-disturb blocks, closing chat apps, headphones",article,https://stealthagents.com/research/remote-work-digital-detox-statistics-2026,"The average knowledge worker is interrupted by a meeting, email, or chat every 2 minutes during core work hours."
618,general,"Messaging, email & notifications",Notification overload,Nearly a hundred notifications per day,"Email, chat, calendar and project-tool pings add up to roughly a hundred alerts a day, far more than can be triaged thoughtfully.",remote workers,daily,4,4,"silence everything and check manually, risk missing things",article,https://blog.saner.ai/information-overload-statistics/,"workers receive 96 daily notifications encompassing email alerts, Slack or Teams messages, calendar reminders"
619,general,"Messaging, email & notifications",Notification overload,Notification cleanup that never sticks,"People spend hours unsubscribing, muting and uninstalling, only to reinstall and resubscribe and end up back where they started.",anyone trying to tame their phone,monthly,3,4,"phone on silent, leave it in another room, turn it off",hn,https://news.ycombinator.com/item?id=46776330,"spend hours unsubscribing, deleting, uninstalling, and toggling settings, but find themselves reinstalling and resubscribing"
620,general,"Messaging, email & notifications",Notification overload,Scam texts and robocalls every day,"Daily spam texts and spoofed calls interrupt and make it hard to trust any message from an unknown number, including legitimate ones like delivery updates.",all phone users,daily,3,4,"block each number, silence unknown callers, carrier filters",knowledge,,
621,general,"Messaging, email & notifications",Notification overload,Silencing the phone to cope with pings,"The only working defence against alert volume is silencing or hiding the phone, which then causes genuinely urgent calls and messages to be missed.",smartphone users,daily,3,4,"silent mode, phone in another room, emergency bypass for a few contacts",hn,https://news.ycombinator.com/item?id=46776330,"overwhelming to the point where they turn their phone to silent, leave it in another room, or turn it off"
622,general,"Messaging, email & notifications",Notification overload,Trivial app alerts look as urgent as family,"A game or shopping app notification looks and sounds exactly like a message from a family member, so every buzz has to be checked.",smartphone users,daily,3,4,"turn off notifications per app, custom sounds for VIPs",article,https://screenskills.substack.com/p/stop-constant-interruptions-your,most alerts coming from apps they barely use yet demanding attention as urgently as messages from family or critical work emails
623,general,"Messaging, email & notifications",Notification overload,Work and personal messages mixed on one phone,"Work chat and personal messages share the same notification stream, so weekend pings from work and family messages during meetings cannot be separated.",employees using personal phones for work,daily,3,4,"focus modes, a second phone, uninstalling work apps on Friday",knowledge,,
624,general,"Messaging, email & notifications",Notification overload,Phone repeatedly re-notifies old unread SMS,"The phone keeps re-alerting about the same unread text every few minutes until it is opened, even when it is spam or already handled.",Android users,weekly,2,3,"open every message, dig through repeat-alert settings",forum,https://www.quora.com/Why-does-Android-keep-repeatedly-notifying-me-about-unread-SMS,Why does Android keep repeatedly notifying me about unread SMS?
625,general,"Messaging, email & notifications",Notification overload,Same alert buzzing on every device,"One message triggers the phone, watch, laptop and tablet simultaneously, and dismissing it on one device does not clear it on the others.",people with multiple Apple or Android devices,daily,2,3,turn off notifications on secondary devices,knowledge,,
626,general,"Messaging, email & notifications",Notification overload,Tedious per-app notification settings,"Taming alerts requires opening dozens of apps one by one and adjusting each app's own settings, so most people never finish.",smartphone users,monthly,2,3,"do it once for the worst offenders, give up on the rest",knowledge,,
627,general,"Messaging, email & notifications",Notification overload,Verification codes cluttering the SMS inbox,"One-time codes and delivery notifications fill the messaging app, so real conversations are pushed down and harder to find.",everyone using two-factor logins,daily,2,4,"manually delete, auto-delete settings on some phones",knowledge,,
628,general,"Messaging, email & notifications",Replying and follow-up,'I'll reply later' never happens,"Time blindness means the intention to answer later evaporates, and the message resurfaces a week later when it is embarrassing to respond.",people with ADHD,weekly,4,5,"draft now and schedule send, set phone reminders",article,https://muddlemendadhd.substack.com/p/reply-now-send-later,"time blindness, making 'I'll reply later' a total lie"
629,general,"Messaging, email & notifications",Replying and follow-up,Chasing people who never answered,"A contractor, landlord or colleague has not replied in a week, and there is no cue to follow up until it is suddenly urgent.",anyone waiting on others by text or email,weekly,4,5,"calendar reminders, snooze features, sticky notes",knowledge,,
630,general,"Messaging, email & notifications",Replying and follow-up,Long multi-question texts feel like tasks,"A message with several questions or one that needs a thoughtful answer gets mentally filed as a big job to do later, and later never comes.",people with ADHD or anxiety,weekly,4,3,"reply with a placeholder, or avoid it entirely",article,https://jeaniegee.substack.com/p/i-have-adhd-and-heres-why-i-forget,"categorized as 'big tasks, to be completed after I have finished the thing.'"
631,general,"Messaging, email & notifications",Replying and follow-up,Reading a text and forgetting to reply,"A message is opened when there is no time to answer, the notification disappears, and the person is unintentionally ghosted for days.","everyone, especially people with ADHD",daily,4,5,"mark as unread, pin the conversation, leave notifications unopened",article,https://www.androidpolice.com/trick-never-forget-respond-friends-texts/,"read a text message and leave it as unread, so when you return to the app with more time to reply, you're reminded"
632,general,"Messaging, email & notifications",Replying and follow-up,Tracking emails still awaiting a reply,"After sending a question or request, there is no reliable way to see which of your sent emails have gone unanswered and need chasing.",anyone coordinating work or services over email,daily,4,5,"manual 'Pending' folders, flags, spreadsheets, or memory",forum,https://www.quora.com/What-is-the-best-way-to-keep-track-of-emails-to-which-a-response-is-requested-or-required,making your Outlook a virtual 3-basket system by adding a 'Pending' folder
633,general,"Messaging, email & notifications",Replying and follow-up,Anxiety over wording a reply,"Composing even a short answer stalls on worries about tone and saying the wrong thing, so the reply is delayed or never sent.",people with social anxiety or ADHD,daily,3,3,"draft in notes, ask a friend to check, overthink and delay",article,https://mehretbiruk.substack.com/p/texting-anxiety,"'What if I say the wrong thing?', 'I don't have the energy to reply right now,' 'They'll think I'm mad'"
634,general,"Messaging, email & notifications",Replying and follow-up,Dates and tasks buried in messages,"Appointments, addresses and to-dos arrive inside chat messages and emails and must be manually copied into a calendar or task list, which often does not happen.",everyone,daily,3,5,"screenshots, retyping into calendar, scrolling back later",knowledge,,
635,general,"Messaging, email & notifications",Replying and follow-up,Hundreds of unread messages pile up,"Unread counts on email and texts climb into the hundreds, and once past a certain point the backlog feels impossible to ever work through.","busy people, students, people with ADHD",weekly,3,4,"ignore the badge, mark all as read, declare bankruptcy",forum,https://www.quora.com/People-who-have-500-unread-text-messages-or-emails-how-Why,"People who have 500+ unread text messages or emails, how? Why?"
636,general,"Messaging, email & notifications",Replying and follow-up,Long voice notes that can't be played,"Friends send multi-minute voice messages that cannot be listened to in a meeting or on transit, so the reply waits until it is possible to listen.","WhatsApp, Telegram and iMessage users",weekly,3,5,"play at 2x later, ask for text, ignore",knowledge,,
637,general,"Messaging, email & notifications",Replying and follow-up,Wondering whether a reply was already sent,"After juggling many threads, it is unclear whether a particular person was ever answered, leading to duplicate replies or silence.",anyone handling many conversations,weekly,2,4,"re-open the thread and scroll, send a redundant reply",knowledge,,
638,general,"Messaging, email & notifications",Work chat,Can't find an earlier chat discussion,"Decisions and details buried in threads and channels are almost impossible to locate again, so people re-ask questions that were already answered.",Slack and Teams users,daily,4,4,"scroll back, ask again, copy key points into a doc",app-review,https://www.capterra.com/p/135003/Slack/reviews/?page=49,making it difficult to find or refer back to earlier discussions
639,general,"Messaging, email & notifications",Work chat,Catching up after being offline a day,Returning from a flight or a day of meetings means hundreds of messages across chats and channels with no summary of what actually needs action.,"travellers, people in busy workspaces",weekly,4,5,"skim from the bottom, ask a colleague what was decided",knowledge,,
640,general,"Messaging, email & notifications",Work chat,Ghosting people in 50+ work chats,"With dozens of active Slack conversations and constant tagging, it is impossible to keep track of who asked what, so many messages simply go unanswered.",employees at large companies using Slack or Teams,daily,4,4,"save messages for later, accept ghosting, mute channels",forum,https://www.teamblind.com/post/anyone-really-struggling-with-slack-jhusddve,50+ work-related Slack conversations and groups with constant tagging makes it impossible to keep track and respond to everyone
641,general,"Messaging, email & notifications",Work chat,Chat history expiring after 90 days,"Workspaces on free or restricted plans delete messages after a few months, so context needed to track ongoing work is silently lost.",small teams and volunteer groups on free Slack plans,monthly,3,4,manually copy important messages elsewhere,app-review,https://www.capterra.com/p/135003/Slack/reviews/?page=55,"Slack messages expire after 90 days, causing valuable information loss"
642,general,"Messaging, email & notifications",Work chat,No way to filter signal from noise in channels,Important discussions get lost among memes and status chatter because there is no way to separate high-value messages from low-value ones.,employees in busy chat workspaces,daily,3,4,"leave channels, rely on being @-mentioned",app-review,https://www.capterra.com/p/135003/Slack/reviews/?page=57,"lack the ability to filter high-quality information from low-quality, causing them to miss important discussions"
643,general,Personal admin & paperwork,Deadlines & reminders,Deadlines buried inside documents,"A letter or PDF says 'respond within 30 days' but nothing extracts that into a reminder, so the deadline is discovered too late.",anyone receiving official mail,monthly,4,5,"manually add calendar events, when remembered",app-review,https://apps.apple.com/us/app/paperspell-ai-con-tus-docs/id6737549507?l=ar,notify about due dates
644,general,Personal admin & paperwork,Deadlines & reminders,Open enrollment and benefits windows missed,"Health insurance, FSA elections and pension choices can only be changed in short annual windows, and people miss them or choose in a rush.","employees, marketplace insurance buyers",occasional,4,4,HR emails,knowledge,,
645,general,Personal admin & paperwork,Deadlines & reminders,Annual subscriptions renew unnoticed,"Yearly memberships, domain names, software and insurance add-ons charge automatically with little or no warning, long after the person stopped using them.",anyone with online subscriptions,monthly,3,5,check card statements,knowledge,,
646,general,Personal admin & paperwork,Deadlines & reminders,Paper mail piles up unopened,"Letters from banks, insurers and agencies accumulate on the counter; important ones with deadlines hide among junk mail.",busy households,weekly,3,4,sort once a month,article,https://www.nbcnews.com/better/lifestyle/how-being-quarantine-helped-me-finally-get-organized-ncna1205151,helped me finally get organized
647,general,Personal admin & paperwork,Deadlines & reminders,Waiting on other people's paperwork,"Many admin tasks stall because a form needs a signature, a document or a reply from a landlord, employer, doctor or spouse, and nobody follows up.",anyone coordinating with others,weekly,3,4,nagging by text,knowledge,,
648,general,Personal admin & paperwork,Expiry & renewals,Forgetting when the passport expires,"Passport and ID expiry dates live in a drawer, so people discover an expired or nearly-expired passport only when booking or at the airport, with six-month validity rules making it worse.","travellers, families with several passports",occasional,5,5,"calendar reminder set years ago, or nothing",article,https://lyfeguard.com/guides/what-is-life-admin,"remembering when a passport expires, dealing with utilities, updating personal details"
649,general,Personal admin & paperwork,Expiry & renewals,Car registration and inspection dates sneak up,"Vehicle registration, inspection/MOT and road tax renew on different cycles and the reminder card gets lost, leading to fines or driving uninsured.",car owners,occasional,4,5,"sticker on the windscreen, government mail",knowledge,,
650,general,Personal admin & paperwork,Expiry & renewals,Professional licences and certifications lapse,"Nursing, teaching, trade or first-aid certifications need renewal and continuing-education hours by a deadline, and missing it can mean not being allowed to work.",licensed professionals,occasional,4,5,"employer nagging, emails from the board",knowledge,,
651,general,Personal admin & paperwork,Expiry & renewals,Renewal lead times are unknown,A reminder on the expiry date is useless because processing takes weeks or months; people need to know how far in advance each document must be started.,"anyone renewing passports, visas, permits",occasional,4,5,googling processing times each time,app-review,https://govplus.com/features/renewal-watch,watches expiration dates across all your government documents and sends smart reminders when action is needed
652,general,Personal admin & paperwork,Expiry & renewals,Tracking many family documents' expiry dates,"A household has passports, driving licences, visas, residence permits, car registrations and insurance for several people, each expiring on a different date with a different lead time to renew.","parents, carers, people managing elderly relatives' paperwork",monthly,4,5,spreadsheet or scattered calendar events,app-review,https://expirebuddy.com/,tracks your family's documents with smart reminders ... never miss a passport renewal or license expiration
653,general,Personal admin & paperwork,Expiry & renewals,Distrust of storing ID data in cloud apps,People want reminders and copies of their passport and licence but are reluctant to upload sensitive ID numbers to an unknown company's servers.,privacy-conscious users,occasional,3,4,"keep photos in the camera roll, no reminders",app-review,https://apps.apple.com/us/app/remindme-document-date-tracker/id6478255369,"15 & 30-day alerts and secure iCloud sync, without storing sensitive information on any server"
654,general,Personal admin & paperwork,Expiry & renewals,Typing expiry dates in by hand,Entering every document's number and dates manually into a tracker is tedious enough that people never finish setting it up.,people trying to organise IDs,occasional,3,5,give up after a few documents,app-review,https://apps.apple.com/us/app/everpass-expiry-reminder/id6759546153,helps you easily record passport information with timely reminders before expiration
655,general,Personal admin & paperwork,Government forms,Application status is a black box,"After submitting a passport, visa, benefit or permit application there is no reliable way to see progress, and people fear it was lost.",applicants,occasional,4,3,"call hotlines, check portals daily",knowledge,,
656,general,Personal admin & paperwork,Government forms,Changing address across every organisation,"After a move, the new address must be updated with banks, insurers, employer, DMV, tax office, subscriptions and doctors, and some are always missed.",movers,occasional,4,5,"mail forwarding, memory",knowledge,,
657,general,Personal admin & paperwork,Government forms,Knowing which form and supporting documents,"Agency websites list dozens of forms and people cannot tell which one applies to their situation or what attachments and fees are required, so applications bounce.","applicants for permits, benefits, court filings",occasional,4,4,"call the office, forums",article,https://nevada.courts.ca.gov/forms-filing/local-forms,Local Forms
658,general,Personal admin & paperwork,Government forms,Name change paperwork chain after marriage,"Changing a name requires updating documents in a specific order (social security, licence, passport, bank) and each needs the previous one as proof.","newlyweds, people changing names",occasional,4,4,blog checklists,knowledge,,
659,general,Personal admin & paperwork,Government forms,Government forms ask for the same details,"Every form re-asks name, address, dates, ID numbers and employment history, and people retype them from memory or hunt for the values each time.",anyone dealing with agencies,monthly,3,5,"browser autofill, a notes file",article,https://ivegotthehippyshakes.substack.com/p/bureaucracy-is-a-four-letter-word,Bureaucracy is a Four Letter Word
660,general,Personal admin & paperwork,Insurance & claims,Appealing a denied claim is too confusing,"When an insurer denies a claim, the appeal process, deadlines and required wording are so unclear that most people never appeal even when they would win.","patients, policyholders",occasional,5,4,give up and pay,article,https://www.goodreads.com/author_blog_posts/25086535-this-is-not-a-bill-how-to-decipher-explanations-of-benefits-and-pay-f,the process of filing appeals is just too confusing and/or difficult for patients to navigate
661,general,Personal admin & paperwork,Insurance & claims,Insurance claim feels like a full-time job,"A single home, auto or health claim involves forms, photos, adjuster calls, follow-up deadlines and reference numbers with no single place to track the status.",anyone making a claim,occasional,5,4,notebook of call notes,article,https://www.goodreads.com/author_blog_posts/25086535-this-is-not-a-bill-how-to-decipher-explanations-of-benefits-and-pay-f,"Navigating paperwork, deadlines, and communication with insurance companies often feels like a full-time job."
662,general,Personal admin & paperwork,Insurance & claims,Deciphering an explanation of benefits,"EOB statements marked 'this is not a bill' arrive weeks after care, in jargon, and people cannot tell what they actually owe or whether the provider's bill matches.",US patients with health insurance,monthly,4,4,"call the insurer, pay whatever the bill says",article,https://www.goodreads.com/author_blog_posts/25086535-this-is-not-a-bill-how-to-decipher-explanations-of-benefits-and-pay-f,'This is not a bill': How to decipher explanations of benefits
663,general,Personal admin & paperwork,Insurance & claims,Insurance renewal quotes silently increase,"Policies auto-renew each year at a higher premium and the renewal letter arrives with little notice, leaving no time to shop around.",car and home insurance customers,occasional,4,4,comparison sites when remembered,knowledge,,
664,general,Personal admin & paperwork,Insurance & claims,Matching medical bills to EOBs and payments,"Bills from hospital, lab and doctor arrive separately from the insurer's EOBs, and reconciling which have been paid, adjusted or duplicated is error-prone.","patients with ongoing care, parents",monthly,4,5,spreadsheet,knowledge,,
665,general,Personal admin & paperwork,Insurance & claims,Medical codes missing from bills and EOBs,"To dispute a charge patients need the procedure and diagnosis codes, but the bill and EOB often omit them, forcing phone calls to both provider and insurer.",patients disputing charges,occasional,4,3,phone calls on hold,article,https://www.goodreads.com/author_blog_posts/25086535-this-is-not-a-bill-how-to-decipher-explanations-of-benefits-and-pay-f,"Many medical bills and EOBs don't actually include these codes, so patients must contact either their provider or health plan"
666,general,Personal admin & paperwork,Insurance & claims,Not knowing what current policies cover,"People hold several policies (home, auto, health, life, travel, phone) and cannot answer basic questions like deductible, coverage limits or whether an event is covered without digging out the PDF.",policyholders,occasional,3,4,call the insurer,knowledge,,
667,general,Personal admin & paperwork,Storage & retrieval,Family cannot find documents in an emergency,"If the person who handles the paperwork is ill or dies, partners and children do not know where the will, policies, deeds or account list are.","couples, ageing parents and their adult children",occasional,5,4,"a folder 'somewhere', verbal instructions",article,https://lyfeguard.com/guides/what-is-life-admin,making sure family members can find important information
668,general,Personal admin & paperwork,Storage & retrieval,Official letters in a language you don't read,"Immigrants and expats receive government and insurance letters they cannot fully understand, and do not know whether action or a deadline is involved.","immigrants, expats, non-native speakers",monthly,5,5,"ask a friend, camera translate",app-review,https://apps.apple.com/us/app/paperspell-ai-con-tus-docs/id6737549507?l=ar,"scan, organize, summarize, and notify about due dates"
669,general,Personal admin & paperwork,Storage & retrieval,Cannot find a document when needed,"The birth certificate, diploma or insurance policy is somewhere, but when a form suddenly requires it the search takes an evening.",everyone,monthly,4,5,"search drawers, email, cloud drives",app-review,https://apps.apple.com/us/app/id6754464513,"scan, organize, and never lose important documents again with quick capture and smart reminders"
670,general,Personal admin & paperwork,Storage & retrieval,Paper documents have no filing system,"Non-digital papers such as lease agreements, legal documents and signed contracts pile up in boxes because there is no easy way to file and later retrieve them.",anyone with physical paperwork,monthly,4,4,a shoebox or accordion folder,hn,https://news.ycombinator.com/item?id=29161110,difficulty with filing non-digital documents like auto lease paperwork and legal documents
671,general,Personal admin & paperwork,Storage & retrieval,Documents split across many cloud accounts,"Some PDFs are in email, some in Google Drive, some in Dropbox, some on an old laptop, so no single search finds them.",people who have used several services over the years,monthly,3,4,search each service in turn,knowledge,,
672,general,Personal admin & paperwork,Storage & retrieval,Not knowing which papers to keep,"People hoard years of statements and bills because they don't know retention rules, or shred something they later need.","households, small landlords",monthly,3,4,keep everything forever,article,https://www.nbcnews.com/better/lifestyle/how-being-quarantine-helped-me-finally-get-organized-ncna1205151,how being in quarantine helped me finally get organized
673,general,Personal admin & paperwork,Storage & retrieval,Original documents needed for verification,"Identity checks for banks, jobs and rentals demand certified copies or originals with specific dates, and people scramble to get them.","job changers, renters, immigrants",occasional,3,3,"visit notary, order new copies",knowledge,,
674,general,Personal admin & paperwork,Storage & retrieval,Reading the fine print in long PDFs,"Leases, policy documents and terms are dozens of pages; people sign or file them without knowing the cancellation notice period or key obligations inside.","renters, policyholders",occasional,3,4,skim and hope,knowledge,,
675,general,Personal admin & paperwork,Storage & retrieval,Scanned documents pile up unsorted,"People photograph letters and receipts but the images sit in the camera roll with no names, categories or searchable text.",people who scan with their phone,weekly,3,5,scroll through photos,app-review,https://apps.apple.com/us/app/docupilot/id6758439676,scan and digitize official letters and documents and organize them into smart folders
676,general,Personal admin & paperwork,Task overload,Handling paperwork for elderly parents,"Adult children manage a parent's medical bills, benefits, insurance and renewals remotely without access to the documents, logins or a shared record of what was done.",caregivers of ageing parents,weekly,5,4,"phone calls, photographed letters",app-review,https://renewalkit.com/,on one clear timeline—for you and the people you help
677,general,Personal admin & paperwork,Task overload,Admin tasks depend on info stored elsewhere,"Completing one form needs a policy number from a letter, an account number from an email and a date from a PDF, so each task becomes a scavenger hunt.",anyone filling forms,weekly,4,5,"search email, dig through folders",article,https://evaheld.com/faq/what-is-life-admin-definition-importance,"They arrive at different times, involve different organisations and often depend on information stored somewhere else."
678,general,Personal admin & paperwork,Task overload,Endless weekly stream of small admin tasks,"Every week brings a handful of pay/renew/submit/sign/update tasks from different organisations; none is big, but together they consume hours and mental energy and get dropped.","every adult, especially those managing a household",weekly,4,4,"to-do lists, sticky notes, memory",article,https://ayushithakkar.substack.com/p/why-adulthood-feels-like-endless,"every week asking you to pay, renew, submit, schedule, reply, update, sign"
679,general,Personal admin & paperwork,Task overload,Nobody teaches how to do paperwork,"Young adults face their first tax return, lease, insurance claim or benefits form with no idea what steps, documents or deadlines are involved.","young adults, immigrants, newly independent people",occasional,4,4,"ask parents, google, forums",article,https://alisonkrupnick.substack.com/p/adulting-for-adults,no one teaches you how to take care of administrative stuff
680,general,Personal admin & paperwork,Task overload,Procrastinating on dreaded paperwork,"Forms and filings sit untouched for weeks because starting feels overwhelming, then become urgent and more painful with late fees.","anyone, especially people with ADHD",weekly,4,3,deadline panic,article,https://wendyfrew.substack.com/p/dont-put-off-the-paperwork/comments,don't put off the paperwork
681,general,Personal admin & paperwork,Task overload,Life admin is invisible unpaid work,"One person in a household ends up silently doing all the paperwork with no shared view of what is done, due or waiting on someone else.",couples and families,weekly,3,4,"shared notes app, arguments",article,https://npr.org/2019/09/23/763605807/paperwork-appointments-and-repairs-managing-adult-responsibilities,the invisible office work that steals our time
682,general,Personal admin & paperwork,Taxes,Gathering tax documents every year,"W-2s, 1099s, interest statements, donation receipts and childcare invoices arrive from a dozen sources over two months, and something is always missing at filing time.",everyone who files a tax return,occasional,4,5,a folder labelled 'taxes' and last year's return as a checklist,article,https://npr.org/2019/09/23/763605807/paperwork-appointments-and-repairs-managing-adult-responsibilities,"Taxes, bills and paperwork: Strategies to conquer the 'homework of life'"
683,general,Personal admin & paperwork,Taxes,Quarterly estimated tax deadlines missed,"Self-employed people forget the four irregular estimated-tax due dates and how much to set aside, then face penalties.","freelancers, gig workers",occasional,4,5,accountant reminders,knowledge,,
684,general,Personal admin & paperwork,Taxes,Tax letters from the authority cause panic,"A notice from the tax office arrives in dense language and the recipient cannot tell whether it is informational, a request for documents or a demand with a deadline.",taxpayers,occasional,4,4,call a tax professional,article,https://ivegotthehippyshakes.substack.com/p/bureaucracy-is-a-four-letter-word,Bureaucracy is a Four Letter Word
685,general,Personal admin & paperwork,Taxes,Deductible expenses not recorded during the year,"Medical costs, work-from-home expenses, mileage and charitable donations are forgotten by tax time because nothing captured them when they happened.","freelancers, itemizers, self-employed",weekly,3,5,"guess, or skip the deduction",knowledge,,
686,general,Personal admin & paperwork,Taxes,Prior-year returns and supporting records scattered,"When audited, applying for a mortgage or a visa, people must produce several years of returns and receipts that are on old PDFs, different software accounts or paper.","taxpayers, mortgage applicants",occasional,3,4,"log into old tax software, request transcripts",knowledge,,
687,general,Personal admin & paperwork,Warranties & receipts,No inventory of what you own for insurance,"After a burglary, fire or flood, people cannot list what they owned, with model numbers and values, so the insurance claim is under-paid or delayed.",homeowners and renters with contents insurance,occasional,5,5,"walk-through video once, never updated",app-review,https://apps.apple.com/us/app/-/id6741023658,Home Inventory Tracker
688,general,Personal admin & paperwork,Warranties & receipts,Warranty expiry dates are never tracked,"Appliances and electronics break just after (or just before) the warranty ends, and nobody knows the purchase date or whether coverage still applies.","homeowners, gadget buyers",occasional,4,5,search old emails for the order,app-review,https://apps.apple.com/app/id6758866183,reminds you before any warranty expires
689,general,Personal admin & paperwork,Warranties & receipts,Extended warranty and service plan terms forgotten,"People pay for extended warranties and appliance service plans but forget what is covered, who to call, and that they exist when something breaks.",appliance and car buyers,occasional,3,4,"none, pay for repair anyway",knowledge,,
690,general,Personal admin & paperwork,Warranties & receipts,Faded thermal receipts as proof of purchase,"Paper receipts fade to blank within a year, so when a warranty claim or return is needed the proof is unreadable.",anyone claiming on a warranty,occasional,3,5,photograph receipts sometimes,app-review,https://apps.apple.com/si/app/wrnty-warranty-receipts/id6747742961,"stores warranties, scans receipts, and provides expiration alerts"
691,general,Personal admin & paperwork,Warranties & receipts,Receipts for reimbursement and returns lost,"Receipts needed for expense claims, FSA/HSA reimbursement or returns end up crumpled in pockets and bags and are missing when needed.","employees, HSA/FSA holders",weekly,3,5,envelope of receipts,knowledge,,
692,general,Personal admin & paperwork,Warranties & receipts,Return windows close before you decide,"Retailers give 14–30 days to return an item, but by the time the box is opened and the fault found, the window has quietly closed.",online shoppers,monthly,3,5,none,app-review,https://apps.apple.com/us/app/-/id6754895555,"tracks warranty, return and repair deadlines with reminders"
693,general,Travel & trips,Booking & flights,Missed connection rebooking scramble,"When a delay causes a missed connection the traveler must simultaneously find the next flight, cancel or move the hotel and inform others, with no one system showing the knock-on effects.",connecting flyers on disrupted days,occasional,5,4,phone queue plus frantic searching,knowledge,,
694,general,Travel & trips,Booking & flights,No help when the flight is delayed,"When a flight is delayed or cancelled the airline app shows the new time but nothing about what it means for the connection, hotel or what the passenger should do next.",air travelers facing disruptions,occasional,5,4,"queueing at the desk, calling the airline for an hour",article,https://www.applause.com/press-release/travel-apps-facing-delays/,"Travel Apps Leave 37% of Users Unsatisfied When Facing Delays, Changes"
695,general,Travel & trips,Booking & flights,Free cancellation deadlines missed,"Hotels and tours have different free-cancellation cut-offs, and when plans change travelers discover the window closed yesterday.",anyone booking refundable rates,occasional,4,5,"calendar entries, reading confirmation emails again",knowledge,,
696,general,Travel & trips,Booking & flights,Is this layover long enough,"Booking sites sell connections of 50 minutes without telling you the terminal change or immigration step involved, leaving travelers to guess whether they will make it.",connecting flyers,occasional,4,4,"FlyerTalk threads, airport maps",knowledge,,
697,general,Travel & trips,Booking & flights,Missing a gate change,"Gates change without the airline app notifying the passenger, who finds out only by re-checking the board or hearing a final call from across the terminal.","air travelers, especially with connections",occasional,4,4,obsessively refreshing the departures board,article,https://www.computerweekly.com/news/252526119/Travel-apps-leave-users-unsatisfied-when-facing-delays-changes,"changing gates without being notified, being unable to access a ticket or itinerary"
698,general,Travel & trips,Booking & flights,Prices change mid-booking,"The fare shown in search results is different by the time you reach checkout, or jumps after you leave to check with a partner, making people distrust every quote.",anyone booking flights or hotels online,monthly,4,3,"incognito windows, booking immediately out of fear",article,https://www.glassbox.com/blog/survey-says-top-three-frictions-points-on-travel-booking-sites/,Just under half of respondents said their number one pain point is that prices keep changing when booking online.
699,general,Travel & trips,Booking & flights,Ticket unreachable when needed,"At the gate or hotel desk the boarding pass or confirmation won't load because the app needs login, the email is buried, or there is no signal.",all travelers,monthly,4,5,"screenshots, printing everything",article,https://www.hotelnewsresource.com/article123068.html,"being unable to access a ticket or itinerary, not being able to get into a hotel room"
700,general,Travel & trips,Booking & flights,Can't find info inside travel apps,"Basic details such as baggage allowance, cancellation terms or the hotel address are buried several screens deep in booking apps, so people give up and search the web instead.","users of airline, hotel and OTA apps",monthly,3,4,"googling the answer, emailing support",article,https://www.applause.com/press-release/travel-apps-facing-delays/,"inability to find the information they were looking for (18%), very slow app response times (13%), and localization problems (12%)"
701,general,Travel & trips,Booking & flights,"Confusing, slow booking sites","Airline and hotel booking flows are cluttered with upsells, hidden fees and slow pages, so completing a simple booking takes far longer than it should and errors creep in.",everyone booking travel online,monthly,3,3,"using aggregators, calling the airline",article,https://www.statista.com/chart/19225/travel-tech-problems/,four in ten travelers found that travel sites or apps are confusing or slow
702,general,Travel & trips,Booking & flights,Fare drops after you book,"The flight or hotel gets cheaper a week after booking and the traveler never notices, even though a free cancellation or price-match refund was available.",anyone who books early,monthly,3,5,"manually re-searching, Google Flights alerts",knowledge,,
703,general,Travel & trips,Booking & flights,Time zone confusion on itineraries,"Flight times are shown in departure and arrival local time, so people miscalculate layovers, overnight arrivals and when to tell family to expect a call.",long-haul and multi-zone travelers,occasional,3,5,"mental arithmetic, timezone converter websites",knowledge,,
704,general,Travel & trips,Documents & requirements,Passport validity surprises,"Many countries require six months' passport validity beyond the trip, and travelers discover this at check-in or too late to renew.","occasional international travelers, families with children's passports",occasional,5,5,none until it bites,knowledge,,
705,general,Travel & trips,Documents & requirements,Insurance claim paperwork chaos,"Filing a travel insurance claim for a delay or lost bag requires receipts, boarding passes and airline letters that were never kept in one place.",travelers with disrupted trips,occasional,4,4,digging through email and photos weeks later,knowledge,,
706,general,Travel & trips,Documents & requirements,Unclear visa and entry rules,"Whether a passport holder needs a visa, an e-authorisation or proof of onward travel varies by country and changes often, and official sources are hard to parse.","international travelers, especially with non-Western passports",occasional,4,4,"embassy sites, forum threads, hoping",knowledge,,
707,general,Travel & trips,Group coordination,Admitting what you can afford,"People on a group trip don't want to say out loud that a hotel or activity is too expensive for them, so they either overspend or silently drop out.",lower-earning members of friend groups,occasional,4,3,"private DMs to the organizer, or just going along with it",article,https://www.aol.com/finance/5-money-stresses-generation-feels-140142312.html,challenging for some people to be transparent about how much they can afford because they may not want to bring the group down
708,general,Travel & trips,Group coordination,Agreeing a group trip budget,"Friends planning a trip together earn and spend very differently, so nobody knows what price range of flights and lodging is acceptable to everyone before someone books.",friend groups and extended families planning shared trips,occasional,4,4,awkward group-chat polls or one person guessing,article,https://www.aol.com/finance/5-money-stresses-generation-feels-140142312.html,"groups typically have varying incomes and levels of wealth among individuals, with each person able to spend different amounts of money"
709,general,Travel & trips,Group coordination,Collecting deposits from the group,"The person who put the villa or Airbnb on their card has to chase five friends for their share for weeks, tracking who paid in a mix of transfer apps.",group trip organizers,occasional,4,5,"Venmo requests, spreadsheet, reminders in chat",knowledge,,
710,general,Travel & trips,Group coordination,Finding dates everyone can travel,"Settling on a date range that works for six people's jobs, school holidays and partners takes weeks of back-and-forth and often kills the trip.","friend groups, families, bachelor/bachelorette parties",occasional,4,5,"Doodle polls, When2meet, endless texting",article,https://www.nz.kayak.com/news/?p=12790,"Settling on dates can be surprisingly tricky, particularly with large groups."
711,general,Travel & trips,Group coordination,One person does all the planning,"The trip organizer ends up researching, booking and chasing everyone while others contribute nothing, and there is no easy way to divide tasks and see who has done what.",the de facto organizer in any friend group,occasional,4,4,"spreadsheets, nagging, or just doing it all",article,https://stanford.edu/class/cs147/projects24/Designing-for-Movement/revisit/dist/pdfs/a11_final.pdf,"fragmented communication, decision fatigue, and unequal workload distribution"
712,general,Travel & trips,Group coordination,Trip decisions buried in group chat,"Every decision about the trip happens in a messaging thread where proposals, links and votes scroll away, leading to repeated questions and passive-aggressive replies.",anyone planning a trip with more than two people,weekly,4,5,"pinned messages, a shared Google Doc nobody updates",article,https://www.lonelyplanet.com/travel-tips-and-articles/all-abroad-how-to-plan-a-group-trip/40625c8c-8a11-5710-a052-1479d27512ab,"Instant messaging is helpful for planning group trips, but can also lead to confusion, irritation and even passive aggression."
713,general,Travel & trips,Group coordination,Clashing travel styles in one group,"Half the group wants a packed sightseeing schedule and the other half wants slow beach days, and the daily plan becomes a source of tension nobody resolves before departure.",mixed friend groups and couples travelling with others,occasional,3,3,"compromise itineraries that satisfy nobody, or splitting up ad hoc",article,https://fit2journey.substack.com/p/the-challenges-of-group-travel20,"some may prefer an adventurous, activity-packed itinerary, others might favor a more relaxed, cultural immersion, leading to disagreements over daily plans"
714,general,Travel & trips,Group coordination,Pooling group trip photos,After a group trip everyone's photos sit on their own phones and the promised shared album never fully happens.,friend groups and families after a trip,occasional,2,5,"WhatsApp dumps, Google Photos shared albums",knowledge,,
715,general,Travel & trips,Itineraries,Itinerary breaks on closed venues,"A carefully planned day collapses because a restaurant closed down, a museum is shut that weekday or a trail is closed, and nothing warned the traveler in advance.",anyone following a pre-made itinerary,occasional,4,4,checking Google Maps hours the morning of,article,https://chasingadvntr.substack.com/p/the-world-has-a-trip-planning-problem,"It's impossible to make fixed plans, as unexpected issues like venues going out of business can occur."
716,general,Travel & trips,Itineraries,Tickets that sell out weeks ahead,"Popular museums, restaurants and trains release tickets on different schedules, and travelers miss the release window and find everything sold out by the time they plan.",travelers to popular destinations,occasional,4,5,"calendar reminders, expensive resellers",knowledge,,
717,general,Travel & trips,Itineraries,Confirmation emails scattered everywhere,"Booking confirmations arrive from a dozen senders into different inboxes, so the night before a trip people hunt for the train reference or the tour meeting point.",all travelers,monthly,3,5,"email folders, starring messages, screenshots",knowledge,,
718,general,Travel & trips,Itineraries,Keeping family informed of plans,"Relatives at home want to know where you are and when you land, and travelers end up retyping flight details and hotel addresses into several chats.","solo travelers, students, people with anxious parents",monthly,2,5,"forwarding emails, location sharing",knowledge,,
719,general,Travel & trips,Money abroad,Splitting costs in several currencies,"On a trip abroad one person pays the hotel in euros, another pays dinner in local cash and a third books tickets in dollars, and settling up fairly at the end is a mess.",friends and couples travelling internationally together,occasional,4,5,"Splitwise with manual conversion, rounding and forgiving",app-review,https://apps.apple.com/app/divvytrip/id6754256039,"Multiple currencies, shared accommodations, group dinners, and the need to settle up quickly and fairly"
720,general,Travel & trips,Money abroad,Losing track of cash spending abroad,"Cash withdrawn in local currency disappears into small purchases with no record, so daily budgets are guesswork and leftover coins pile up at home.",travelers in cash-heavy countries,daily,3,4,"notes app, mental tally",knowledge,,
721,general,Travel & trips,Money abroad,Which card to pay with abroad,"Travelers don't know which of their cards charges foreign transaction fees or whether to accept the merchant's currency conversion, and lose a few percent on every purchase.",international travelers,weekly,3,4,"remembering rules of thumb, Wise/Revolut cards",knowledge,,
722,general,Travel & trips,On the ground abroad,Itinerary unusable offline,"Without signal the itinerary, maps and confirmations stored in cloud apps won't open, precisely when arriving somewhere new.",international and rural travelers,occasional,4,5,"screenshots, printouts, offline Google Maps areas",knowledge,,
723,general,Travel & trips,On the ground abroad,Mobile data abroad guesswork,"Travelers land without knowing whether their plan roams, what it costs, or which eSIM to buy, and end up with a surprise bill or no maps at the airport.",international travelers,occasional,4,4,"airport SIM kiosks, forum recommendations",knowledge,,
724,general,Travel & trips,On the ground abroad,Foreign apps in the wrong language,"Local transport, taxi and ticketing apps abroad show only the local language or currency, so travelers can't tell what they are buying.",international travelers,occasional,3,4,"screenshot into a translation app, ask a local",article,https://www.applause.com/press-release/travel-apps-facing-delays/,localization problems (12%)
725,general,Travel & trips,On the ground abroad,Luggage in the check-in gap,"Arriving at 9am with a 3pm hotel check-in, or a late flight after an 11am checkout, leaves hours of dragging luggage around with no plan for it.",city-break travelers,occasional,3,4,"asking the hotel to hold bags, luggage storage services",knowledge,,
726,general,Travel & trips,On the ground abroad,Rental car return details forgotten,"Fuel policy, return time, drop-off location and the pre-existing damage photos are all in different places, and errors cost money at return.",road-trippers and car renters,occasional,3,4,"photos in camera roll, keeping the paper contract",knowledge,,
727,general,Travel & trips,On the ground abroad,Tipping and etiquette unknowns,"Travelers don't know whether to tip, how much, or whether to haggle in each new country, causing awkward moments at every restaurant and taxi.",first-time visitors to a country,daily,2,4,googling at the table,knowledge,,
728,general,Travel & trips,Packing,Baggage weight over the limit,"Checked and cabin weight limits differ per airline and per leg of a trip, and souvenirs push the bag over on the way home, leading to fees at the counter.",travelers on mixed-airline itineraries,occasional,3,4,"luggage scale, wearing heavy clothes",knowledge,,
729,general,Travel & trips,Packing,Forgetting the one essential item,"Travelers arrive without the one thing they truly needed (medication, adapter, swimsuit) while hauling a bag of stuff they never touch.",anyone who packs their own bag,monthly,3,4,"handwritten lists, buying replacements at destination",forum,https://www.fodors.com/community/united-states/does-anyone-else-hate-to-pack-461221,Not having the one thing they really need or dragging around a bunch of crap they don't need
730,general,Travel & trips,Packing,Last-minute items left behind,"Things still in use the morning of departure (toothbrush, chargers, moisturizer, running shoes) can't be packed in advance and are the ones most often forgotten.",anyone leaving early in the morning,monthly,3,4,"sticky note on the door, mental checklist",forum,https://www.fodors.com/community/united-states/does-anyone-else-hate-to-pack-461221,moisturizers used in the morning or running shoes cannot be packed until the morning of departure
731,general,Travel & trips,Packing,Repacking at every hotel change,"On multi-stop trips the bag has to be unpacked and repacked every few days, and items get left behind in drawers or lost in the shuffle.","multi-city travelers, road-trippers, backpackers",occasional,3,2,"packing cubes, never fully unpacking",forum,https://www.fodors.com/community/united-states/does-anyone-else-hate-to-pack-461221,"Unpacking on the trip, repacking on the trip, and especially unpacking when returning home"
732,general,Travel & trips,Packing,Reusable packing lists by trip type,"Every trip the packing list gets rebuilt from scratch, and lessons from last time (bring a laundry bag, skip the second pair of shoes) are forgotten.","frequent travelers, parents packing for several people",monthly,3,5,"old notes, generic checklists online",knowledge,,
733,general,Travel & trips,Packing,Will my carry-on fit this airline,"Cabin bag size and weight rules differ per airline and fare class, so travelers never know if their usual bag will be gate-checked or fined until they are at the airport.",budget-airline and carry-on-only flyers,monthly,3,5,searching each airline's site before every flight,forum,https://www.fodors.com/community/united-states/does-anyone-else-hate-to-pack-461221,"Packing carry-on bags is especially frustrating, especially when flying on planes with size restrictions"
734,general,Travel & trips,Packing,Packing clothes you never wear,"People pack outfits for an imagined version of themselves on holiday and end up wearing the same three things, so bags are heavy and choices at the destination feel wrong anyway.","leisure travelers, especially on longer trips",monthly,2,3,"capsule wardrobe advice, guessing",forum,https://www.fodors.com/community/united-states/does-anyone-else-hate-to-pack-461221,"whatever they take, they'll want something else when they get there, but they hate to overpack"
735,general,Travel & trips,Packing,Packing for unknown weather,Travelers pack for the season rather than the actual forecast and arrive with no rain jacket or with sweaters in a heatwave.,all leisure travelers,monthly,2,4,checking a weather app the night before,knowledge,,
736,general,Travel & trips,Packing,Post-trip unpacking pile,"The suitcase sits half-unpacked for days after returning, laundry mixes with clean clothes and receipts and souvenirs get lost in the bag.","frequent travelers, families returning from holiday",monthly,2,2,none,forum,https://www.fodors.com/community/united-states/does-anyone-else-hate-to-pack-461221-printthread,especially unpacking when returning home is particularly hated
737,general,Travel & trips,Planning & research,Analysis paralysis over choices,"With hundreds of hotels, flights and restaurants to compare, people spend evenings researching and still can't commit, sometimes until prices have risen.","self-planning travelers, perfectionists",occasional,4,3,"asking friends, giving up and booking whatever",forum,https://www.fodors.com/community/united-states/excessive-planning-336970-printthread,the planning often getting bogged down in overthinking and 'analysis paralysis'
738,general,Travel & trips,Planning & research,Juggling many apps for one trip,"Flights live in one app, hotel in another, trains in a third and activities in email, so travelers constantly switch apps to answer simple questions like 'what time is check-in'.","all travelers, especially on multi-leg trips",weekly,4,5,"forwarding emails to TripIt, screenshots in a folder",article,https://www.applause.com/press-release/travel-apps-facing-delays/,only 9% of survey respondents go to a single app for all of their travel planning
739,general,Travel & trips,Planning & research,Planning trips with young kids,"Parents must plan around naps, kid-friendly food, stroller access and activities that suit both a toddler and a teenager, and generic travel guides ignore all of it.",parents travelling with children,occasional,4,3,"parenting Facebook groups, family travel blogs",article,https://mihirpshah.substack.com/p/travel-planning-101-for-busy-families,"deciding what to pack, planning kid-friendly activities, and dealing with the cost of travel"
740,general,Travel & trips,Planning & research,Research scattered across tabs and blogs,"Planning one trip means bouncing between blogs, review sites, booking sites, maps and saved posts, with no single place where the findings accumulate.",anyone planning their own trip,occasional,4,5,"dozens of browser tabs, Notes app, Google Docs",article,https://medium.com/tripock/why-travel-planning-is-frustrating-3161a90a229a,"Information for travel planning is dispersed among multiple platforms and blogs, making the process slow and frustrating"
741,general,Travel & trips,Planning & research,No single trip organizer that works,"Even technical users find no tool that combines bookings, plans, maps and notes cleanly, so they fall back to spreadsheets and email folders.",frequent independent travelers,occasional,3,4,"Google Sheets, Notion templates, TripIt for confirmations only",hn,https://news.ycombinator.com/item?id=44006107,Why is there no good travel organizing app?
742,general,Travel & trips,Planning & research,Saved places lost across apps,"Restaurants and sights get saved in Google Maps, Instagram bookmarks, TikTok and screenshots, and are impossible to find again once you are actually in the city.",social-media-driven travelers,weekly,3,5,"Google Maps lists, scrolling through saved posts",knowledge,,
743,general,Learning & studying,Course completion,Losing the thread after a break,"Returning to a course or textbook after two weeks away, the learner can't remember where they were or what earlier lessons covered, so they restart from the beginning or quit.",Self-paced learners with busy lives,monthly,4,5,"Re-watch earlier videos, skim old notes",article,https://www.frontiersin.org/journals/psychology/articles/10.3389/fpsyg.2022.902070/pdf,High online attrition remains both a concern and a mystery
744,general,Learning & studying,Course completion,Paid courses never completed,"People buy an expensive online course, watch the first few modules, and quietly abandon it, leaving money wasted and a lingering sense of failure.",Adults buying self-paced online courses,monthly,4,4,"Buy another course, promise to restart 'next month'",article,https://wmtips.substack.com/p/not-completing-the-course-is-one,80% of people who paid $500 for an online course never completed it
745,general,Learning & studying,Course completion,"Understanding in the moment, blank later","Concepts make perfect sense while watching the explanation but can't be reproduced a week later, and the learner doesn't realize until it's tested.","Students in math, science, programming",weekly,4,4,"Rewatch videos, redo exercises",knowledge,,
746,general,Learning & studying,Course completion,Course progress not synced across platforms,"Learning happens on Coursera, YouTube, a textbook and a podcast, and no single place shows overall progress toward the goal.",Learners mixing many resources,weekly,3,5,"Spreadsheet trackers, Notion boards",knowledge,,
747,general,Learning & studying,Course completion,Long video lessons with no chapters,"Two-hour recorded lectures can't be skimmed or revisited by topic, so finding the one explanation you need means scrubbing blindly.",MOOC and recorded-lecture students,weekly,3,5,"Watch at 2x, take timestamp notes manually",knowledge,,
748,general,Learning & studying,Course completion,Shame after dropping a course,"Abandoning a course feels like an embarrassing personal defeat, which makes people avoid the platform entirely instead of picking it back up.",Anyone who has quit a course midway,occasional,3,3,"Avoid the app, tell nobody",article,https://natashaleewj.substack.com/p/the-empty-seats-are-worth-40000,dropping out as feeling like a shameful intellectual defeat
749,general,Learning & studying,Focus & consistency,Cramming instead of spacing,"Even knowing spacing works better, learners leave everything to the night before because nothing prompts small sessions earlier.",Students with exam dates,monthly,4,5,Calendar reminders that get ignored,knowledge,,
750,general,Learning & studying,Focus & consistency,Distractions during online study sessions,"Studying on the same device that hosts social media and messages means sessions fragment into scrolling, and the planned hour yields fifteen real minutes.",Anyone studying at a laptop or phone,daily,4,4,"Site blockers, phone in another room",article,https://par.nsf.gov/biblio/10536123-investigating-online-versus-face-face-course-dropout-why-do-students-say-leaving,"driven by factors like distraction, lack of preparation"
751,general,Learning & studying,Focus & consistency,Motivation fades after week two,"Initial enthusiasm for a new subject dies after a couple of weeks, and with no visible payoff the habit dissolves before it forms.","New-year-resolution learners, hobbyists",monthly,4,3,"Restart with a new app, public commitments",knowledge,,
752,general,Learning & studying,Focus & consistency,Starting the session is the hardest part,"Sitting down to study triggers procrastination; the learner reorganizes the desk, checks messages and loses an hour before opening the book.",Students and adult learners with ADHD or not,daily,4,3,"Pomodoro timers, body doubling, caffeine",knowledge,,
753,general,Learning & studying,Focus & consistency,Study plan breaks after one missed day,"A rigid schedule collapses the first time life intervenes, and there's no easy way to reflow the remaining work to the deadline.","Exam candidates, anyone with a study timetable",weekly,4,5,Redo the whole plan by hand or abandon it,knowledge,,
754,general,Learning & studying,Focus & consistency,Studying alone with no accountability,"Without classmates or a teacher expecting anything, there's nobody to notice when you skip, so self-study quietly stops.",Solo self-learners and remote students,weekly,4,4,"Virtual study rooms, Discord groups, study buddies",app-review,https://apps.apple.com/qa/app/studystream/id6461722416?l=ar,"study together, stay accountable, and boost productivity"
755,general,Learning & studying,Focus & consistency,Not knowing what to study today,"Each session starts with deciding what to work on, which wastes energy and often ends in doing the easiest, most familiar thing.",Self-directed learners,daily,3,5,"To-do lists, random choice",knowledge,,
756,general,Learning & studying,Focus & consistency,"Too many study techniques, no system","Learners know about Pomodoro, active recall, Feynman and spaced repetition but have no way to combine them into one workflow for the material in front of them.",Self-learners who read about study science,weekly,3,4,Juggle several separate apps and timers,app-review,https://apps.apple.com/pg/app/miwiz/id1660339949,"learning techniques such as Feynman, Spaced Repetition, Active Recall or Pomodoro"
757,general,Learning & studying,Focus & consistency,Study time not tracked,"Learners feel they study 'a lot' but have no record of actual hours per subject, so they can't see imbalances or prove effort to themselves.","Students, people learning alongside a job",daily,2,5,"Toggl, paper logs, guessing",knowledge,,
758,general,Learning & studying,Language learning,Can understand but can't speak,After months of app lessons a learner can read and pick answers but freezes in a real conversation because nothing ever required producing speech under pressure.,Intermediate language learners,weekly,4,4,"Pay for tutors on iTalki, language exchange meetups",knowledge,,
759,general,Learning & studying,Language learning,Forgetting vocabulary weeks later,"Words learned in a language app feel solid on the day but are gone a month later, and the app never brings them back at the right moment.",Language learners,weekly,4,5,"Manual flashcards, re-doing old lessons",knowledge,,
760,general,Learning & studying,Language learning,Intermediate plateau with no path,"Once past beginner content, apps run out of structure and learners don't know what to study next or how to tell if they're improving.",B1-B2 language learners,monthly,4,4,"Random YouTube, graded readers, guesswork",knowledge,,
761,general,Learning & studying,Language learning,Content too hard or too easy,Finding reading or listening material at exactly the learner's level is a constant hunt; most native content is overwhelming and course content is boring.,Language learners seeking input,weekly,3,4,"Children's shows, graded readers, subtitles",knowledge,,
762,general,Learning & studying,Language learning,No feedback on pronunciation,"Practicing alone, learners have no idea whether their pronunciation is understandable and keep reinforcing mistakes.",Self-taught language learners,weekly,3,4,"Record yourself and compare, ask native friends",knowledge,,
763,general,Learning & studying,Language learning,Streak anxiety replaces real learning,"Learners do a trivial one-minute lesson at 11:55pm just to keep a streak alive, then feel they've 'studied' when nothing was learned.",Duolingo-style app users,daily,3,4,"Streak freezes, accept the fake progress",knowledge,,
764,general,Learning & studying,Language learning,Words looked up while reading are lost,"Reading a foreign article or book, the learner looks up dozens of words and none of them are captured anywhere for later review.",Language learners reading native content,daily,3,5,"Copy-paste into a spreadsheet, or don't bother",knowledge,,
765,general,Learning & studying,Memorization & flashcards,Flashcard review backlog piles up,"Miss a few days of spaced-repetition reviews and the due pile balloons into hundreds of cards, so people dread opening the app and quit entirely.","Anki/SRS users, language learners, med students",daily,4,5,"Delete the deck, reset scheduling, or grind through a huge session",reddit-quoted,https://flashrecall.app/blog/anki-flashcards-reddit,"Anki is clunky, ugly, and kind of a part-time job if you're not careful."
766,general,Learning & studying,Memorization & flashcards,Making flashcards is slow and tedious,"Turning notes, textbook pages or vocabulary lists into good cards takes longer than studying them, so people put it off.",Students and self-learners using flashcards,weekly,4,5,Download premade decks or skip flashcards altogether,reddit-quoted,https://flashrecall.app/blog/anki-flashcards-reddit,Making cards can be slow and annoying.
767,general,Learning & studying,Memorization & flashcards,Rereading feels productive but isn't,"Learners reread and highlight because it feels fluent, then blank in the exam because they never tested themselves; there's no cue to switch to recall.",Students preparing for exams,weekly,4,4,"Make practice questions by hand, past papers",knowledge,,
768,general,Learning & studying,Memorization & flashcards,Illusion of mastery from easy cards,"Reviewers mark cards as 'easy' when they only recognize the answer, so weak knowledge is scheduled far out and forgotten by exam day.",Flashcard users,daily,3,4,"Be strict with self-grading, reset intervals",knowledge,,
769,general,Learning & studying,Memorization & flashcards,Memorizing sequences and procedures,"Ordered material such as steps, formulas, dates or anatomy lists doesn't fit flashcards well and gets muddled when items look alike.","Medical, law and history students, musicians",weekly,3,4,"Mnemonics, hand-drawn diagrams, repetition",knowledge,,
770,general,Learning & studying,Memorization & flashcards,No practice questions for niche material,"For a specific textbook, work manual or certification there are no ready quizzes, so learners can't test themselves without writing questions first.","Professional certification candidates, self-learners",weekly,3,5,"Hunt for question banks, write own questions",knowledge,,
771,general,Learning & studying,Memorization & flashcards,Premade decks don't stick,"Shared decks contain someone else's context and phrasing, so cards feel meaningless and don't get remembered even after many reviews.",Learners who download shared decks,weekly,3,4,Edit cards one by one or rebuild the deck from scratch,reddit-quoted,https://flashrecall.app/blog/anki-flashcards-reddit,Don't rely only on premade decks. Make your own cards. That's where the learning happens.
772,general,Learning & studying,Memorization & flashcards,Spaced-repetition tools have steep learning curve,"Getting settings, intervals, card templates and add-ons right takes hours of reading guides, and getting it wrong silently wrecks retention.",New Anki/SRS users,occasional,3,4,"Watch tutorial videos, copy other people's config",hn,https://news.ycombinator.com/threads?id=Alt4Alt,"Naive use of it leads to a lot of pain and tons of problems, you have to learn how to use anki."
773,general,Learning & studying,Memorization & flashcards,Clunky flashcard app interface,"Existing flashcard tools are ugly and awkward on mobile, so the daily review feels like a chore rather than a quick habit.",Anyone reviewing cards on a phone,daily,2,4,Tolerate it or switch between several apps,hn,https://news.ycombinator.com/threads?id=Alt4Alt,none of them are perfect from a usability point of view
774,general,Learning & studying,Note-taking,Can't listen and write at once,"Trying to write everything down during a lecture or video means missing what's being said, and trying to listen means notes are full of gaps.","Students in lectures, people following video courses",daily,4,4,"Record audio and re-listen later, borrow classmates' notes",article,https://www.bates.edu/student-academic-support-center/files/2026/02/Common-Issues-in-Note-Taking-Studying.pdf,Can't write and listen at the same time
775,general,Learning & studying,Note-taking,Not knowing what was important,After a lecture or chapter the notes are a wall of text with no sense of which points actually matter for the exam or the skill.,Students and course-takers,daily,4,4,"Ask classmates, compare to slides, re-read everything",article,https://www.bates.edu/student-academic-support-center/files/2026/02/Common-Issues-in-Note-Taking-Studying.pdf,You came out of the lecture and... have no idea what was important
776,general,Learning & studying,Note-taking,Notes scattered across apps,"Study notes live partly in Notion, partly in a paper notebook, partly in phone photos and voice memos, so nothing can be found when needed.",Students and lifelong learners,weekly,4,4,Periodic migrations that never finish,knowledge,,
777,general,Learning & studying,Note-taking,Handwritten notes aren't searchable,"Paper or tablet handwriting is preferred for retention but the notes can't be searched or linked later, so they become dead weight.",Students who handwrite notes,weekly,3,4,"Retype key notes, photograph pages",knowledge,,
778,general,Learning & studying,Note-taking,Highlights that are never revisited,"Kindle highlights, PDF annotations and web clippings accumulate in the hundreds and are never seen again, so reading produces no retained knowledge.",Heavy readers and researchers,weekly,3,5,"Readwise-style resurfacing, manual export",knowledge,,
779,general,Learning & studying,Note-taking,Lectures move faster than notes,"Lecturers move at a pace that outruns handwriting or typing, so key definitions and steps get lost mid-sentence.",University students,daily,3,4,"Abbreviations, photographing slides, asking to slow down",article,https://www.bates.edu/student-academic-support-center/files/2026/02/Common-Issues-in-Note-Taking-Studying.pdf,easy to miss crucial information while trying to keep up with the professor's pace
780,general,Learning & studying,Note-taking,Messy incomplete notes never cleaned up,"Rushed notes from one class are supposed to be tidied before the next, but with several classes and activities that never happens and the notes rot.",Students juggling several subjects,weekly,3,4,"Rewrite notes at exam time, or give up on them",article,https://www.bates.edu/student-academic-support-center/files/2026/02/Common-Issues-in-Note-Taking-Studying.pdf,rushing to complete their notes before the next class... can result in messy and incomplete notes
781,general,Learning & studying,Note-taking,Notes from videos need pausing and scrubbing,"Taking notes from a video course means constantly pausing, rewinding and losing the place, and the notes have no link back to the timestamp.",People learning from YouTube or MOOCs,daily,3,5,"Speed up video and rely on memory, screenshots",knowledge,,
782,general,Learning & studying,Note-taking,Struggling to condense notes,"Summarizing a chapter or lecture into a concise, organized note is hard, so people either copy everything verbatim or write nothing usable.","Learners without strong writing skills, non-native speakers",weekly,3,4,"Highlight the whole page, copy slides",article,https://www.bates.edu/student-academic-support-center/files/2026/02/Common-Issues-in-Note-Taking-Studying.pdf,students need to filter out the most important information and write it in a concise and organized manner
783,general,Learning & studying,Note-taking,Tinkering with note systems instead of studying,"Hours go into perfecting templates, tags and folder structures in a notes app while the actual material stays unread.","Productivity-app enthusiasts, students",weekly,3,3,"Switch apps again, adopt yet another system",knowledge,,
784,general,Learning & studying,Self-study planning,Can't tell if you're actually improving,"Without exams or a teacher, self-learners have no measure of progress and can't tell whether a month of effort moved them forward.",Independent learners of any subject,monthly,4,4,"Occasional self-tests, feeling it out",knowledge,,
785,general,Learning & studying,Self-study planning,Exam-day knowledge gaps unknown,"Approaching a certification or exam, the learner doesn't know which topics are weak, so revision time goes to comfortable areas.",Certification and exam candidates,monthly,4,5,"Practice tests, gut feeling",knowledge,,
786,general,Learning & studying,Self-study planning,No roadmap for a self-taught subject,"Wanting to learn statistics or music theory alone, learners can't tell what to study in what order or which resources are worth the time.",Adults learning outside school,monthly,4,4,"Ask forums for curricula, copy university syllabi",knowledge,,
787,general,Learning & studying,Self-study planning,Nobody to ask when stuck,Getting stuck on one concept at 10pm with no teacher or classmate means either hours of searching or giving up on the session.,Solo learners of technical subjects,weekly,4,4,"Stack Overflow, Discord servers, waiting days for forum replies",knowledge,,
788,general,Learning & studying,Self-study planning,Prerequisite gaps discovered mid-course,Halfway through a course the learner hits material that assumes knowledge they don't have and has no idea what to go back and learn.,Learners jumping into intermediate courses,occasional,4,4,"Pause course, search for the missing basics",knowledge,,
789,general,Learning & studying,Self-study planning,Tutorial hell with no projects,"Learners watch endless coding or design tutorials, follow along fine, then can't build anything unaided and don't know how to break out.",Self-taught programmers and designers,weekly,4,4,"Random project ideas from forums, bootcamps",knowledge,,
790,general,Learning & studying,Self-study planning,Hoarding courses and bookmarks,"Dozens of Udemy courses, saved YouTube playlists and bookmarked tutorials pile up, and choosing which to start becomes its own paralysis.","Curious adults, lifelong learners",monthly,3,4,"Spreadsheet of resources, buy more on sale",knowledge,,
791,general,Everyday work & office life,Admin & approvals,Chasing approvals stuck in someone's inbox,"Leave requests, purchase orders and document sign-offs wait on a single approver with no visibility or reminders.",employees and coordinators,weekly,4,5,Nudge by chat; escalate to manager,knowledge,,
792,general,Everyday work & office life,Admin & approvals,Expense reports and receipts piling up,Receipts get lost and expense claims are filed late because the process is tedious and disconnected from the card and calendar.,travelling and client-facing staff,monthly,4,5,Photo folder of receipts; month-end scramble,knowledge,,
793,general,Everyday work & office life,Admin & approvals,Coordinating team leave and coverage,"Nobody can see at a glance who is off next week, so coverage gaps are discovered too late.",managers and small teams,weekly,3,5,Shared calendar; leave spreadsheet,knowledge,,
794,general,Everyday work & office life,Communication overload,"Message overload across chat, email and tools","Important requests arrive via Slack, Teams, email, Jira comments and text, so things get missed and nothing is prioritized.",knowledge workers,daily,5,4,Check each app in rotation; mark unread,knowledge,,
795,general,Everyday work & office life,Communication overload,Losing a message inside a long thread,A key decision was made deep in a chat thread and later nobody can find it or remember which channel it was in.,teams using Slack/Teams,weekly,4,4,Search with guessed keywords; ask again,knowledge,,
796,general,Everyday work & office life,Communication overload,Company announcements missed in the noise,Important all-hands or policy updates go out in a busy channel or newsletter and half the company never sees them.,all employees,weekly,3,4,Repeat announcements; manager cascades,knowledge,,
797,general,Everyday work & office life,Communication overload,Email threads with 'reply all' pile-ups,A simple request spawns a 30-reply thread where the actual answer and the current status are impossible to spot.,office workers,weekly,3,3,Scroll to the newest reply and hope,knowledge,,
798,general,Everyday work & office life,Communication overload,Not knowing if a colleague is actually available,"Presence dots say 'available' when someone is in a call, or 'away' when they are working, so you never know when to interrupt.",remote and hybrid workers,daily,3,4,Ask 'got a sec?' and wait,knowledge,,
799,general,Everyday work & office life,Focus & interruptions,Context switching between projects,"Jumping among three projects means reloading tabs, docs and mental context each time, losing 15 minutes per switch.",people on multiple projects,daily,4,3,Browser tab groups; separate desktops,knowledge,,
800,general,Everyday work & office life,Focus & interruptions,Notifications interrupting focused work,"Constant pings pull attention away every few minutes, and muting everything means missing something genuinely urgent.",individual contributors,daily,4,4,Do Not Disturb; check every hour,knowledge,,
801,general,Everyday work & office life,Focus & interruptions,Coworker walk-ups breaking concentration,"In open offices, people interrupt with questions with no way to signal you are in deep work.",office workers in open-plan offices,daily,3,2,Headphones; book a focus room,knowledge,,
802,general,Everyday work & office life,Focus & interruptions,Estimating and tracking where the day went,"At the end of the day you cannot say what you actually did, because time went to interruptions and meetings rather than planned work.",knowledge workers,daily,3,4,Time-tracking apps; guessing on timesheets,knowledge,,
803,general,Everyday work & office life,Hybrid & remote logistics,Not knowing who is in the office today,You commute in to collaborate and find your teammates chose to work from home that day.,hybrid workers,weekly,4,5,Ask in chat the night before; shared spreadsheet,knowledge,,
804,general,Everyday work & office life,Hybrid & remote logistics,Coordinating team in-office days,Teams try to align on the same office days but preferences shift weekly and there is no easy way to converge.,hybrid teams and managers,weekly,3,5,Fixed anchor days; group chat polls,knowledge,,
805,general,Everyday work & office life,Hybrid & remote logistics,Tracking who is attending in person vs remote,Hybrid meetings fall apart when nobody knows who will be physically present and whether a room and video link are both needed.,hybrid teams,weekly,3,4,Ask in chat the morning of,knowledge,,
806,general,Everyday work & office life,Knowledge & documentation,Figuring out who owns what,"You need approval or an answer and have no idea which person or team is responsible, so you ask around for days.",employees at mid to large companies,weekly,4,4,Org chart; ask your manager,knowledge,,
807,general,Everyday work & office life,Knowledge & documentation,Finding the latest version of a file,"Documents exist as email attachments, Drive copies and Teams uploads, and nobody knows which is current.",office workers,weekly,4,4,'Final_v3_FINAL' filenames; ask the author,knowledge,,
808,general,Everyday work & office life,Knowledge & documentation,Not knowing where to search for something,"Information could be in email, chat, the wiki, a shared drive or a ticket, so a single question means five searches.",everyone,daily,4,5,Ask a colleague instead of searching,knowledge,,
809,general,Everyday work & office life,Knowledge & documentation,Onboarding new colleagues with tribal knowledge,"New hires spend weeks discovering unwritten processes, acronyms and who owns what, asking the same people repeatedly.",new hires and their buddies,monthly,4,4,Onboarding doc that is out of date,knowledge,,
810,general,Everyday work & office life,Knowledge & documentation,Same question asked repeatedly,People keep asking the same how-to questions in chat because the answer is buried in old threads and not in any findable place.,team leads and senior staff,weekly,3,4,Pin messages; write a wiki nobody reads,knowledge,,
811,general,Everyday work & office life,Knowledge & documentation,Decoding internal acronyms and jargon,Every meeting uses acronyms and project codenames that are not documented anywhere.,new and cross-functional employees,daily,2,4,Ask quietly; search chat history,knowledge,,
812,general,Everyday work & office life,Meetings & follow-up,Action items lost after the meeting,"Decisions and to-dos discussed in a call are not written down or are buried in a notes doc nobody re-opens, so they silently drop.",teams that meet regularly,weekly,5,4,One person types notes; ad hoc follow-up emails,knowledge,,
813,general,Everyday work & office life,Meetings & follow-up,Catching up on a missed meeting,"When you miss a meeting you have to watch a full recording or ask a colleague, because there is no short summary of what was decided.",people juggling overlapping meetings,weekly,3,5,Watch recording at 2x; ask a teammate,knowledge,,
814,general,Everyday work & office life,Meetings & follow-up,Meeting recording and transcripts scattered,"Recordings sit in Zoom, Teams and Drive with no way to search across them for what was said about a topic.",teams that record meetings,weekly,3,5,Rewatch; ask attendees,knowledge,,
815,general,Everyday work & office life,Meetings & follow-up,Preparing for a 1:1 with your manager,"Topics you meant to raise are forgotten by the time the 1:1 arrives, and past commitments are not tracked.",employees and managers,weekly,3,4,Running notes doc; memory,knowledge,,
816,general,Everyday work & office life,Meetings & scheduling,Back-to-back meetings with no gaps,"Meetings are booked end-to-end so there is no time to take notes, use the bathroom, or join the next call on time.",people in meeting-heavy roles,daily,4,4,Manually shorten meetings to 25/50 minutes; arrive late,knowledge,,
817,general,Everyday work & office life,Meetings & scheduling,Finding a slot across many calendars,"Booking a meeting with 5+ people means opening each person's availability, guessing at time zones, and going back and forth for days.","team leads, project managers, EAs",weekly,4,5,"Scheduling assistant, Doodle polls, email ping-pong",knowledge,,
818,general,Everyday work & office life,Meetings & scheduling,Late invites that collide with focus time,"Meetings drop onto the calendar for later the same day, breaking planned deep-work blocks with no negotiation.",individual contributors,daily,4,4,Block fake meetings on the calendar,knowledge,,
819,general,Everyday work & office life,Meetings & scheduling,Meetings with no agenda or purpose,"Invites arrive with a title only, so attendees cannot prepare, decide whether to attend, or tell if it could have been an email.",anyone who receives meeting invites,daily,4,4,Ask the organizer in chat; decline blind,knowledge,,
820,general,Everyday work & office life,Meetings & scheduling,Time zone mistakes with distributed colleagues,"Meetings get booked at 6am for someone or during daylight-saving shifts, and people show up an hour off.",distributed and global teams,weekly,4,5,World clock tabs; mental arithmetic,knowledge,,
821,general,Everyday work & office life,Meetings & scheduling,Recurring meeting nobody needs anymore,"A weekly sync set up months ago keeps recurring with dwindling relevance, but no one feels empowered to cancel it.",teams with standing meetings,weekly,3,3,Quietly skip; hope the organizer cancels,knowledge,,
822,general,Everyday work & office life,Meetings & scheduling,Scheduling a meeting for a two-minute question,A quick question to a colleague turns into a 30-minute calendar slot three days out because there is no lightweight way to catch them when both are free.,office and remote workers in scheduled cultures,daily,3,4,"Slack ping and wait, or book a 30-min slot",app-review,https://apps.apple.com/gr/app/tweelin/id6448123000,transforming 1:1 scheduled meetings into impromptu conversations presented at the right time for both parties
823,general,Everyday work & office life,Meetings & scheduling,Waiting for the meeting host to arrive,Attendees sit in a video lobby or empty room for 5-10 minutes because the host is in another call or forgot.,everyone in meeting-heavy roles,weekly,3,3,Message the host; leave after 10 minutes,knowledge,,
824,general,Everyday work & office life,Office logistics,Conference room double-booked or squatted,"You booked a room but someone else is in it, or the booking system shows free rooms that are actually occupied.",hybrid and office workers,weekly,3,4,Wander looking for a free room; knock,knowledge,,
825,general,Everyday work & office life,Office logistics,Desk phone or video call setup failing,"Joining a call means fiddling with the wrong mic, camera or room system while everyone waits.",office and hybrid workers,daily,3,2,Join early; use phone instead,knowledge,,
826,general,Everyday work & office life,Office logistics,Hot desk booking friction,"Booking a desk requires a clunky portal, desks get booked and not used, and you end up sitting far from your team.",hybrid office workers,weekly,3,4,Book every day just in case; squat,knowledge,,
827,general,Everyday work & office life,Office logistics,Booking and tracking shared equipment,"Loaner laptops, cameras and adapters get taken without a record, so nobody knows who has them.",office teams sharing gear,weekly,2,4,Sign-out sheet; asking around,knowledge,,
828,general,Everyday work & office life,Office logistics,Shared kitchen and supplies running out,"Coffee, milk or printer paper run out and nobody knows who is responsible for reordering until someone complains.","office staff, office managers",weekly,2,3,Sticky notes; complaining in chat,knowledge,,
829,general,Everyday work & office life,Reporting & status,Collecting input from many people for one deliverable,"Assembling a report needs contributions from ten people, each replying in a different format and at a different time.","coordinators, chiefs of staff",monthly,4,4,Email deadline; chase individually,knowledge,,
830,general,Everyday work & office life,Reporting & status,Filling in weekly timesheets from memory,"Timesheets are due Friday and you reconstruct the week from calendar and memory, producing inaccurate entries.","consultants, agencies, billable staff",weekly,4,5,Look at calendar and git logs,knowledge,,
831,general,Everyday work & office life,Reporting & status,Visibility of what remote teammates are working on,"Without hallway contact, managers and peers do not know what others are working on, leading to duplicate effort and micromanagement.",remote teams,daily,3,4,Daily standups; status posts,knowledge,,
832,general,Everyday work & office life,Reporting & status,Writing status updates for multiple audiences,"Every week you rewrite the same progress into a standup, a manager email, a Jira ticket and a Slack post.",individual contributors and leads,weekly,3,5,Copy-paste and lightly edit,knowledge,,
833,general,Everyday work & office life,Tasks & follow-up,Following up on things you asked others for,"You sent five requests to five people and have no list of what is outstanding, so you rely on memory to chase them.","managers, coordinators",daily,4,5,Flagged emails; a notes file of 'waiting for',knowledge,,
834,general,Everyday work & office life,Tasks & follow-up,Out-of-office handoffs falling through,"When someone is on leave, their pending requests and knowledge are not visibly handed to anyone and things stall until they return.",teams of any size,monthly,4,4,Out-of-office auto-reply; ad hoc handover email,knowledge,,
835,general,Everyday work & office life,Tasks & follow-up,Prioritizing when everything is urgent,"Requests arrive from multiple stakeholders each claiming top priority, with no shared way to see the queue and negotiate order.",individual contributors serving many teams,daily,4,3,Manager escalation; first-come-first-served,knowledge,,
836,general,Everyday work & office life,Tasks & follow-up,Untracked requests received in chat,"A coworker asks for something in a DM, you say 'sure', and it never becomes a task anywhere so it is forgotten.",everyone,daily,4,5,Copy to a to-do list manually; emoji reactions,knowledge,,
837,general,Everyday work & office life,Tools that don't talk,Tasks scattered across many apps,"Work to-dos live in Jira, Asana, email flags, sticky notes and chat, so there is no single view of everything you owe.",knowledge workers,daily,5,5,A personal notes file duplicating everything,knowledge,,
838,general,Everyday work & office life,Tools that don't talk,Calendar and task list out of sync,"Deadlines live in the task tool and time lives in the calendar, so you overcommit because you never see both together.",individual contributors,daily,4,5,Manually block time for big tasks,knowledge,,
839,general,Everyday work & office life,Tools that don't talk,Copy-pasting data between systems,"The same information (ticket number, customer name, hours) must be re-entered in a CRM, a timesheet and a project tool because they are not connected.",operations and admin staff,daily,4,5,Manual re-entry; spreadsheets,knowledge,,
840,general,Everyday work & office life,Tools that don't talk,Too many logins and password prompts,"Every workday begins with re-authenticating to a dozen tools, each with its own MFA prompt and session timeout.",employees at companies with many SaaS tools,daily,3,3,Password manager; keep tabs open,knowledge,,
841,general,Everyday work & office life,Wellbeing & boundaries,Feeling isolated from coworkers when remote,"Casual social contact disappears remotely, and virtual coffee chats feel forced or never get scheduled.",remote workers,weekly,3,3,Random coffee bots; team socials,knowledge,,
842,general,Everyday work & office life,Wellbeing & boundaries,Forgetting to log off or take breaks at home,"Working from home blurs the day, so you skip lunch, work past hours and sit for hours without moving.",remote workers,daily,3,3,Phone alarms; calendar blocks,knowledge,,
843,general,Job hunting & careers,Application tracking,Job hunt burnout and motivation loss,Months of applications with little response erode motivation; people have no sense of progress and swing between binge-applying and avoiding it entirely.,long-term unemployed and laid-off workers,daily,5,3,"support subreddits, arbitrary daily quotas",knowledge,,
844,general,Job hunting & careers,Application tracking,Logging applications for unemployment benefits,"Unemployment insurance requires a weekly log of work-search activities with employer, date and method; people reconstruct it from memory and risk losing benefits.",unemployment claimants in the US,weekly,4,5,"paper log, spreadsheet",knowledge,,
845,general,Job hunting & careers,Application tracking,Losing track of dozens of applications,"After sending 50+ applications, people cannot remember where they applied, which resume version they sent, or what stage each is at. Rejections and interview invites arrive with no context.",active job seekers applying at volume,daily,4,5,messy spreadsheet or Notion board that goes stale within a week,knowledge,,
846,general,Job hunting & careers,Application tracking,Rejections buried in email inbox,"Interview invites, rejections and scheduling links land among newsletters and spam; people miss a response deadline or reply days late.",active job seekers,daily,4,5,"Gmail filters, checking spam folder daily",knowledge,,
847,general,Job hunting & careers,Application tracking,Job posting disappears after applying,"When an interview is scheduled, the original listing has been taken down and the candidate can't re-read the requirements they were supposed to prepare against.",candidates who applied weeks earlier,weekly,3,5,"Wayback Machine, saved PDFs if remembered",knowledge,,
848,general,Job hunting & careers,Application tracking,No data on what's actually working,"Job seekers can't tell whether referrals, cold applications, or a particular resume version yield interviews because nothing is measured.",job seekers applying at volume,weekly,3,5,gut feel,knowledge,,
849,general,Job hunting & careers,Applying,Re-typing resume into every ATS form,"Workday, Taleo and similar portals ask you to upload a resume and then manually re-enter every job, date and school anyway; the auto-parse mangles the fields.",anyone applying to mid-size and large employers,daily,5,4,"browser autofill, copy-paste from a master doc, giving up on the application",knowledge,,
850,general,Job hunting & careers,Applying,Rejected within minutes by auto-filter,"An automated rejection arrives seconds after applying, and the applicant has no idea which knockout question or keyword triggered it.",job seekers applying through ATS portals,weekly,4,3,"guess, reapply with a different answer, ask on forums",knowledge,,
851,general,Job hunting & careers,Applying,Creating a new account per employer,"Every company career site demands its own login and password, so job seekers end up with dozens of throwaway accounts and password resets to apply once.",job seekers applying through corporate career pages,daily,3,3,"password manager, reusing the same password",knowledge,,
852,general,Job hunting & careers,Applying,Writing a cover letter per application,"Employers still require cover letters, and writing a fresh, non-generic one for each role takes 30-60 minutes that rarely seems to be read.",job seekers in cover-letter-heavy fields,daily,3,5,one template with the company name swapped in,knowledge,,
853,general,Job hunting & careers,Career growth,Forgetting accomplishments at review time,"By the annual review, employees can't recall what they shipped or fixed in Q1, so self-assessments undersell their work and promotions get delayed.",employees at companies with performance reviews,monthly,4,5,"a 'brag doc' that's rarely updated, scrolling old Slack and Jira",knowledge,,
854,general,Job hunting & careers,Career growth,Unclear path to promotion,"Employees are told they're 'not quite there yet' for the next level with no concrete criteria, and can't track their progress against whatever is expected.",individual contributors seeking promotion,monthly,4,3,"ask manager repeatedly, compare with peers",knowledge,,
855,general,Job hunting & careers,Career growth,Keeping certifications from lapsing,"Professional certifications (PMP, CPA CPE, nursing CEUs, cloud certs) expire on different cycles, and people discover too late they're out of compliance or need renewal hours.",licensed and certified professionals,monthly,3,5,"calendar reminders, provider emails",knowledge,,
856,general,Job hunting & careers,Career growth,Skills gap for the next role,"People want to move into a new title (e.g., analyst to product manager) but can't tell which skills or certifications actually matter versus listicle noise.",career changers and upskillers,monthly,3,4,"reading job postings, asking on forums",knowledge,,
857,general,Job hunting & careers,Finding jobs,Applying to ghost job postings,"Listings stay up for months with no intent to hire, or are reposted weekly; applicants waste effort on roles that were never real or were already filled.",all job seekers using job boards,daily,4,4,"check posting date, cross-check the company's own site, ask on forums",knowledge,,
858,general,Job hunting & careers,Finding jobs,Salary hidden in job postings,"Many listings omit pay, so candidates go through screens before discovering the range is far below expectations.",job seekers outside pay-transparency states,daily,4,3,"Glassdoor and Levels.fyi guesses, asking the recruiter on the first call",knowledge,,
859,general,Job hunting & careers,Finding jobs,Current employer noticing job search,"Turning on 'open to work' or updating LinkedIn risks tipping off a manager, so employed job seekers hide activity and lose reach.",employed people looking discreetly,weekly,3,3,"recruiter-only visibility settings, not updating profile",knowledge,,
860,general,Job hunting & careers,Finding jobs,Job alerts flooded with irrelevant roles,"Saved-search email alerts send dozens of loosely matching listings daily (wrong seniority, wrong field), so people stop reading them and miss the good ones.",passive and active job seekers with alerts set up,daily,3,5,"unsubscribe, check boards manually instead",knowledge,,
861,general,Job hunting & careers,Finding jobs,Remote filter returns hybrid/onsite jobs,"Selecting 'remote' on a job board still returns hybrid roles, 'remote within 50 miles of office', or location-restricted jobs, wasting reading time.",remote-only job seekers,daily,3,4,"read every posting's fine print, use niche remote boards",knowledge,,
862,general,Job hunting & careers,Finding jobs,Same job listed on five boards,"Aggregators show the same role from LinkedIn, Indeed, ZipRecruiter and staffing agencies, so people accidentally apply twice or cannot tell the original source.",job seekers using multiple boards,daily,3,5,manually search the company name before applying,knowledge,,
863,general,Job hunting & careers,Ghosting & follow-up,Ghosted after interviews with no closure,"Candidates complete several rounds, are told they'll hear back in a week, then never hear anything; they keep hoping and delaying other decisions.",candidates in mid-to-late interview stages,weekly,5,3,"polite follow-up emails, checking the posting to see if it closed",knowledge,,
864,general,Job hunting & careers,Ghosting & follow-up,Not knowing when to follow up,"After an interview or application, people agonize over whether it's been long enough to nudge the recruiter, and forget to do it once the date passes.",candidates waiting on employers,weekly,3,5,"calendar reminders set inconsistently, asking friends",knowledge,,
865,general,Job hunting & careers,Interviews,Interview loop that never ends,"Companies add a sixth or seventh round, a take-home, a 'culture chat', and the candidate can't tell how many stages remain or when a decision will come.",candidates at tech and corporate employers,monthly,4,2,"ask recruiter for process outline, crowdsourced Glassdoor interview reports",knowledge,,
866,general,Job hunting & careers,Interviews,Interview schedule juggling across time zones,"Multiple companies propose slots by email, in different time zones, while the candidate is also hiding interviews from a current employer; double-bookings and missed calls happen.",employed candidates interviewing at several companies,weekly,4,5,"personal calendar entries, fake dentist appointments",knowledge,,
867,general,Job hunting & careers,Interviews,No feedback after rejection,"Rejections come with a form email and no reason, so candidates cannot learn whether it was the resume, the interview answers, or salary and keep repeating mistakes.",candidates rejected after interviews,weekly,4,2,"ask the recruiter (rarely answered), self-reflection",knowledge,,
868,general,Job hunting & careers,Interviews,One-way video interviews feel impossible,"Asynchronous recorded interviews give 30 seconds to think and one take, with no human feedback; candidates freeze and get no idea how they did.",entry-level and high-volume role applicants,monthly,4,4,"practice with a webcam, look up common questions",knowledge,,
869,general,Job hunting & careers,Interviews,Recalling stories for behavioral questions,"Asked 'tell me about a time you handled conflict', candidates blank on relevant examples even though they have several, because the stories aren't organized anywhere.",anyone preparing for interviews,weekly,4,5,a doc of STAR stories reread the night before,knowledge,,
870,general,Job hunting & careers,Interviews,Unpaid take-home assignments piling up,Several companies at once assign 4-10 hour projects with deadlines; candidates burn weekends and cannot judge which ones are worth doing.,"engineers, designers, marketers in interview processes",monthly,4,3,"decline some, do them late at night",knowledge,,
871,general,Job hunting & careers,Interviews,Forgetting interviewer names and details,"After a panel of five people, candidates can't remember who asked what or who to address thank-you notes to, and mix up details between companies.",candidates in multi-round processes,weekly,3,5,"scribbled notes, LinkedIn stalking afterwards",knowledge,,
872,general,Job hunting & careers,Interviews,Practicing answers out loud alone,"People know their answers ramble but have no one to mock-interview with, and rehearsing in a mirror doesn't surface filler words or pacing problems.",introverted or first-time job seekers,weekly,3,5,"record on phone, ask a friend or partner",knowledge,,
873,general,Job hunting & careers,Interviews,Researching a company before the interview,"Preparing means opening 15 tabs (news, Glassdoor, financials, product, interviewer LinkedIn) the night before, and it's never consolidated for the next round.",candidates with an interview scheduled,weekly,3,5,"ad hoc googling, notes app",knowledge,,
874,general,Job hunting & careers,Networking & referrals,Finding who can refer you,"Referred candidates get far better response rates, but figuring out which second-degree connection works at the target company and how to ask is slow and uncomfortable.",job seekers targeting specific companies,weekly,4,4,"LinkedIn search, cold messages",knowledge,,
875,general,Job hunting & careers,Networking & referrals,Cold outreach messages go unanswered,"Messages to hiring managers and recruiters get no reply, and the sender doesn't know whether the message was bad, ignored, or never seen.",job seekers doing direct outreach,weekly,3,3,"send more messages, copy templates",knowledge,,
876,general,Job hunting & careers,Networking & referrals,Informational interviews with no follow-through,"After a coffee chat, people forget to send a thank-you, act on the advice, or update the contact later, so the relationship dies.",students and career changers,monthly,3,5,"notes app, memory",knowledge,,
877,general,Job hunting & careers,Networking & referrals,Losing touch with professional network,"Former colleagues and managers who could refer you are forgotten until you need them, making outreach feel awkward and transactional.",mid-career professionals,monthly,3,5,"LinkedIn birthday reminders, sporadic messages",knowledge,,
878,general,Job hunting & careers,Offers & negotiation,Offer deadline before other interviews finish,An exploding offer requires a decision in three days while a preferred company is still mid-process; people don't know how to ask for extensions or accelerate others.,candidates interviewing at several places,occasional,5,3,"email negotiations, guessing",knowledge,,
879,general,Job hunting & careers,Offers & negotiation,Comparing offers with different comp structures,"One offer has RSUs vesting over four years, another a bonus and better 401k match, a third is remote; candidates can't line them up on an apples-to-apples basis.",candidates with multiple offers,occasional,4,5,"homemade spreadsheet, asking friends",knowledge,,
880,general,Job hunting & careers,Offers & negotiation,Job description differs from real job,"Candidates accept a role and discover the duties, team or remote policy are different from what was posted; there's no way to check beforehand.",recently hired employees,occasional,4,2,"ask pointed questions in interviews, Glassdoor reviews",knowledge,,
881,general,Job hunting & careers,Offers & negotiation,Layoff rumors and company health unknown,Candidates accept roles at companies that lay off weeks later; there's no easy way to gauge financial stability or recent layoffs before joining.,candidates evaluating offers,occasional,4,4,"news searches, layoffs.fyi, Blind",knowledge,,
882,general,Job hunting & careers,Offers & negotiation,Not knowing what to ask for,"When asked for salary expectations, candidates have no reliable number for their role, level and city, and fear lowballing or pricing themselves out.","all candidates, especially early-career",weekly,4,4,"Glassdoor, Levels.fyi, asking peers",knowledge,,
883,general,Job hunting & careers,Offers & negotiation,Reference contacts go stale,"When asked for references, people scramble to find current emails for former managers and to warn them a call is coming, sometimes for multiple companies at once.",candidates at final stage,occasional,3,4,"LinkedIn messages, old contacts list",knowledge,,
884,general,Job hunting & careers,Recruiters & scams,Detecting fake recruiter job scams,"Job seekers get texts and emails from 'recruiters' offering easy remote jobs, sometimes using real company names; it's hard to tell real outreach from scams that ask for fees or bank details.",anyone with a public resume or LinkedIn profile,weekly,4,4,"google the sender, check the domain, ask on forums",knowledge,,
885,general,Job hunting & careers,Recruiters & scams,Recruiter spam for wrong roles,"Agency recruiters message about positions far below level, in the wrong city, or in an unrelated field, and repeatedly across platforms.",people with visible LinkedIn or resume-board profiles,daily,3,3,"ignore, set profile to not open to work, block senders",knowledge,,
886,general,Job hunting & careers,Recruiters & scams,Same role pitched by multiple agencies,"Contract seekers get the same job from three staffing firms and must remember which agency they authorized to submit them, or risk being disqualified for double submission.",contractors and IT consultants,weekly,3,4,notes app or email search,knowledge,,
887,general,Job hunting & careers,Resumes,Not knowing if ATS can parse resume,Applicants fear their two-column or graphical resume is being silently rejected by parsing software but have no way to see what the ATS actually extracted.,job seekers with designed or non-standard resumes,weekly,4,5,"paste resume into a plain-text box and eyeball it, pay for a scanner tool",knowledge,,
888,general,Job hunting & careers,Resumes,Resume gaps and explaining them,"Layoffs, caregiving or health leave leave months-long gaps, and people don't know how to present them on the resume or answer about them in interviews.",job seekers with employment gaps,weekly,4,3,"years-only dates, advice threads",knowledge,,
889,general,Job hunting & careers,Resumes,Tailoring the resume for every posting,"Each listing wants slightly different keywords, so people rewrite bullets for every application, then lose track of which version went where.",job seekers targeting ATS-screened roles,daily,4,5,"keep 3-5 resume variants in a folder, hand-edit each time",knowledge,,
890,general,Job hunting & careers,Resumes,"LinkedIn, resume and portfolio out of sync","Updating a job title or dates means editing the resume, LinkedIn, a personal site and several job-board profiles separately; they drift and contradict each other.",professionals maintaining an online presence,monthly,3,4,"update each manually, usually forgetting one",knowledge,,
891,general,Job hunting & careers,Resumes,Quantifying achievements on the resume,"Advice says 'use numbers', but people don't remember metrics from roles two jobs ago and end up writing vague duty-based bullets.",job seekers updating resumes,monthly,3,4,"estimate, dig through old emails",knowledge,,
892,general,Job hunting & careers,Resumes,Resume formatting breaks on export,"A resume that looks fine in Word or Google Docs shifts to two pages or loses bullets when converted to PDF or uploaded, and each fix breaks something else.",everyone maintaining a resume,weekly,3,5,fiddling with margins and font sizes,knowledge,,
893,general,"Housing: renting, roommates & moving",Apartment hunting,Scam and duplicate listings,"Apartment searches are polluted by fake listings, bait-and-switch prices and the same unit posted five times.",apartment hunters,weekly,5,4,Reverse image search; avoiding deals that look too good,knowledge,,
894,general,"Housing: renting, roommates & moving",Apartment hunting,Comparing units across many sites,"Candidates live across several sites, texts and emails, making it hard to compare price, commute and features side by side.",apartment hunters,weekly,4,5,Spreadsheet or notes app,knowledge,,
895,general,"Housing: renting, roommates & moving",Apartment hunting,Listings gone by the time you call,"Units marked available are already rented, wasting hours of calls and tours on stale inventory.",apartment hunters,weekly,4,3,Message dozens of listings at once,knowledge,,
896,general,"Housing: renting, roommates & moving",Apartment hunting,Repeating the same application info,"Every application asks for the same pay stubs, references and IDs, and each charges a fee with no shared file.",apartment hunters,occasional,4,4,Folder of PDFs re-uploaded each time,knowledge,,
897,general,"Housing: renting, roommates & moving",Apartment hunting,True monthly cost is hidden,"Listed rent excludes utilities, parking, fees and broker commission, so real cost is unknown until the application stage.",apartment hunters,weekly,4,4,Ask each landlord individually,knowledge,,
898,general,"Housing: renting, roommates & moving",Apartment hunting,Commute and neighborhood unknowns,"It is hard to judge commute time at rush hour, noise, safety and grocery access for an unfamiliar address before touring.",apartment hunters and relocators,weekly,3,4,Google Maps and street view,knowledge,,
899,general,"Housing: renting, roommates & moving",Apartment hunting,Forgetting details after tours,"After viewing several units in a day, memories blur and tenants cannot recall which one had the broken window or good light.",apartment hunters,occasional,3,5,Photos and hurried notes,knowledge,,
900,general,"Housing: renting, roommates & moving",Apartment hunting,Rental application rejection blackout,Applicants hear nothing after applying and do not know whether to keep searching or wait.,apartment hunters,occasional,3,3,Follow-up calls,knowledge,,
901,general,"Housing: renting, roommates & moving",Apartment hunting,Tour scheduling back-and-forth,"Arranging viewings means trading texts with multiple agents around work hours, often with no-shows.",apartment hunters,weekly,3,4,Text and phone tag,knowledge,,
902,general,"Housing: renting, roommates & moving",Finding roommates,Vetting a stranger as roommate,"Finding a replacement roommate means judging strangers from a few messages, with no easy way to check references, habits or reliability.",renters filling a room,occasional,4,4,"Facebook groups, Craigslist, gut feel",knowledge,,
903,general,"Housing: renting, roommates & moving",Home buying,Closing paperwork and deadlines,"Inspection contingencies, appraisal, insurance binder and lender document requests arrive in a rush with hard deadlines.",home buyers under contract,occasional,5,4,Agent reminders; email searches,knowledge,,
904,general,"Housing: renting, roommates & moving",Home buying,Estimating real monthly ownership cost,"Buyers see the list price but struggle to add taxes, insurance, HOA dues, PMI and maintenance into a true monthly figure.",home buyers,weekly,4,5,Mortgage calculators that omit most costs,knowledge,,
905,general,"Housing: renting, roommates & moving",Home buying,Inspection report is hard to prioritize,A 60-page inspection lists everything from cosmetic to structural and buyers cannot tell what to negotiate or budget for.,home buyers,occasional,4,4,Ask the agent or inspector,knowledge,,
906,general,"Housing: renting, roommates & moving",Home buying,Rent versus buy uncertainty,"Renters cannot tell whether buying makes sense for their city, savings and time horizon without a spreadsheet they distrust.",renters considering buying,occasional,3,4,Online calculators,knowledge,,
907,general,"Housing: renting, roommates & moving",Home buying,Tracking homes viewed and rejected,"House hunters see dozens of listings and cannot remember which they toured, what they disliked or what it later sold for.",first-time home buyers,weekly,3,5,Saved listings on portals; spreadsheet,knowledge,,
908,general,"Housing: renting, roommates & moving",Landlord and maintenance,Maintenance requests going unanswered,A broken heater or leaking tap is reported by text and then nothing happens; the tenant has no record and no way to escalate.,renters,monthly,5,4,Repeated calls and texts,knowledge,,
909,general,"Housing: renting, roommates & moving",Landlord and maintenance,Knowing tenant rights locally,"Tenants do not know what notice periods, deposit limits or repair obligations apply in their city, and rules differ by jurisdiction.",renters facing a dispute,occasional,4,4,Googling; calling a tenant hotline,knowledge,,
910,general,"Housing: renting, roommates & moving",Landlord and maintenance,Landlord entering without notice,Landlords or contractors show up unannounced and tenants lack a simple log of entries to support a complaint.,renters,occasional,4,3,none,knowledge,,
911,general,"Housing: renting, roommates & moving",Landlord and maintenance,No paper trail with landlord,"Conversations happen by phone or in passing, so when a dispute arises the tenant cannot prove what was promised or when.",renters,monthly,4,4,Follow-up emails when remembered,knowledge,,
912,general,"Housing: renting, roommates & moving",Landlord and maintenance,Rent increase arrives with no context,A renewal offer with a big increase gives the tenant no way to check comparable rents or legal caps before responding.,renters at renewal,occasional,4,4,Browsing listings manually,knowledge,,
913,general,"Housing: renting, roommates & moving",Landlord and maintenance,Automating rent payment reliably,"Landlords accept only checks or one specific app, so tenants juggle transfers and fear a missed or late payment fee.",renters,monthly,3,4,Calendar reminder; bank bill pay,knowledge,,
914,general,"Housing: renting, roommates & moving",Landlord and maintenance,Rent receipts and payment proof,"Cash or bank-transfer rent leaves no receipt, so tenants cannot prove payment history for disputes or future applications.",renters paying informally,monthly,3,4,Screenshots of bank app,knowledge,,
915,general,"Housing: renting, roommates & moving",Lease and deposit,Getting the deposit back on time,"After moving out, tenants wait weeks past the legal deadline with no itemized deductions and no idea how to push back.",renters after move-out,occasional,5,4,Emails and demand letters,knowledge,,
916,general,"Housing: renting, roommates & moving",Lease and deposit,Move-in condition never documented,Tenants forget to photograph scuffs and stains at move-in and later lose deposit money for pre-existing damage.,renters,occasional,5,5,Phone photos scattered in camera roll,knowledge,,
917,general,"Housing: renting, roommates & moving",Lease and deposit,Lease renewal deadline sneaks up,"Notice-to-vacate or renewal windows pass unnoticed, locking tenants into another year or a month-to-month premium.",renters,occasional,4,5,Calendar entry if remembered,knowledge,,
918,general,"Housing: renting, roommates & moving",Lease and deposit,Subletting or breaking a lease,Tenants who must leave early cannot easily find a qualified sublettor or figure out the exact penalty and process.,renters relocating,occasional,4,4,Facebook groups; asking the landlord,knowledge,,
919,general,"Housing: renting, roommates & moving",Lease and deposit,Understanding dense lease clauses,"Leases are long PDFs full of fees, auto-renewals and penalties that tenants sign without understanding.",renters signing a lease,occasional,4,4,Skim and hope,knowledge,,
920,general,"Housing: renting, roommates & moving",Lease and deposit,Tracking recurring fees beyond rent,"Pet rent, parking, trash, amenity and 'admin' fees vary monthly and tenants cannot tell if they are being overcharged.",renters in managed buildings,monthly,3,4,none,knowledge,,
921,general,"Housing: renting, roommates & moving",Lease and deposit,Renters insurance lapses unnoticed,"A required renters policy auto-renews or lapses silently, and tenants cannot find the certificate when the landlord asks.",renters,occasional,2,4,Search email inbox,knowledge,,
922,general,"Housing: renting, roommates & moving",Moving logistics,Coordinating the moving timeline,"Utilities cutover, movers, elevator booking, key handoff and cleaning all must line up on one day and one is always missed.",people moving,occasional,5,5,Long checklist in notes app,knowledge,,
923,general,"Housing: renting, roommates & moving",Moving logistics,Getting honest moving quotes,"Mover quotes vary wildly, hide fees, and reviews are hard to trust, so people overpay or get held hostage on delivery.",people moving,occasional,5,3,Call several companies; read reviews,knowledge,,
924,general,"Housing: renting, roommates & moving",Moving logistics,Changing address everywhere,"Banks, employer, subscriptions, DMV, insurers and delivery apps each need an address update and some are forgotten for months.",people moving,occasional,4,5,USPS forwarding plus memory,knowledge,,
925,general,"Housing: renting, roommates & moving",Moving logistics,Not knowing what is in which box,"After a move, needed items are buried in unlabeled or vaguely labeled boxes for weeks.",people moving,occasional,4,5,Sharpie labels; opening every box,knowledge,,
926,general,"Housing: renting, roommates & moving",Moving logistics,Overlapping rent during a move,"Lease dates rarely line up, forcing double rent or a scramble for storage and a place to stay in between.",renters moving between leases,occasional,4,3,Negotiate dates; short-term storage,knowledge,,
927,general,"Housing: renting, roommates & moving",Moving logistics,Deciding what to sell or toss,"Before a move, deciding what to keep, sell, donate or discard is overwhelming and left to the last night.",people moving,occasional,3,3,Facebook Marketplace and trash bags,knowledge,,
928,general,"Housing: renting, roommates & moving",Moving logistics,Finding friends with a truck,Rounding up helpers and a vehicle for a DIY move means chasing favors and last-minute cancellations.,young renters moving,occasional,3,3,Group text pleading,knowledge,,
929,general,"Housing: renting, roommates & moving",Moving logistics,Utility setup and shutoff timing,"Electricity, gas and internet must be stopped at the old place and started at the new one, and gaps or overlaps cost money.",people moving,occasional,3,4,Call each provider,knowledge,,
930,general,"Housing: renting, roommates & moving",Roommate coordination,Chores rotation that nobody follows,Dishes and trash rotations agreed verbally are forgotten within weeks and one person silently ends up doing everything.,renters with roommates,weekly,4,4,Paper chart on the fridge; passive-aggressive notes,knowledge,,
931,general,"Housing: renting, roommates & moving",Roommate coordination,Guests staying over without warning,"A roommate's partner effectively moves in, using utilities and space, with no agreed limit or way to raise it without conflict.",renters with roommates,weekly,4,2,Awkward conversation or none,knowledge,,
932,general,"Housing: renting, roommates & moving",Roommate coordination,Missing packages in shared entryway,Deliveries left in a common hall or lobby vanish or get taken inside by a roommate who forgets to mention it.,renters in multi-unit buildings,weekly,3,3,Ask in group chat; ship to work,knowledge,,
933,general,"Housing: renting, roommates & moving",Roommate coordination,Quiet hours and noise disputes,Roommates with different schedules clash over late-night noise and early alarms and have no neutral record of agreed rules.,roommates and shift workers,daily,3,2,"House rules discussed once, then forgotten",knowledge,,
934,general,"Housing: renting, roommates & moving",Roommate coordination,Roommate agreement never written down,"House rules on cleaning, guests, pets and moving out are agreed verbally and then disputed months later.",new roommate households,occasional,3,4,"Template found online, rarely signed",knowledge,,
935,general,"Housing: renting, roommates & moving",Roommate coordination,Shared bathroom and kitchen scheduling,Morning bathroom time and kitchen use collide when several people leave for work at the same hour.,households of three or more,daily,3,3,Ad hoc negotiation,knowledge,,
936,general,"Housing: renting, roommates & moving",Roommate money,Collecting rent before the due date,One roommate is on the lease and must gather everyone's portion by the first; late transfers put their own credit and deposit at risk.,lease-holding roommates,monthly,4,5,Reminder texts and nagging,knowledge,,
937,general,"Housing: renting, roommates & moving",Roommate money,Departing roommate's final settle-up,"When someone moves out mid-lease, nobody can reconstruct who owes what for the deposit, last utilities and shared furniture.",roommates at move-out,occasional,4,4,Argument over text; someone eats the loss,knowledge,,
938,general,"Housing: renting, roommates & moving",Roommate money,Rent shares for unequal rooms,"Roommates argue over how much each should pay when bedrooms differ in size, closets, windows or private bathrooms.",new roommate groups,occasional,4,4,"Guessing, or a one-off spreadsheet",knowledge,,
939,general,"Housing: renting, roommates & moving",Roommate money,Splitting shared bills unevenly,"Utilities, internet and streaming arrive on different days in one person's name; that person fronts the money and then has to chase everyone else for their share.",renters with roommates,monthly,4,5,Venmo requests and a group chat; Splitwise for some households,knowledge,,
940,general,"Housing: renting, roommates & moving",Roommate money,Shared furniture ownership at split,Couches and TVs bought jointly become disputes when the household breaks up because nobody recorded who paid.,roommates and cohabiting couples,occasional,3,4,none,knowledge,,
941,general,"Housing: renting, roommates & moving",Roommate money,Shared groceries nobody tracks,"Milk, toilet paper and dish soap get bought by whoever notices first, so the same person always pays and resentment builds.",roommates and couples,weekly,3,4,Mental tally or 'you get it next time',knowledge,,
942,general,Digital life & devices,Accounts & subscriptions,Free trials that silently convert to paid,"A 7-day trial charges the card because nobody reminded you before the cutoff, and cancellation after the fact is refused.",app and streaming subscribers,monthly,4,5,"calendar reminders, virtual cards, disputing charges",knowledge,,
943,general,Digital life & devices,Accounts & subscriptions,Losing access when a login is through a dead social account,Accounts created with 'Sign in with Facebook/Twitter' become unreachable when that social account is deleted or suspended.,people who quit a social network,occasional,4,3,"recovery via support, recreating accounts",knowledge,,
944,general,Digital life & devices,Accounts & subscriptions,No single view of all recurring subscriptions,"Subscriptions are spread across App Store, Google Play, PayPal, cards and direct debits, so the true monthly total is unknown.",households with many subscriptions,monthly,4,4,"bank statement audits, spreadsheets",knowledge,,
945,general,Digital life & devices,Accounts & subscriptions,Old email address still used for recovery,"The recovery email on key accounts is an ISP or school address that no longer exists, discovered only at the moment of lockout.",people who changed email provider,occasional,4,4,auditing accounts one at a time after a scare,knowledge,,
946,general,Digital life & devices,Accounts & subscriptions,Deleting an account requires a hidden process,"Closing an account means hunting through settings, emailing support or mailing a form, so the accounts just stay open.",anyone trying to reduce their footprint,monthly,3,3,"justdelete.me style guides, giving up",knowledge,,
947,general,Digital life & devices,Accounts & subscriptions,Forgotten accounts on hundreds of sites,"Over 15 years you have signed up for hundreds of services; you have no list of them, and each one holds your name, email and often card details.",long-time internet users,monthly,3,4,"searching inbox for 'verify your email', ignoring it",knowledge,,
948,general,Digital life & devices,Accounts & subscriptions,Family plan seats and who pays,"Family sharing for music, storage and streaming is split across several people's accounts and nobody knows who is on which plan or who is paying.",families and friend groups sharing plans,monthly,2,4,"group chats, Venmo requests",knowledge,,
949,general,Digital life & devices,Backups & data loss,Cloud account suspension would take everything,"All photos, email and documents sit in one Google or Apple account; a false-positive suspension or lost login would erase digital life.",people all-in on one ecosystem,occasional,5,4,"takeout exports done once, never repeated",knowledge,,
950,general,Digital life & devices,Backups & data loss,Nobody actually tests their backups,"A backup exists in theory, but it has never been restored, and the failure is discovered only when the drive dies.",anyone who backs up,occasional,5,4,"hoping, occasional manual check",knowledge,,
951,general,Digital life & devices,Backups & data loss,Phone backup silently stopped months ago,"iCloud or Google backup failed quietly because storage was full, and the last good backup turns out to be six months old.",smartphone users,monthly,5,4,"noticing the warning banner, paying for storage",knowledge,,
952,general,Digital life & devices,Backups & data loss,Chat history lost when switching platforms,"Years of WhatsApp or iMessage history do not move between Android and iPhone, or are lost when a backup is tied to the old cloud.",phone switchers,occasional,4,3,"third-party transfer tools, screenshots",knowledge,,
953,general,Digital life & devices,Backups & data loss,External backup drive is out of date,The backup drive in the drawer was last plugged in over a year ago because there is no nudge to do it.,people with a manual backup habit,monthly,3,5,calendar reminder they ignore,knowledge,,
954,general,Digital life & devices,Backups & data loss,No inventory of what needs backing up,"Data lives on a phone, laptop, two USB sticks, a game console and a NAS, and nobody has a list of what is where and what is protected.",households with many devices,occasional,3,4,none,knowledge,,
955,general,Digital life & devices,Files & documents,Important documents buried in email attachments,"The lease, insurance policy or child's vaccination record exists only as an attachment in some email from years ago.",most adults,monthly,4,5,"searching email, asking the sender again",knowledge,,
956,general,Digital life & devices,Files & documents,Can't open old file formats,"Files from a decade ago (.pages, .wps, old camera RAW, WordPerfect) won't open on current software and the originals are irreplaceable.",long-term computer users,occasional,3,4,"online converters, keeping an old machine",knowledge,,
957,general,Digital life & devices,Files & documents,Downloads folder is a landfill,"Every PDF, installer and attachment lands in Downloads and stays there for years; finding last month's invoice means sorting through hundreds of files.",laptop users,weekly,3,5,"occasional purge, search by date",knowledge,,
958,general,Digital life & devices,Files & documents,Files split across three cloud drives,"Work uses OneDrive, personal uses Google Drive, old files are in Dropbox, and you cannot search all of them at once.",people with work and personal devices,weekly,3,4,"remembering where things live, checking each one",knowledge,,
959,general,Digital life & devices,Files & documents,Final_v2_FINAL(3).docx versioning chaos,"Multiple copies of a document with slightly different names exist on desktop, email and cloud, and nobody knows which is the latest.","students, freelancers, small teams",weekly,3,4,"naming conventions nobody follows, checking timestamps",knowledge,,
960,general,Digital life & devices,Files & documents,Losing track of what was shared with whom,"Documents shared via cloud links years ago remain accessible to ex-colleagues, exes and strangers, and there is no easy audit.",cloud drive users,occasional,3,4,"manually reviewing sharing settings, never",knowledge,,
961,general,Digital life & devices,Files & documents,Scanned receipts and forms are unsearchable images,"Photos of paper documents pile up with names like IMG_4521 and no text search, so retrieving one for taxes or warranty is slow.","renters, freelancers, parents",monthly,3,5,"scanner apps used inconsistently, a shoebox",knowledge,,
962,general,Digital life & devices,Passwords & logins,Nobody can access accounts if you die,"Partners and family have no way to reach photos, bank logins, domains and subscriptions if the account owner dies or is incapacitated.",adults with a family,occasional,5,4,"a sealed envelope, a note in a drawer, nothing",knowledge,,
963,general,Digital life & devices,Passwords & logins,Two-factor codes tied to an old phone,"After switching phones the authenticator app is gone and every 2FA-protected account has to be recovered one by one, sometimes with support tickets.",anyone who upgrades a phone,occasional,5,3,"screenshots of recovery codes, SMS fallback, support tickets",knowledge,,
964,general,Digital life & devices,Passwords & logins,Security questions with forgotten made-up answers,Years ago you gave a joke answer for 'first pet' and now the bank or airline account is unrecoverable.,anyone with older accounts,occasional,4,4,"trying common variants, calling support",knowledge,,
965,general,Digital life & devices,Passwords & logins,Which accounts share a breached password,A breach notice arrives for one site and you cannot easily tell which other accounts reuse the same or similar password.,anyone with reused passwords,monthly,4,4,"guessing from memory, haveibeenpwned checks per email",knowledge,,
966,general,Digital life & devices,Passwords & logins,Not knowing which email a login uses,"You know you have an account but not whether it was created with your personal, work or old university email, so the reset email never arrives.",people with multiple email addresses,weekly,3,4,"trying each email in turn, searching inboxes for 'welcome' mails",knowledge,,
967,general,Digital life & devices,Passwords & logins,Password reset loop on rarely used sites,"Every time you return to a site you use twice a year you can't remember the password, so you reset it, pick a new one, and forget that one too.",anyone with dozens of low-frequency accounts,weekly,3,4,"browser autofill, reusing one password, sticky notes",knowledge,,
968,general,Digital life & devices,Passwords & logins,Shared household logins get out of sync,"One partner changes the Netflix, Wi-Fi or utility password and the other is locked out; nobody knows the current one.","couples, roommates, families",monthly,3,5,"group chat scrollback, shared note, texting each other",knowledge,,
969,general,Digital life & devices,Passwords & logins,Password manager mis-fills or saves the wrong site,"The manager offers three stale entries for one site, fills the username into the password box, or never prompts to save on some forms.",password manager users,daily,2,4,"manual copy-paste, cleaning duplicates by hand",knowledge,,
970,general,Digital life & devices,Passwords & logins,Site password rules reject generated passwords,"The generated 24-character password is refused for length or a banned symbol, forcing manual tweaking that isn't saved back to the manager.",password manager users,weekly,2,4,"edit the generated password, hope the manager updated it",knowledge,,
971,general,Digital life & devices,Photos & videos,Photos from an ex or a bad period keep resurfacing,"Memories features and widgets show photos you'd rather not see, and hiding or bulk-removing a person is clumsy.",anyone after a breakup or loss,weekly,4,4,"manual deletion, turning memories off",knowledge,,
972,general,Digital life & devices,Photos & videos,"Photos scattered across phones, clouds and drives","Pictures live in iCloud, Google Photos, an old laptop, WhatsApp exports and a partner's phone, with no single complete library.","families, people who switched platforms",monthly,4,4,"occasional manual consolidation, giving up",knowledge,,
973,general,Digital life & devices,Photos & videos,Scanned family prints lack dates and names,"Boxes of old prints get scanned but nobody records who is in them or when, so the context dies with the older relatives.",families digitising albums,occasional,4,4,"handwritten notes, ad hoc spreadsheet",knowledge,,
974,general,Digital life & devices,Photos & videos,Can't find a specific old photo,"You know a photo exists ('the one of grandma at the lake') but cannot find it among 40,000 images without a date.",anyone with a large library,weekly,3,4,"scrolling by year, asking family",knowledge,,
975,general,Digital life & devices,Photos & videos,Screenshots that are never revisited,"Hundreds of screenshots of recipes, addresses and memes sit in the camera roll, unsearchable and indistinguishable from real photos.",most smartphone users,daily,3,5,"scrolling back, periodic mass deletes",knowledge,,
976,general,Digital life & devices,Photos & videos,Shared event photos never get collected,"After a wedding or trip, photos are spread across a dozen phones and group chats and most are never pooled in one place at full quality.","friend groups, wedding guests, parents at school events",occasional,3,5,"WhatsApp groups (compressed), shared albums someone forgets to invite people to",knowledge,,
977,general,Digital life & devices,Photos & videos,Thousands of near-duplicate photos,"Burst shots, screenshots and re-saved WhatsApp images bloat the library, and picking the best of ten near-identical frames by hand is tedious.",smartphone photographers,weekly,3,5,"manual swiping in Photos, third-party duplicate finders",knowledge,,
978,general,Digital life & devices,Photos & videos,Videos silently eat most of the storage,"A handful of 4K videos take more space than years of photos, but the library doesn't make it obvious which clips are worth keeping.",smartphone users with full storage,monthly,3,5,sorting by file size manually,knowledge,,
979,general,Digital life & devices,Privacy & digital footprint,Data broker profiles keep reappearing,"Personal address and phone number show up on people-search sites, and removal requests have to be repeated every few months.",adults concerned about privacy,monthly,3,4,"manual opt-outs, paid removal services",knowledge,,
980,general,Digital life & devices,Privacy & digital footprint,Old posts and accounts embarrass you years later,"Content from teenage years on forums and social media is still findable by employers and dates, and cleanup is per-post.",young professionals,occasional,3,4,"manual deletion, googling yourself",knowledge,,
981,general,Digital life & devices,Privacy & digital footprint,Wi-Fi password sharing with guests,Guests ask for the Wi-Fi and the router password is a 20-character string on a sticker in a cupboard.,"hosts, families, Airbnb owners",weekly,2,5,"reading it aloud, photographing the sticker, QR code taped up",knowledge,,
982,general,Digital life & devices,Screen time & attention,Doomscrolling in bed delays sleep,"Late-night scrolling pushes bedtime back and the phone is also the alarm, so it can't simply be left in another room.",adults and teens,daily,4,4,"bedtime mode, wind-down, willpower",knowledge,,
983,general,Digital life & devices,Screen time & attention,Kids' screen limits negotiated per device,"Children's time is spread across tablet, console, TV and a friend's phone, and limits set on one device don't count the others.",parents,daily,4,3,"verbal rules, separate parental controls per device",knowledge,,
984,general,Digital life & devices,Screen time & attention,"Opening the phone for one thing, losing 20 minutes","You unlock to check the weather, get pulled into a feed, and forget what you came for.",most smartphone users,daily,4,4,"notification purges, app timers",knowledge,,
985,general,Digital life & devices,Screen time & attention,Screen time limits are trivially bypassed,"Built-in limits are dismissed with 'ignore for today' or 'one more minute', so they stop working within a week.",adults trying to cut phone use,daily,4,4,"grayscale mode, deleting apps, dumb phone",knowledge,,
986,general,Digital life & devices,Screen time & attention,Notification overload from every app,"Dozens of apps send promotional pings, so real messages are buried and the reflex is to check the phone constantly.",smartphone users,daily,3,4,"muting apps one by one, Do Not Disturb",knowledge,,
987,general,Digital life & devices,Screen time & attention,Screen-time reports don't distinguish useful from wasteful use,"Weekly reports lump maps, reading and work chat together with feeds, making the number meaningless and easy to ignore.",people tracking screen time,weekly,2,4,ignoring the report,knowledge,,
988,general,Digital life & devices,Storage & device upkeep,'Storage almost full' at the worst moment,"The phone refuses to take a photo or update because storage is full, and clearing space in the moment means deleting things blindly.",smartphone users with base storage,monthly,4,5,"deleting apps and videos in a panic, 'offload' features",knowledge,,
989,general,Digital life & devices,Storage & device upkeep,Battery dying earlier than expected each day,Some app drains the battery in the background and identifying the culprit from the OS battery screen is confusing.,smartphone users,daily,3,3,"low power mode, uninstall guesses",knowledge,,
990,general,Digital life & devices,Storage & device upkeep,Messaging app media fills the phone,"Auto-downloaded group-chat videos and forwarded memes quietly consume gigabytes, with cleanup buried deep in settings.",WhatsApp and Telegram users,weekly,3,4,manual 'manage storage' cleanups,knowledge,,
991,general,Digital life & devices,Storage & device upkeep,Mystery 'Other' or 'System' storage,Tens of gigabytes are labelled Other/System with no way to see what they are or safely remove them.,phone and laptop users,monthly,3,3,"factory reset, cache clearing guides",knowledge,,
992,general,Digital life & devices,Storage & device upkeep,Old devices with data still on them,"Retired phones and laptops sit in a drawer with photos and logins on them, too risky to donate and too much work to wipe properly.",most households,occasional,3,3,keeping them forever,knowledge,,
993,general,Digital life & devices,Storage & device upkeep,Unused apps hog space and permissions,"Dozens of apps opened once still take space, send notifications and hold location and contacts permissions.",smartphone users,monthly,2,5,"occasional purge, OS offload feature",knowledge,,
994,general,"Safety, emergencies & lost things",Checking in on people,Checking on a parent who lives alone,"Adult children worry an elderly parent has fallen and are reduced to calling several times a day, which the parent finds intrusive and the child finds exhausting.","adult children of elderly parents, people who live alone",daily,4,4,Daily phone calls; medical alert pendants; neighbours,knowledge,,
995,general,"Safety, emergencies & lost things",Checking in on people,Living alone with no one to notice,"People who live alone fear that if they fell ill or were injured at home, days could pass before anyone realised something was wrong.","single adults, remote workers, people with health conditions",daily,4,5,Arranging daily texts with a friend; none for most,knowledge,,
996,general,"Safety, emergencies & lost things",Checking in on people,Teen curfew tracking damages trust,"Parents want to know a teenager arrived at a friend's house safely, but constant location tracking causes fights and teens disable it.",parents of teenagers,weekly,3,4,Life360; demanding texts on arrival,knowledge,,
997,general,"Safety, emergencies & lost things",Crisis contacts,Emergency contacts hidden behind lock screen,"If you collapse, bystanders or paramedics cannot see who to call or your allergies because the phone is locked and Medical ID is rarely set up or found.","everyone, especially people with medical conditions",occasional,5,4,Phone Medical ID; wallet card; medical bracelet,knowledge,,
998,general,"Safety, emergencies & lost things",Crisis contacts,Kids' emergency info unavailable to sitters,"Babysitters and grandparents do not have the paediatrician's number, allergy list, insurance details and parents' whereabouts written anywhere when something goes wrong.","parents of young children, babysitters",weekly,4,5,A note on the fridge; texting details each time,knowledge,,
999,general,"Safety, emergencies & lost things",Crisis contacts,Lost phone means lost emergency numbers,"When your phone is lost or dead you cannot remember any contact's number, so you cannot call family from a borrowed phone.",everyone who relies on a smartphone contact list,occasional,4,4,Memorizing one number; a paper card in the wallet,knowledge,,
1000,general,"Safety, emergencies & lost things",Crisis contacts,Not knowing local emergency numbers abroad,"In a foreign country you do not know whether to dial 112, 911 or 999, what the poison line is, or where the nearest embassy and hospital are.",travelers and expats,occasional,4,5,Searching online in the moment; hotel front desk,knowledge,,
1001,general,"Safety, emergencies & lost things",Crisis contacts,Emergency contact list goes stale,"The 'in case of emergency' contacts on your phone, work HR form and gym membership list an ex-partner or an old number, and nobody remembers to update them.","adults after a move, breakup or family change",occasional,3,4,none,knowledge,,
1002,general,"Safety, emergencies & lost things",Crisis contacts,No clear path to report scams,"After a phishing text, stalker message or suspicious visitor, people do not know which agency or platform to report to and give up.","scam targets, harassment victims",monthly,3,4,Blocking the number; posting a warning to friends,knowledge,,
1003,general,"Safety, emergencies & lost things",Emergency preparedness,Important documents inaccessible when evacuating,"Fleeing a fire or flood you cannot grab insurance policies, IDs and medication lists, and later you have no copies to file claims with.","households in wildfire, hurricane or flood zones",occasional,5,5,A folder in a closet; scattered cloud drive photos,knowledge,,
1004,general,"Safety, emergencies & lost things",Emergency preparedness,Emergency kit supplies expire unnoticed,"Water, food, batteries and medicines in the go-bag or car kit quietly pass their expiry dates, so the kit is useless when finally needed.","households that keep emergency kits, preppers, drivers",monthly,3,5,Calendar reminder once a year; checking during daylight-saving changes,knowledge,,
1005,general,"Safety, emergencies & lost things",Emergency preparedness,Power outage leaves you uninformed,"When the power goes out you cannot tell whether it is just your house, how large the outage is, or when it will be restored, and the utility's status page is hard to reach on mobile data.","households, remote workers",occasional,3,4,Utility outage map; neighbourhood group chat,knowledge,,
1006,general,"Safety, emergencies & lost things",Emergency preparedness,Weather alerts too broad or too many,"Government weather and emergency alerts cover a whole county, so residents get woken for events far away and then silence alerts before the one that matters.","residents of storm, flood and wildfire regions",monthly,3,4,Multiple weather apps; local news; turning alerts off,knowledge,,
1007,general,"Safety, emergencies & lost things",Emergency response,Explaining where you are to dispatch,"On a highway, trail or in a large building you cannot give a useful address to the emergency operator and waste critical minutes describing landmarks.","drivers, hikers, people in unfamiliar places",occasional,5,4,Reading GPS coordinates from a map app; what3words,knowledge,,
1008,general,"Safety, emergencies & lost things",Emergency response,Family cannot reach each other in a disaster,"During an earthquake, storm or outage the network is jammed, and nobody agreed in advance where to meet or who checks in with whom.",families in disaster-prone areas,occasional,5,4,Red Cross 'safe and well' pages; group texts that fail,knowledge,,
1009,general,"Safety, emergencies & lost things",Emergency response,Forgetting what to do in a medical emergency,"When someone chokes, has a seizure or a suspected stroke, panic makes people forget the basic steps they learned in a first-aid course years ago.","parents, caregivers, bystanders",occasional,5,4,Calling emergency services and following the operator; Red Cross app,knowledge,,
1010,general,"Safety, emergencies & lost things",Emergency response,Lost child in a crowded place,"At a fair, mall or beach a child wanders off and the parent has no current photo of what they are wearing, no venue contact and no plan agreed with the child.",parents of young children,occasional,5,4,Taking a photo at the entrance; writing a phone number on the child's arm,knowledge,,
1011,general,"Safety, emergencies & lost things",Emergency response,Car breakdown on a road with no plan,"When the car dies at night you scramble to find the roadside assistance number, your policy number and a way to tell someone exactly where you are.","drivers, especially on long trips",occasional,4,4,Insurance card in the glovebox; searching online,knowledge,,
1012,general,"Safety, emergencies & lost things",Emergency response,Deciding if a symptom is an emergency,"At 2am you cannot tell whether chest tightness, a child's fever or a deep cut warrants the ER, urgent care or waiting until morning, and the phone lines have long holds.","parents, caregivers, anyone without a doctor on call",occasional,4,4,Nurse hotlines; Googling symptoms; going to the ER to be safe,knowledge,,
1013,general,"Safety, emergencies & lost things",Home security,Package theft from the porch,"Deliveries left on the doorstep disappear before you get home, and coordinating delivery windows or a safe drop spot with each carrier is unreliable.",online shoppers in apartments and busy streets,monthly,4,3,Delivering to work or lockers; asking neighbours to grab parcels,knowledge,,
1014,general,"Safety, emergencies & lost things",Home security,Security camera notification overload,"Doorbell and yard cameras ping for every passing car, cat and shadow, so dozens of daily alerts bury the one real intruder event.",owners of doorbell and home cameras,daily,4,4,Motion zones; disabling notifications; paid AI person-detection tiers,knowledge,,
1015,general,"Safety, emergencies & lost things",Home security,"Uncertainty whether door locked, stove off","Halfway to work you cannot remember whether the front door is locked, the garage closed or the iron off, and turn back or worry all day.","commuters, people with anxiety or OCD",weekly,4,4,Photo of the locked door; smart locks; saying it aloud,knowledge,,
1016,general,"Safety, emergencies & lost things",Home security,Empty home looks empty while away,"On vacation the house is dark, mail piles up and bins are not put out, signalling to burglars that nobody is home, and asking neighbours for each task is awkward.","travelers, second-home owners",occasional,3,3,Timer plugs; mail hold; asking a neighbour,knowledge,,
1017,general,"Safety, emergencies & lost things",Home security,Fire and CO alarm testing forgotten,"Smoke and carbon monoxide detectors need monthly tests and battery changes, and expire after ten years, but nobody tracks when each unit was installed or checked.","homeowners, landlords, renters",monthly,3,5,Change batteries when the clocks change; wait for the chirp,knowledge,,
1018,general,"Safety, emergencies & lost things",Home security,Neighbourhood crime info is rumour-driven,"Residents hear about break-ins and car thefts via alarmist group posts, with no reliable view of what actually happened on their street this month.",residents in suburbs and city neighbourhoods,weekly,3,4,Nextdoor and neighbourhood WhatsApp groups; police blotters,knowledge,,
1019,general,"Safety, emergencies & lost things",Home security,Security gear split across many apps,"The doorbell, indoor cameras, smart lock and alarm each have their own app and login, so checking the house means opening four apps and no one gets a single 'all secure' view.",smart home owners,daily,3,3,Sticking to one brand; home automation hubs for technical users,knowledge,,
1020,general,"Safety, emergencies & lost things",Home security,Temporary access for guests and workers,"Giving a cleaner, dog walker or contractor access means handing out physical keys or sharing the alarm code, with no record of who came in when and no easy way to revoke.","homeowners, short-term rental hosts",weekly,3,4,Lockboxes; spare keys under mats; smart lock codes,knowledge,,
1021,general,"Safety, emergencies & lost things",Home security,Who has the keys and codes,"In a household several people hold spare keys, know the alarm code and the safe combination, and when one is lost or a relationship ends nobody knows what needs changing.","households, roommates, landlords",occasional,3,4,none,knowledge,,
1022,general,"Safety, emergencies & lost things",Lost while out,Lost pet search is chaotic,"When a dog or cat goes missing the owner must post in many neighbourhood groups, print flyers, call shelters and vets separately, all while panicking.",pet owners,occasional,5,4,"Facebook groups, Nextdoor, paper flyers, calling shelters",knowledge,,
1023,general,"Safety, emergencies & lost things",Lost while out,Wallet theft recovery steps are scattered,"After a theft you must freeze cards, order a new license, file a police report and watch for fraud, but there is no ordered checklist with the right phone numbers and deadlines for your cards and country.",theft and loss victims,occasional,5,5,Google searches while stressed; calling each bank,knowledge,,
1024,general,"Safety, emergencies & lost things",Lost while out,Airline lost luggage tracking is opaque,"Delayed bags require a reference number, repeated calls and a claim form, with no clear status on where the bag is or when it will be delivered.",air travelers,occasional,4,3,AirTag in the suitcase; calling the airline daily,knowledge,,
1025,general,"Safety, emergencies & lost things",Lost while out,Leaving items behind in rideshares,"You realize hours later that your phone, umbrella or bag stayed in the Uber or taxi, and reaching the driver means digging through the app for a support form with slow replies.",commuters and travelers using rideshare,occasional,4,3,Rideshare 'lost item' form; calling the driver via masked number for a fee,knowledge,,
1026,general,"Safety, emergencies & lost things",Lost while out,No single place to report a lost item,"When you lose something in a city you have to guess whether it went to the bus company, the venue, the police or a nearby cafe, and each has its own form, phone line or none at all.","city dwellers, tourists, students",occasional,4,4,Calling each place; posting on local Facebook groups,knowledge,,
1027,general,"Safety, emergencies & lost things",Lost while out,Not knowing what was in a lost bag,"After a bag or wallet goes missing you cannot recall exactly which cards, IDs and documents were inside, so you do not know what to cancel or replace.","anyone who has lost a wallet, purse or backpack",occasional,4,5,Scrolling old bank statements and photos; guessing,knowledge,,
1028,general,"Safety, emergencies & lost things",Lost while out,Proving ownership of recovered items,"When a stolen bike or laptop turns up, police or the pawn shop ask for serial numbers and receipts you never recorded.","bike, laptop and camera owners",occasional,4,5,Searching email for the receipt; photos of the item,knowledge,,
1029,general,"Safety, emergencies & lost things",Lost while out,Finders cannot contact the owner,"Someone picks up a set of keys, a wallet or a water bottle but has no way to reach the owner, so the item ends up in a drawer or the trash.",anyone who finds or loses items in public,occasional,3,4,Hand to nearest staff; post a photo on social media,knowledge,,
1030,general,"Safety, emergencies & lost things",Lost while out,Forgetting items when leaving a place,"Chargers stay in hotel rooms, jackets at restaurants and sunglasses at friends' houses because there is no reminder to check your belongings before walking out.","travelers, frequent diners, students",monthly,3,4,"Mental 'phone, wallet, keys' check; packing lists",knowledge,,
1031,general,"Safety, emergencies & lost things",Lost while out,Kids' belongings vanish at school,"Water bottles, lunch boxes, hoodies and PE kit disappear weekly and parents have no way to see the school's lost-and-found pile without visiting in person.",parents of school-age children,weekly,3,4,Labelling everything; asking teachers by email,knowledge,,
1032,general,"Safety, emergencies & lost things",Misplaced everyday items,Bluetooth tracker alerts fire too often,"Item trackers send 'left behind' alerts every time you walk to the mailbox or leave keys at home deliberately, so you start ignoring them and miss the real one.","AirTag, Tile and SmartTag users",daily,3,4,Turning off alerts; setting trusted locations one by one,knowledge,,
1033,general,"Safety, emergencies & lost things",Misplaced everyday items,Forgetting where you stored rarely used things,"Passport, spare keys, warranty cards or the holiday decorations were put somewhere 'safe' months ago and now nobody can remember which box, drawer or closet.","households, movers, people with storage units",monthly,3,5,Searching every closet; asking family in a group chat,knowledge,,
1034,general,"Safety, emergencies & lost things",Misplaced everyday items,"Keys, wallet, phone misplaced at home","Several times a week you leave the house late because your keys, wallet or phone are not where you thought you put them, and you have no way to know which room to search first.","almost everyone, especially people with ADHD or busy households",weekly,3,4,Bluetooth trackers on some items; retracing steps; a bowl by the door,knowledge,,
1035,general,"Safety, emergencies & lost things",Misplaced everyday items,Trackers from different brands in separate apps,"A household with AirTags, Tiles and Samsung tags must open three apps to check items, and one partner's Android phone cannot see the other's Apple tags at all.",mixed-device families and couples,weekly,3,3,Buying only one brand; sharing screenshots,knowledge,,
1036,general,"Safety, emergencies & lost things",Misplaced everyday items,Lent items never come back,"Books, tools, cables and cash lent to friends and colleagues are forgotten by both sides, and asking months later feels awkward because nobody is sure who has what.","friends, neighbours, coworkers",monthly,2,5,Notes app; just accepting the loss,knowledge,,
1037,general,"Safety, emergencies & lost things",Personal safety out alone,Discreet SOS without unlocking the phone,"In a threatening moment you cannot unlock the phone, open an app and type; you need one hidden gesture that alerts chosen people with your location.","people in unsafe situations, domestic abuse survivors",occasional,5,4,"Phone power-button emergency SOS, which calls 911 rather than a friend",knowledge,,
1038,general,"Safety, emergencies & lost things",Personal safety out alone,Fake call excuse to leave a situation,"On a bad date or when someone is following you, you want a believable interruption that gives you a reason to walk away without escalating.","people on first dates, solo travelers, women walking alone",monthly,4,5,Texting a friend to call; pretending to answer the phone,knowledge,,
1039,general,"Safety, emergencies & lost things",Personal safety out alone,Meeting strangers from online listings,"Buying from marketplace listings or meeting a date means going to a stranger's location with nobody knowing the address, time or the person's details.","online marketplace buyers and sellers, online daters",monthly,4,5,Screenshotting the profile to a friend; meeting at police station lots,knowledge,,
1040,general,"Safety, emergencies & lost things",Personal safety out alone,No one knows you got home safe,"Walking home late you want someone to know when you arrive, but texting a friend at 1am is awkward and they may be asleep and not notice if you never text.","students, shift workers, people walking alone at night",weekly,4,5,Texting 'home' to a friend; staying on the phone,knowledge,,
1041,general,"Safety, emergencies & lost things",Personal safety out alone,Phone dies during a night out,"A dead phone late at night leaves you unable to call a ride, reach friends or navigate, and friends cannot find you either.","young adults, festival and concert goers",monthly,4,3,Power banks; agreeing a meeting point in advance,knowledge,,
1042,general,"Safety, emergencies & lost things",Personal safety out alone,Running or hiking alone unmonitored,"Solo runners and hikers may fall or get lost with nobody expecting them back at a set time, and their phone may have no signal to call.","solo runners, hikers, cyclists",weekly,4,4,Telling a partner the route; satellite messengers for serious hikers,knowledge,,
1043,general,"Safety, emergencies & lost things",Personal safety out alone,Choosing a safer walking route at night,"Map apps pick the fastest route, which may go through unlit parks or empty streets; there is no way to prefer well-lit, busy streets after dark.",pedestrians and cyclists at night,weekly,3,4,Sticking to main roads from memory; taking a taxi,knowledge,,
1044,general,"Safety, emergencies & lost things",Personal safety out alone,Rideshare driver mismatch anxiety,"Getting into the wrong car is a real worry at night; checking plate, model and driver photo in a rush is easy to skip.","rideshare passengers, especially solo women",weekly,3,3,Asking the driver 'who are you here for'; sharing trip status,knowledge,,
1045,general,"Safety, emergencies & lost things",Personal safety out alone,Sharing live location drains battery,"Keeping location sharing on for safety uses so much battery that the phone dies exactly when you would need it, so people turn it off.",users of Find My and Life360 style apps,daily,3,3,Sharing only for short trips; carrying a power bank,knowledge,,
1046,specialized,Small business owners & freelancers,Admin & operations,Client passwords shared unsafely,"Clients send website, hosting and social media passwords over email or text, and freelancers store them in notes files.",web and marketing freelancers,weekly,4,5,"notes app, password manager",knowledge,,
1047,specialized,Small business owners & freelancers,Admin & operations,Contracts signed by screenshot or not at all,"Getting a proper signed agreement feels heavy, so work starts on a handshake and disputes have no paper trail.",freelancers,monthly,4,5,"PDF via email, DocuSign trial",knowledge,,
1048,specialized,Small business owners & freelancers,Admin & operations,Subcontractor payments and hours,"Farming out work to another freelancer means tracking their hours, invoices, and paying them on time from the client's payment.",small agencies and freelancers who subcontract,monthly,3,5,spreadsheet,knowledge,,
1049,specialized,Small business owners & freelancers,Admin & operations,Subscription creep for business tools,"A dozen SaaS tools at $10-30 each pile up, some unused, and nobody reviews them.",solo business owners,monthly,3,5,check bank statement occasionally,knowledge,,
1050,specialized,Small business owners & freelancers,Admin & operations,Retyping answers to the same client questions,"Every client asks about turnaround time, payment terms, and revision policy, and the answers are retyped every time.",freelancers,daily,2,5,canned email snippets,knowledge,,
1051,specialized,Small business owners & freelancers,Bookkeeping & taxes,Quarterly estimated taxes are a surprise,Freelancers don't know how much to set aside and get hit with a large tax bill and penalties each quarter or year.,self-employed in the US and similar,monthly,5,5,set aside a rough percentage,knowledge,,
1052,specialized,Small business owners & freelancers,Bookkeeping & taxes,Income from many platforms hard to total,"Money arrives via PayPal, Stripe, Upwork, Etsy, and bank transfers, and getting a true monthly income figure means logging into five dashboards.",multi-platform freelancers and sellers,monthly,4,5,spreadsheet,knowledge,,
1053,specialized,Small business owners & freelancers,Bookkeeping & taxes,Mixed personal and business transactions,Business expenses paid from a personal card and vice versa make it painful to separate what is deductible.,side hustlers and new freelancers,weekly,4,5,manually tag bank transactions,knowledge,,
1054,specialized,Small business owners & freelancers,Bookkeeping & taxes,Receipts piling up unsorted,"Paper and email receipts accumulate for months and get sorted in a panic at tax time, with many lost or faded.",sole proprietors,weekly,4,5,"shoebox, photos in camera roll",knowledge,,
1055,specialized,Small business owners & freelancers,Bookkeeping & taxes,Sales tax or VAT across jurisdictions,"Selling to clients in different states or countries raises the question of whether to charge sales tax or VAT, at what rate, and when to file.",online sellers and digital freelancers,monthly,4,4,ignore it or ask an accountant,knowledge,,
1056,specialized,Small business owners & freelancers,Bookkeeping & taxes,Unclear whether the business is profitable,"Revenue feels fine but after software subscriptions, fees, and taxes it's unclear what the real take-home is per month or per client.",small business owners,monthly,4,5,annual accountant summary,knowledge,,
1057,specialized,Small business owners & freelancers,Bookkeeping & taxes,Home office expense apportioning,"Working out what share of rent, internet, and phone counts as a business expense is confusing and redone every year.",home-based freelancers,monthly,3,4,guess a percentage,knowledge,,
1058,specialized,Small business owners & freelancers,Bookkeeping & taxes,Invoices and bank deposits don't match,"Reconciling which deposit corresponds to which invoice, after fees and partial payments, takes hours each month.",freelancers,monthly,3,5,manual matching in spreadsheet,knowledge,,
1059,specialized,Small business owners & freelancers,Bookkeeping & taxes,Mileage tracking forgotten,"Business driving is deductible but logging trips manually is tedious, so most trips go unrecorded.","mobile service providers, gig drivers",daily,3,5,"notebook, rough estimate",knowledge,,
1060,specialized,Small business owners & freelancers,Bookkeeping & taxes,Tax forms from many clients,"Collecting 1099-type forms from each client, or issuing them to subcontractors, involves chasing and tracking dozens of documents every January.",US freelancers and small agencies,occasional,3,4,"email reminders, folder",knowledge,,
1061,specialized,Small business owners & freelancers,Client communication,Client feedback scattered across channels,"Feedback arrives via email, WhatsApp, text, Slack and phone calls, so revision requests get missed or contradict each other.","designers, writers, developers",daily,5,5,copy everything into one doc,knowledge,,
1062,specialized,Small business owners & freelancers,Client communication,Endless revision rounds,"Contracts allow two revisions but nobody tracks the count, and clients keep sending 'one more small change' indefinitely.","designers, video editors, writers",weekly,5,4,"manual counting, arguing",knowledge,,
1063,specialized,Small business owners & freelancers,Client communication,Waiting on client assets and content,"Projects stall because the client has not sent logos, copy, or logins, and it is unclear who is blocking whom.","web designers, developers, marketers",weekly,5,5,nagging emails,knowledge,,
1064,specialized,Small business owners & freelancers,Client communication,Clients ignoring working hours,"Clients text and call at night and on weekends expecting instant replies, and there is no polite automated boundary.",solo freelancers,daily,4,3,"mute phone, autoresponder",knowledge,,
1065,specialized,Small business owners & freelancers,Client communication,Ghosted mid-project,"A client disappears after work has started, and there is no clear process for pausing, billing partial work, or closing out.",freelancers,occasional,4,3,send a few emails then give up,knowledge,,
1066,specialized,Small business owners & freelancers,Client communication,No single view of client history,"Past projects, rates agreed, preferences, and contact people for each client live in memory or scattered files, so returning clients feel like strangers.",freelancers with repeat clients,monthly,3,5,"spreadsheet, email search",knowledge,,
1067,specialized,Small business owners & freelancers,Client communication,Onboarding questionnaire chaos,"Collecting brand details, access, goals and preferences from a new client happens over many emails and is never in one place.",agencies and freelancers,monthly,3,5,"Google Form, email list",knowledge,,
1068,specialized,Small business owners & freelancers,Client communication,Sharing large files and getting sign-off,"Sending deliverables via WeTransfer links that expire, then chasing a formal 'approved' response, drags on final delivery.","photographers, video editors, designers",weekly,3,5,"Dropbox, email 'looks good'",knowledge,,
1069,specialized,Small business owners & freelancers,Gig platforms & side hustles,Income too irregular to budget,"Feast-or-famine months make it impossible to know whether a slow month is a crisis or normal, or how much can be safely paid out.",freelancers,monthly,5,4,"big emergency buffer, anxiety",knowledge,,
1070,specialized,Small business owners & freelancers,Gig platforms & side hustles,Gig platform fees hidden in earnings,"Platform take rates change and are buried in statements, so workers don't know their true hourly rate after fees, mileage and time waiting.",gig workers and marketplace freelancers,weekly,4,5,rough math,knowledge,,
1071,specialized,Small business owners & freelancers,Gig platforms & side hustles,Juggling several gig apps at once,"Drivers and taskers run Uber, DoorDash, Instacart simultaneously and can't easily compare which app is paying best right now or track combined earnings.",gig drivers and taskers,daily,4,4,"switch between apps, notebook",knowledge,,
1072,specialized,Small business owners & freelancers,Gig platforms & side hustles,Marketplace order fulfillment tracking,"Small sellers lose track of which orders are made, packed, shipped, and which customers messaged about delays.",small online sellers,daily,4,5,"platform dashboard, sticky notes",knowledge,,
1073,specialized,Small business owners & freelancers,Gig platforms & side hustles,Supplies and materials running out,Makers and small sellers run out of a key material mid-order because supply levels and reorder points are not tracked.,"makers, crafters, small sellers",weekly,4,5,eyeballing the shelf,knowledge,,
1074,specialized,Small business owners & freelancers,Gig platforms & side hustles,Tracking marketplace proposals sent,"Winning work on Upwork or Fiverr requires sending many proposals, and tracking which ones were viewed, replied to, or hired is chaotic.",marketplace freelancers,daily,4,4,"platform inbox, spreadsheet",knowledge,,
1075,specialized,Small business owners & freelancers,Gig platforms & side hustles,Side hustle time competing with day job,A side hustle gets random evening hours and there is no way to see whether the time invested is worth the money earned.,side hustlers,weekly,3,4,none,knowledge,,
1076,specialized,Small business owners & freelancers,Invoicing & getting paid,Chasing overdue invoices by hand,"Freelancers spend hours every month writing awkward reminder emails for invoices that are 30, 60, 90 days late, and lose track of which client has been nudged how many times.",freelancers and small agencies,weekly,5,5,"manual email follow-ups, spreadsheet of due dates",knowledge,,
1077,specialized,Small business owners & freelancers,Invoicing & getting paid,Clients disputing hours after the fact,"When an hourly invoice arrives the client questions what took so long, and the freelancer has no clear per-task breakdown to back it up.",hourly freelancers,monthly,4,5,"vague time logs, memory",knowledge,,
1078,specialized,Small business owners & freelancers,Invoicing & getting paid,Forgetting to invoice small add-ons,"Small extra requests done mid-project ('can you just tweak this') never get logged, so they are never billed and revenue leaks away.","designers, developers, consultants",weekly,4,5,"memory, sticky notes",knowledge,,
1079,specialized,Small business owners & freelancers,Invoicing & getting paid,Milestone payments tracked by memory,"On a multi-milestone project it becomes unclear what percentage has been paid, what is outstanding, and which deliverable unlocks the next payment.",freelancers on fixed-price projects,monthly,4,5,spreadsheet per project,knowledge,,
1080,specialized,Small business owners & freelancers,Invoicing & getting paid,Check and wire payments with surprise fees,"Clients pay via methods that take weeks to clear or deduct wire and processing fees, so the amount received never matches the invoice and reconciling is a headache.",freelancers with corporate or overseas clients,monthly,3,4,"eat the fee, manually adjust in books",knowledge,,
1081,specialized,Small business owners & freelancers,Invoicing & getting paid,Late-fee terms never enforced,"Contracts say 'late fees apply' but calculating and adding them requires manual work and an awkward conversation, so they are never charged.",freelancers and contractors,monthly,3,4,none,knowledge,,
1082,specialized,Small business owners & freelancers,Invoicing & getting paid,Multi-currency invoices and exchange losses,"Billing an overseas client means guessing the exchange rate, losing money on conversion, and then not knowing what to record as income in home currency.",freelancers with international clients,monthly,3,4,"Wise/PayPal, manual conversion in spreadsheet",knowledge,,
1083,specialized,Small business owners & freelancers,Invoicing & getting paid,Not knowing if an invoice was opened,"After sending an invoice you have no idea whether the client saw it, forwarded it to accounting, or it went to spam, so you can't tell when to follow up.",freelancers billing by email,weekly,3,5,"ask the client, wait and hope",knowledge,,
1084,specialized,Small business owners & freelancers,Invoicing & getting paid,Processor fees eating small invoices,"Card processing fees of 3% plus a fixed amount make small invoices barely worth sending, and deciding whether to pass fees on to the client is confusing.",freelancers with many small invoices,weekly,3,3,add a surcharge line or absorb it,knowledge,,
1085,specialized,Small business owners & freelancers,Invoicing & getting paid,Recurring retainer invoices sent late,"Monthly retainer invoices depend on the freelancer remembering to generate and send them on the 1st, and forgetting delays cash flow by weeks.",retainer-based freelancers,monthly,3,5,"calendar reminder, copy last month's invoice",knowledge,,
1086,specialized,Small business owners & freelancers,Marketing & leads,Following up with leads inconsistently,Prospects who said 'maybe next quarter' are forgotten because there is no lightweight way to schedule a nudge.,small business owners,weekly,4,5,"CRM too heavy, memory",knowledge,,
1087,specialized,Small business owners & freelancers,Marketing & leads,Collecting testimonials and reviews,"Happy clients rarely leave a review unless asked at the right moment, and asking is awkward and forgotten.",service businesses and freelancers,monthly,3,5,occasional email ask,knowledge,,
1088,specialized,Small business owners & freelancers,Marketing & leads,Not knowing where clients come from,"Referrals, social media, marketplaces and cold outreach all bring work, but nobody records which source actually converts.",small business owners,monthly,3,5,guess,knowledge,,
1089,specialized,Small business owners & freelancers,Marketing & leads,Portfolio always out of date,Finished work never gets added to the portfolio or website because it takes effort to write it up and get client permission.,"designers, developers, photographers",monthly,3,4,batch update once a year,knowledge,,
1090,specialized,Small business owners & freelancers,Quotes & proposals,Scope creep with no change-order process,"Clients ask for 'small additions' beyond the agreed scope and, without a quick way to price and document extras, the freelancer either does them free or argues.","designers, developers, contractors",weekly,5,4,awkward email negotiations,knowledge,,
1091,specialized,Small business owners & freelancers,Quotes & proposals,Approval is a vague 'sounds good' email,"Work starts on a casual 'go ahead' reply with no formal sign-off on scope, price, or terms, which creates disputes later.",freelancers,weekly,4,5,screenshot the email,knowledge,,
1092,specialized,Small business owners & freelancers,Quotes & proposals,Not knowing what to charge,"New freelancers have no idea whether their hourly or project rate is reasonable for their skill, market and region, and rarely revisit it as they improve.",new and mid-level freelancers,occasional,4,3,"asking peers, Reddit threads",knowledge,,
1093,specialized,Small business owners & freelancers,Quotes & proposals,Quotes going stale without follow-up,"A quote is sent, the prospect goes silent, and there is no system to know how many quotes are open, their value, or when to check in.",small service businesses,weekly,4,5,spreadsheet or memory,knowledge,,
1094,specialized,Small business owners & freelancers,Quotes & proposals,Rewriting the same proposal from scratch,"Every proposal starts from a blank document or an old one with the wrong client name, and hours go into formatting instead of selling.","consultants, agencies, freelancers",weekly,4,5,"Word template, find-and-replace",knowledge,,
1095,specialized,Small business owners & freelancers,Quotes & proposals,Underquoting from unknown past project time,"Quoting a new job means guessing how long it will take, because nobody records how long similar past projects actually took versus what was quoted.",freelancers and trades,weekly,4,5,"gut feeling, rounding up",knowledge,,
1096,specialized,Small business owners & freelancers,Quotes & proposals,Hourly versus project pricing confusion,"Deciding whether to bill hourly, per-project, or per-value on each job, and translating one into the other, is done ad hoc and leads to inconsistent pricing.",freelancers,monthly,3,4,none,knowledge,,
1097,specialized,Small business owners & freelancers,Quotes & proposals,Quote versions lost in email threads,Revised quotes go back and forth by email and nobody is sure which version the client actually approved.,trades and service businesses,monthly,3,5,"search email, ask client",knowledge,,
1098,specialized,Small business owners & freelancers,Scheduling & booking,Last-minute cancellations and no-shows,"Clients cancel an hour before or simply don't show, wasting slots that can't be refilled and costing income.","hairdressers, tutors, cleaners, coaches",weekly,5,4,"deposit policy, texting reminders manually",knowledge,,
1099,specialized,Small business owners & freelancers,Scheduling & booking,Capacity unknown when accepting new work,Saying yes to a new project without knowing how many hours are already committed next month leads to overbooking and burnout.,freelancers,weekly,4,4,rough mental estimate,knowledge,,
1100,specialized,Small business owners & freelancers,Scheduling & booking,Double-booking across multiple calendars,"Personal, work and client calendars are not synced, so consultations get booked over each other or over personal commitments.","consultants, coaches, service pros",weekly,4,5,Calendly plus manual checks,knowledge,,
1101,specialized,Small business owners & freelancers,Scheduling & booking,Travel time missing from the schedule,"Mobile service businesses book appointments without accounting for driving time between jobs, causing lateness and dead time.","cleaners, mobile groomers, handymen",daily,4,5,guess a buffer,knowledge,,
1102,specialized,Small business owners & freelancers,Scheduling & booking,Back-and-forth to find a meeting time,"Five emails to agree on a time for a 20-minute call, repeated for every prospect and client.",consultants and freelancers,daily,3,5,scheduling links,knowledge,,
1103,specialized,Small business owners & freelancers,Scheduling & booking,Recurring client appointments drifting,Standing weekly or monthly bookings slip when someone reschedules once and the recurrence is never re-established.,"tutors, trainers, cleaners",monthly,3,5,manual re-entry,knowledge,,
1104,specialized,Small business owners & freelancers,Scheduling & booking,Time zone mistakes with remote clients,Scheduling calls with clients in other time zones leads to missed meetings because someone converted the time wrong.,remote freelancers,weekly,3,5,"world clock, asking twice",knowledge,,
1105,specialized,Small business owners & freelancers,Time & project tracking,Too many small projects to track,"With eight clients and twelve small projects, deadlines and next steps are tracked in heads and inboxes, and something slips every week.",freelancers with many clients,daily,5,5,"Trello, notebook",knowledge,,
1106,specialized,Small business owners & freelancers,Time & project tracking,Deadlines promised without seeing workload,Promising a delivery date on Friday without seeing that three other deadlines fall the same week.,freelancers,weekly,4,5,calendar glance,knowledge,,
1107,specialized,Small business owners & freelancers,Time & project tracking,Forgetting to start or stop the timer,Hourly work goes unbilled or over-billed because timers are started late or left running overnight.,hourly freelancers,daily,4,5,estimate afterward,knowledge,,
1108,specialized,Small business owners & freelancers,Time & project tracking,Unpaid admin time invisible,"Emails, invoicing, and calls take a big chunk of the week but are never measured, so effective hourly rate is far lower than believed.",freelancers,weekly,3,5,none,knowledge,,
1109,specialized,College & university students,Campus life,Campus email overload,"The university sends dozens of newsletters, reminders, and announcements daily, and the one important message about a registration hold is buried.",all students,daily,4,4,ignoring the inbox and missing things,knowledge,,
1110,specialized,College & university students,Campus life,Making friends as a transfer or commuter,Students who don't live in dorms or arrived after freshman year have no natural way to meet people and feel isolated.,"transfer, commuter, and international students",weekly,4,3,joining clubs at random,knowledge,,
1111,specialized,College & university students,Campus life,Finding a ride home for breaks,Students without cars need rides to the airport or hometown at holiday breaks and rely on chance posts to find someone going the same way.,students without cars,occasional,3,5,Facebook rideshare groups and expensive Ubers,knowledge,,
1112,specialized,College & university students,Campus life,Hearing about campus events after they happen,"Club meetings, free food events, and guest talks are announced on flyers and in emails students never read, so they find out the next day.",students wanting to get involved,weekly,3,5,Instagram follows and a bloated inbox,knowledge,,
1113,specialized,College & university students,Campus life,Lost campus printing and parking rules,"Students don't know where they can print, how many pages are free, or which lot they can park in without a ticket.",new and commuter students,weekly,3,4,asking around and getting fined,knowledge,,
1114,specialized,College & university students,Campus life,Missing the campus shuttle,"Shuttle and campus bus times are unreliable, and students either wait 20 minutes in the cold or watch it leave as they arrive.",students on large or multi-campus universities,daily,3,4,"leaving far too early, or walking",knowledge,,
1115,specialized,College & university students,Campus life,Dining hall menu and crowding unknown,Students walk across campus to a dining hall only to find a menu they don't want or a 30-minute line.,students on meal plans,daily,2,4,checking a PDF menu that's often outdated,knowledge,,
1116,specialized,College & university students,Campus life,Gym and rec center overcrowded,Students show up to the campus gym at peak time and every rack and treadmill is taken.,students who work out,weekly,2,4,guessing off-peak hours,knowledge,,
1117,specialized,College & university students,Career & admin,Registration holds discovered on registration day,A missing immunization form or an unpaid $15 fee blocks course registration and the student finds out when the classes fill.,students at registration,occasional,4,4,checking the portal repeatedly the week before,knowledge,,
1118,specialized,College & university students,Career & admin,Tracking internship applications,"Students apply to 50+ internships with different deadlines, portals, and follow-up steps and lose track of where each stands.",juniors and seniors job hunting,weekly,4,5,a spreadsheet that gets abandoned,knowledge,,
1119,specialized,College & university students,Career & admin,Forgetting to log volunteer or co-curricular hours,"Programs and scholarships require documented hours, and students reconstruct months of activity from memory at the deadline.","students in honors, service, or scholarship programs",monthly,3,5,guessing and hoping no one checks,knowledge,,
1120,specialized,College & university students,Career & admin,Keeping citations formatted correctly,"Every paper needs APA or MLA citations, and students lose points on formatting or spend hours fixing reference lists.",students writing papers,monthly,3,5,"Zotero, citation generators with wrong output",knowledge,,
1121,specialized,College & university students,Classes & grades,Waitlisted class seat opens unnoticed,A seat in a full required class opens for a few hours and is gone again before the student happens to refresh the registration page.,students stuck on waitlists,occasional,5,5,refreshing the enrollment page dozens of times a day,knowledge,,
1122,specialized,College & university students,Classes & grades,Building a conflict-free class schedule,"Choosing sections that satisfy degree requirements, avoid time overlaps, avoid 8 AM slots, and leave gaps for work takes hours of trial and error.",students during registration,occasional,4,5,"paper grids, multiple browser tabs, and screenshots of the catalog",knowledge,,
1123,specialized,College & university students,Classes & grades,Degree requirements progress is opaque,"Students can't easily see which requirements are complete, which courses double-count, and whether they'll graduate on time, until an advisor meeting months away.",students planning future semesters,occasional,4,4,a printed degree audit and a hand-maintained checklist,knowledge,,
1124,specialized,College & university students,Classes & grades,Not knowing current grade in a class,"Weighted categories, dropped lowest scores, and ungraded items make it impossible to tell whether a student is at a B+ or a C, so they can't decide where to focus.",students tracking GPA or scholarship thresholds,weekly,4,5,"building a spreadsheet from the syllabus weighting, often wrong",knowledge,,
1125,specialized,College & university students,Classes & grades,Choosing professors with no reliable info,"Students pick sections blind, relying on outdated or gamed rating sites, and end up with a grader or teaching style that wrecks their term.",students at registration,occasional,3,4,asking friends and reading Rate My Professors,knowledge,,
1126,specialized,College & university students,Classes & grades,What score is needed on the final,"Before the final exam students want to know the minimum score to keep their letter grade, and have to recompute weights by hand every time.",students before finals,occasional,3,5,generic 'final grade calculator' websites that ignore dropped scores,knowledge,,
1127,specialized,College & university students,Deadlines & planning,Deadlines scattered across five course platforms,"Each course posts assignments in a different place (Canvas, a professor's website, email, a syllabus PDF), so students miss due dates they never saw in one list.",students taking 4-6 courses per term,weekly,5,5,manually copying every syllabus into a calendar or notes app at the start of term,knowledge,,
1128,specialized,College & university students,Deadlines & planning,Three exams landing in the same week,"Students only realize in week 9 that midterms for three classes fall within two days, leaving no time to study for each properly.",students with heavy course loads,occasional,5,4,"cramming, or asking a professor for an extension after the fact",knowledge,,
1129,specialized,College & university students,Deadlines & planning,Big assignment not broken into steps,"A 20-page paper due in six weeks feels unstartable, so nothing happens until three days before and the whole thing is written in a panic.",procrastination-prone students,monthly,4,4,all-nighters; vague intentions to 'start early',knowledge,,
1130,specialized,College & university students,Deadlines & planning,Missing the 11:59 PM submission cutoff,"Uploads at 11:58 fail because the file is too large or the portal is slow, and the assignment is marked late by a minute.",students who work up to the deadline,monthly,4,3,screenshotting the upload error as evidence for the professor,knowledge,,
1131,specialized,College & university students,Deadlines & planning,Submitting the wrong file version,"Students upload a draft instead of the final, or the wrong file entirely, and only notice after the portal locks.",students submitting via LMS portals,monthly,4,3,emailing the professor begging to resubmit,knowledge,,
1132,specialized,College & university students,Deadlines & planning,Syllabus dates changed mid-semester,"Professors shift due dates verbally in class or in a buried announcement, so the calendar the student built in week one is quietly wrong.",students who plan from the syllabus,monthly,4,4,"asking classmates in the group chat 'wait, is that still due Friday?'",knowledge,,
1133,specialized,College & university students,Deadlines & planning,Wasting the gaps between classes,Students have scattered 50-minute gaps across the day that are too short to go home and end up scrolling instead of working.,students with fragmented schedules,daily,3,4,none,knowledge,,
1134,specialized,College & university students,Dorm & housing,Finding a compatible roommate or subletter,"Students need a roommate for next year or someone to take their lease over summer, and matching happens through random Facebook posts with strangers.",students in off-campus housing,occasional,4,5,Facebook housing groups and campus bulletin boards,knowledge,,
1135,specialized,College & university students,Dorm & housing,Laundry machines all taken,"Students haul laundry down to the basement to find every machine in use, or return to find their clothes dumped on the floor.",dorm residents,weekly,4,4,going at 6 AM; some campuses have machine-status apps that rarely work,knowledge,,
1136,specialized,College & university students,Dorm & housing,Moving out every summer,"Students must pack, store, and move everything they own every May and August, and forget what's in storage or what they need to buy again.",dorm residents,occasional,4,3,storage companies and a pile of unlabeled boxes,knowledge,,
1137,specialized,College & university students,Dorm & housing,Roommate chores never get done,"Dishes pile up, trash overflows, and the bathroom goes uncleaned because nobody agreed on whose turn it is.",students in dorms and shared apartments,weekly,4,4,passive-aggressive notes and one person doing everything,knowledge,,
1138,specialized,College & university students,Dorm & housing,Roommate schedule and quiet hours clash,One roommate has an 8 AM class and the other games until 3 AM; neither knows the other's schedule so conflicts happen daily.,students sharing a room,daily,4,3,arguments or a whiteboard on the door,knowledge,,
1139,specialized,College & university students,Dorm & housing,Dorm maintenance requests vanish,A broken heater or leaking sink is reported through a clunky portal and no one knows if or when it will be fixed.,dorm and campus-apartment residents,occasional,3,4,"reporting again, or bothering the RA",knowledge,,
1140,specialized,College & university students,Dorm & housing,Shared groceries disappear from the fridge,"Food bought by one roommate is eaten by another, and nobody tracks what is shared versus personal.",students with shared kitchens,weekly,3,3,labels with names on them; mini-fridge in the bedroom,knowledge,,
1141,specialized,College & university students,Group projects,Group member goes silent before deadline,"One teammate stops responding days before the due date, and the rest have no idea whether their part is coming or must be redone.",students in assigned group projects,monthly,5,3,"frantic messages, then doing the work themselves at 2 AM",knowledge,,
1142,specialized,College & university students,Group projects,Finding a meeting time for six people,"Coordinating a group meeting across six class schedules, jobs, and time zones takes a week of back-and-forth polls.",students in group projects,weekly,4,5,When2meet links and endless 'does Tuesday work?' messages,knowledge,,
1143,specialized,College & university students,Group projects,No record of who actually contributed,"When peer evaluations come, students can't prove a freeloader did nothing, and the freeloader gets the same grade.",students carrying group projects,occasional,4,4,screenshots of the group chat sent to the professor,knowledge,,
1144,specialized,College & university students,Group projects,Unclear who is doing which part,"Group projects are divided verbally in one meeting, then two people do the same section while a third section is forgotten.",students in group projects,monthly,4,5,a pinned message in the group chat nobody rereads,knowledge,,
1145,specialized,College & university students,Group projects,Group chat scattered across apps,"One group uses iMessage, another WhatsApp, another Discord, another Slack, and important messages and files get lost between them.",students in multiple groups per term,daily,3,3,searching four apps to find the file someone sent,knowledge,,
1146,specialized,College & university students,Group projects,Merging five different document versions,"Each member writes their section in a different tool and format, and someone spends the last night stitching them into one consistent document.",students finalizing group deliverables,monthly,3,4,one person copy-pasting everything into a single Google Doc,knowledge,,
1147,specialized,College & university students,Health & wellbeing,Counseling center booked out for weeks,"When stress peaks during exams, the campus counseling center has a three-week wait and students don't know other options.",students under academic stress,occasional,5,3,"friends, or nothing",knowledge,,
1148,specialized,College & university students,Health & wellbeing,Sleep schedule wrecked by late nights,"Assignments and social life push bedtime to 3 AM, then students sleep through 9 AM lectures and fall behind.",most undergraduates,daily,4,3,energy drinks and five alarms,knowledge,,
1149,specialized,College & university students,Health & wellbeing,Eating badly on a student budget,"Students with tiny kitchens, no time, and little money end up on instant noodles and takeout, and don't know cheap easy meals.",students cooking for themselves,daily,3,4,same three meals on repeat,knowledge,,
1150,specialized,College & university students,Money,Running out of money before month end,"Loan or allowance money arrives in a lump and is gone by week three, leaving students eating ramen until the next disbursement.","students on loans, stipends, or allowances",monthly,5,4,vague mental budgeting; borrowing from friends,knowledge,,
1151,specialized,College & university students,Money,Textbooks cost hundreds per term,"Required textbooks cost $100-300 each, and students don't know until week two whether the professor will actually use them.",all students at term start,occasional,5,4,"pirated PDFs, library reserves, older editions, or skipping the book",knowledge,,
1152,specialized,College & university students,Money,Balancing part-time shifts with classes,"Work schedules change weekly and collide with labs, exams, and study time, and the student has no single view to spot the conflicts.",students working part-time,weekly,4,4,two separate calendars and hoping,knowledge,,
1153,specialized,College & university students,Money,Scholarship deadlines slip by,"Dozens of small scholarships have different deadlines and requirements, and students miss most of them because tracking is too much work.",students needing financial aid,monthly,4,5,a bookmarked list that is never revisited,knowledge,,
1154,specialized,College & university students,Money,Splitting costs with roommates,"Rent, utilities, toilet paper, and shared groceries are paid by whoever happened to be there, and nobody knows who owes whom.",students in shared apartments,weekly,4,5,"Splitwise, Venmo requests, or letting it slide and resenting it",knowledge,,
1155,specialized,College & university students,Money,Reselling used textbooks for almost nothing,"Bookstore buyback pays a fraction of the price while other students on campus would pay more, but there's no easy way to match them.",students at term end,occasional,3,5,Facebook groups and taped flyers,knowledge,,
1156,specialized,College & university students,Money,Unexpected university fees on the bill,"Tuition statements include lab fees, tech fees, and health fees the student never saw coming, and it's unclear which can be waived.",students paying their own bills,occasional,3,3,calling the bursar's office and waiting on hold,knowledge,,
1157,specialized,College & university students,Money,Unused meal plan swipes expire,"Students pay for meal plans, then lose dozens of swipes or dining dollars at the end of each week or semester.",students on mandatory meal plans,weekly,3,4,"buying cases of snacks in the last week, or giving swipes away",knowledge,,
1158,specialized,College & university students,Money,Finding which student discounts apply,"Software, transit, streaming, and local businesses offer student discounts, but students only find out by accident after paying full price.",all students,monthly,2,4,UNiDAYS and word of mouth,knowledge,,
1159,specialized,College & university students,Studying,Finding an empty study spot,"During midterms every library seat, study room, and outlet is taken, and students wander between buildings for half an hour.",students on crowded campuses,weekly,4,4,arriving at 7 AM or texting friends to hold a seat,knowledge,,
1160,specialized,College & university students,Studying,No practice problems for this specific course,"Textbook problems don't match what the professor tests, and past exams are hoarded or unavailable.",STEM students before exams,monthly,4,4,"Chegg, frat test banks, or begging older students",knowledge,,
1161,specialized,College & university students,Studying,Phone distraction during study sessions,Students sit down to study and lose an hour to TikTok and group chats without noticing.,nearly all students,daily,4,3,"Forest app, phone in another room, or nothing",knowledge,,
1162,specialized,College & university students,Studying,Booking a library study room,"Study room reservation systems are clunky, rooms get no-showed and sit empty while others are locked out.",students who study in groups,weekly,3,4,squatting in rooms and hoping the booker doesn't show,knowledge,,
1163,specialized,College & university students,Studying,Can't find a study partner for a class,Students in a hard class don't know anyone in it and have no way to find others who want to study together.,students in large lecture courses,monthly,3,4,awkwardly asking neighbors in lecture or posting in a Discord,knowledge,,
1164,specialized,College & university students,Studying,Lecture notes hard to review later,"Handwritten and typed notes from a fast lecture are disorganized, incomplete, and impossible to search when it's time to study.",students in lecture-heavy courses,daily,3,4,borrowing a friend's notes or rewatching the recorded lecture,knowledge,,
1165,specialized,College & university students,Studying,Making flashcards eats study time,Turning slides and readings into flashcards takes so long that students run out of time to actually review them.,"students in memorization-heavy courses (bio, languages, law)",weekly,3,5,Quizlet sets made by strangers that don't match the course,knowledge,,
1166,specialized,College & university students,Studying,Office hours conflict with other classes,"The only time a student can get help from a professor or TA overlaps another class or a shift, so questions go unanswered for weeks.",students with packed schedules,weekly,3,3,long email threads or Piazza posts that get answered late,knowledge,,
1167,specialized,College & university students,Studying,Reading load impossible to plan,Weekly reading assignments across courses add up to hundreds of pages and students can't judge how long each will take.,humanities and social science students,weekly,3,4,skimming or skipping readings,knowledge,,
1168,specialized,College & university students,Studying,Recorded lectures too long to rewatch,Reviewing for an exam means scrubbing through hours of 75-minute recordings to find the one part that was confusing.,students in courses with recorded lectures,weekly,3,4,watching at 2x speed,knowledge,,
1169,specialized,"Patients, chronic illness & caregivers",Appointments & scheduling,Getting to appointments without a car,"An elderly parent cannot drive, the caregiver works, and every appointment turns into a puzzle of who takes time off or how to arrange a ride.","caregivers of non-driving relatives, patients on sedating meds",monthly,4,3,"taking unpaid leave, rideshares, volunteer driver programs",knowledge,,
1170,specialized,"Patients, chronic illness & caregivers",Appointments & scheduling,Phone-only booking during work hours,"The clinic can only be reached by phone between 9 and 4, the hold time is 30 minutes, and the patient is at work and cannot stay on the line.",working patients and caregivers,monthly,4,3,"calling on lunch break, using speakerphone at the desk",knowledge,,
1171,specialized,"Patients, chronic illness & caregivers",Appointments & scheduling,Referral status in limbo,"The GP says a referral was sent, the specialist says nothing arrived, and weeks pass with no one accountable for where it is.",patients navigating referrals,occasional,4,3,calling both offices repeatedly,knowledge,,
1172,specialized,"Patients, chronic illness & caregivers",Appointments & scheduling,Remembering what the doctor said,"Half of the instructions given during the appointment are forgotten by the time the patient gets home, and the after-visit summary is vague or missing.","patients, especially elderly or anxious ones",monthly,4,4,"bringing a relative to take notes, recording on the phone if allowed",knowledge,,
1173,specialized,"Patients, chronic illness & caregivers",Appointments & scheduling,Specialist waits stretching months,"The next available appointment is five months out, and there is no way to be notified when an earlier cancellation slot opens up.",anyone waiting on a specialist referral,occasional,4,4,calling the office every few days asking about cancellations,knowledge,,
1174,specialized,"Patients, chronic illness & caregivers",Appointments & scheduling,Juggling appointments across many providers,"Rheumatology, physio, bloodwork, dentist and GP all book separately, and the patient ends up with two visits in one week and none the next month, or a clash.","patients with multiple specialists, caregivers managing a parent's care",monthly,3,5,"a shared Google calendar, a paper diary",knowledge,,
1175,specialized,"Patients, chronic illness & caregivers",Appointments & scheduling,Pre-appointment prep requirements,"Some tests require fasting, stopping a medication, or bringing specific documents, and the instruction sheet is lost by the time the day arrives.","patients scheduling lab work, scopes, imaging",occasional,3,5,"rereading the letter, calling the clinic the day before",knowledge,,
1176,specialized,"Patients, chronic illness & caregivers",Appointments & scheduling,Recurring lab draws and screenings slipping,"Quarterly thyroid or A1c checks, annual eye exams and repeat scans have no fixed appointment and get forgotten until the doctor asks why it was not done.",patients with conditions requiring periodic monitoring,monthly,3,5,"relying on the clinic to call, sticky notes",knowledge,,
1177,specialized,"Patients, chronic illness & caregivers",Caregiver coordination,Caregiver burnout with no time off,"Full-time caregivers go months without a break because arranging respite care means finding, vetting and briefing someone, which is itself exhausting.",spouses and adult children caring full-time,weekly,5,3,"relying on relatives, skipping breaks entirely",knowledge,,
1178,specialized,"Patients, chronic illness & caregivers",Caregiver coordination,Handing off to a paid or relief caregiver,"When a home aide or relative takes over for a shift, they do not know what was given, eaten, or observed earlier that day, and details are lost in the handoff.",families using rotating carers or home health aides,daily,4,5,"a notebook on the kitchen counter, texts",knowledge,,
1179,specialized,"Patients, chronic illness & caregivers",Caregiver coordination,Managing a parent's affairs as proxy,"Acting for a parent means juggling their portal logins, insurance calls where the office will not talk to you, POA paperwork and utility bills, on top of your own life.",adult children with power of attorney or healthcare proxy,weekly,4,4,"folders of documents, calling with the parent on the line",knowledge,,
1180,specialized,"Patients, chronic illness & caregivers",Caregiver coordination,Managing a parent's meds from far away,"A long-distance caregiver cannot tell whether their parent took today's pills, and the parent insists they did even when the organizer says otherwise.",long-distance caregivers of elderly parents,daily,4,4,"daily phone calls, automatic dispensers, neighbors checking in",knowledge,,
1181,specialized,"Patients, chronic illness & caregivers",Caregiver coordination,Siblings out of sync on a parent's care,"One sibling does most of the caregiving while the others ask 'how is Mom' in a group chat, and no one knows who spoke to which doctor or what was decided.",adult children sharing care of an aging parent,weekly,4,4,"WhatsApp groups, shared notes, phone-call relays",knowledge,,
1182,specialized,"Patients, chronic illness & caregivers",Caregiver coordination,Coordinating friends who want to help,"After a diagnosis, people offer to help but the patient has no energy to organize meals, rides and visits, so offers go unused while needs go unmet.","patients in cancer treatment, post-surgery recovery, new caregivers",weekly,3,5,"meal-train sites, a friend acting as coordinator",knowledge,,
1183,specialized,"Patients, chronic illness & caregivers",Caregiver coordination,Repeating updates to everyone who asks,"After each appointment or hospital day the caregiver retells the same news to a dozen relatives and friends individually, which is draining during a crisis.",caregivers and patients during acute illness,weekly,3,5,"group texts, CaringBridge-style pages, one designated relay person",knowledge,,
1184,specialized,"Patients, chronic illness & caregivers",Caregiver coordination,Tracking home-care agency hours and quality,"Families paying for in-home aides cannot easily verify which shifts were actually worked, who showed up, or what was done, and disputes with the agency follow.",families employing home health aides,weekly,3,4,"sign-in sheets, cameras, asking the parent",knowledge,,
1185,specialized,"Patients, chronic illness & caregivers",Daily living & safety,Emergency info not reachable in a crisis,"When paramedics arrive, no one can quickly produce the patient's conditions, allergies, medications, DNR status and emergency contacts.","patients with complex conditions, caregivers of elderly",occasional,5,5,"fridge sheets, phone medical ID, wallet cards",knowledge,,
1186,specialized,"Patients, chronic illness & caregivers",Daily living & safety,Wandering and getting lost,"A relative with dementia leaves the house unnoticed or gets disoriented on a familiar walk, and the family has no way to locate them quickly.",caregivers of people with dementia,weekly,5,4,"door alarms, GPS trackers in shoes, ID bracelets",knowledge,,
1187,specialized,"Patients, chronic illness & caregivers",Daily living & safety,Daily check-ins on a parent living alone,"A caregiver worries every morning whether their elderly parent is up and okay, and a missed phone call triggers a panic or a drive over.",adult children of elderly parents living alone,daily,4,4,"scheduled calls, neighbors, smart speakers, motion sensors",knowledge,,
1188,specialized,"Patients, chronic illness & caregivers",Daily living & safety,Dementia patient asking the same question,"A parent with dementia asks what day it is or when the appointment is thirty times a day, and the caregiver's patience wears thin answering.",caregivers of people with dementia,daily,4,3,"whiteboards, large-print calendars, dementia clocks",knowledge,,
1189,specialized,"Patients, chronic illness & caregivers",Daily living & safety,Fall detection and help when alone,A person with mobility issues or seizures fears falling when no one is around and being unable to reach a phone to call for help.,"elderly living alone, people with epilepsy, POTS, MS",daily,4,3,"pendant alarms, keeping the phone on a lanyard",knowledge,,
1190,specialized,"Patients, chronic illness & caregivers",Daily living & safety,Medical supplies running out at home,"Catheters, ostomy bags, test strips, syringes and dressings run low without warning, and reordering through the durable-supply company takes days.","patients using ongoing medical supplies, home carers",monthly,4,5,"eyeballing the box, keeping a backup stash",knowledge,,
1191,specialized,"Patients, chronic illness & caregivers",Daily living & safety,Home exercise and physio adherence,"The physiotherapist hands over a sheet of exercises and the patient forgets the sets, does them wrong, or stops after a week with no feedback loop.","patients in physio, cardiac or pulmonary rehab",daily,3,5,"paper printouts, YouTube videos",knowledge,,
1192,specialized,"Patients, chronic illness & caregivers",Daily living & safety,Reading nutrition info for a restricted diet,"A renal, celiac or low-FODMAP diet means checking every label for potassium, gluten or specific sugars, which makes grocery shopping and eating out slow and stressful.",patients on medically restricted diets and their caregivers,daily,3,5,"memorized lists, printed guides, avoiding restaurants",knowledge,,
1193,specialized,"Patients, chronic illness & caregivers",Emotional & social,Doctor dismissing symptoms without documentation,"Patients, particularly women and people with chronic pain, feel dismissed when they cannot show a clear record of how often and how badly symptoms occur.","people with chronic pain, endometriosis, autoimmune conditions",monthly,5,3,"bringing a companion, switching doctors, printed logs",knowledge,,
1194,specialized,"Patients, chronic illness & caregivers",Emotional & social,Explaining an invisible illness to others,"Friends, employers and even family repeatedly ask why you cancelled again or 'still' feel sick, and the patient exhausts themselves re-explaining a condition that does not show.","people with fibromyalgia, lupus, long COVID, mental illness",weekly,4,2,"canned messages, withdrawing socially",knowledge,,
1195,specialized,"Patients, chronic illness & caregivers",Emotional & social,Finding others with the same rare condition,"A newly diagnosed rare-disease patient finds no one nearby who understands, and online groups are scattered across Facebook, Reddit and forums of varying quality.",people with rare or uncommon diagnoses,occasional,3,4,"Facebook groups, subreddits, patient advocacy orgs",knowledge,,
1196,specialized,"Patients, chronic illness & caregivers",Emotional & social,Health anxiety spirals from searching symptoms,"Between appointments the patient searches every new sensation and lands on worst-case diagnoses, which fuels anxiety and sometimes makes symptoms worse.",patients with chronic conditions and health anxiety,weekly,3,3,"trying not to google, asking online communities",knowledge,,
1197,specialized,"Patients, chronic illness & caregivers",Insurance & costs,Prior authorization delays and denials,"A medication or scan is prescribed, then insurance requires prior authorization, and the patient waits weeks not knowing whether it was submitted, pending or denied.","patients on specialty drugs, needing imaging or procedures",occasional,5,3,calling insurer and doctor's office repeatedly,knowledge,,
1198,specialized,"Patients, chronic illness & caregivers",Insurance & costs,Copay card and patient-assistance renewals,"Manufacturer copay cards and assistance programs expire yearly or run out of funds mid-year, and the patient discovers it at the counter when the price jumps.",patients on specialty and biologic drugs,occasional,4,4,"calendar reminders, re-enrolling after the surprise",knowledge,,
1199,specialized,"Patients, chronic illness & caregivers",Insurance & costs,Drug price varies wildly by pharmacy,"The same prescription costs $180 at one pharmacy and $25 with a coupon at another, and the patient only finds out by accident.",uninsured and underinsured patients,monthly,4,5,"GoodRx-style coupon sites, asking the pharmacist for cash price",knowledge,,
1200,specialized,"Patients, chronic illness & caregivers",Insurance & costs,Understanding medical bills and EOBs,"A single hospital visit produces multiple bills from the facility, physician group, lab and anesthesiologist, plus insurer EOBs that do not match, and it is unclear what is actually owed.",insured patients in the US,monthly,4,4,"spreadsheets, calling billing departments, paying whatever comes",knowledge,,
1201,specialized,"Patients, chronic illness & caregivers",Insurance & costs,FSA/HSA receipts and eligibility,"Receipts for eligible medical expenses are scattered across email and paper, and by year-end the patient has no idea what was already reimbursed or what still qualifies.",people with FSA or HSA accounts,monthly,3,5,"a shoebox of receipts, photos in camera roll",knowledge,,
1202,specialized,"Patients, chronic illness & caregivers",Insurance & costs,Tracking deductible and out-of-pocket progress,"Patients cannot tell how close they are to the deductible or out-of-pocket max, so they cannot plan whether to schedule a procedure this year or next.",patients with high-deductible plans,monthly,3,5,"insurer portal that lags weeks behind, spreadsheets",knowledge,,
1203,specialized,"Patients, chronic illness & caregivers",Medication management,Checking interactions across prescribers,"The cardiologist and the psychiatrist each prescribe without knowing what the other added, and nobody reviews the full list for interactions until a pharmacist happens to flag it.","patients with multiple specialists, elderly on many meds",monthly,4,4,"asking the pharmacist, googling each pair",knowledge,,
1204,specialized,"Patients, chronic illness & caregivers",Medication management,Controlled-substance refill timing window,"ADHD stimulants and pain meds can only be refilled within a narrow window and require a fresh prescription each time, so missing the day means going without.",patients on Schedule II medications,monthly,4,4,marking the earliest fill date on a calendar and calling the office in advance,knowledge,,
1205,specialized,"Patients, chronic illness & caregivers",Medication management,Forgetting whether a pill was taken,"Twenty minutes after the usual dose time you cannot remember if you actually swallowed the pill or just thought about it, and double-dosing or skipping both have consequences.","people on daily maintenance meds, especially memory-affecting conditions",daily,4,5,"weekly pill organizers, checking the blister pack, guessing",knowledge,,
1206,specialized,"Patients, chronic illness & caregivers",Medication management,Pharmacy has the drug out of stock,You arrive to pick up a prescription and the pharmacy is out of that medication; you then call pharmacy after pharmacy to find one that has it in stock.,"patients on drugs in shortage (stimulants, GLP-1s, some antibiotics)",monthly,4,4,"calling around, asking the pharmacist to check nearby stores",knowledge,,
1207,specialized,"Patients, chronic illness & caregivers",Medication management,Refill request stuck between doctor and pharmacy,"The pharmacy says it faxed the doctor, the doctor's office says nothing arrived, and the patient is the one making phone calls while the bottle is empty.",patients whose prescriptions need periodic renewal,monthly,4,4,"calling both sides repeatedly, asking for an emergency 3-day supply",knowledge,,
1208,specialized,"Patients, chronic illness & caregivers",Medication management,Tapering and titration schedules,"Doctors write 'take 2 tablets for 5 days, then 1.5 for 5 days, then 1...' and the patient has to compute today's dose every morning and remember where they are in the taper.","patients tapering steroids, antidepressants, benzodiazepines, or titrating new meds",daily,4,5,"paper chart on the fridge, counting days from the start date",knowledge,,
1209,specialized,"Patients, chronic illness & caregivers",Medication management,Keeping an up-to-date medication list,"Every new doctor asks for a full list of current medications and doses, and the patient recites from memory or brings a bag of bottles, often missing recent changes.","patients seeing multiple specialists, caregivers of elderly parents",monthly,3,5,"a folded paper list in the wallet, photos of bottles",knowledge,,
1210,specialized,"Patients, chronic illness & caregivers",Medication management,Refills running out on different days,"Each of six prescriptions comes due on a different date, so there is a pharmacy trip almost every week and something is always about to run out.",patients on multiple long-term prescriptions,weekly,3,5,"asking the pharmacy to sync refills, calendar reminders, keeping a spare bottle",knowledge,,
1211,specialized,"Patients, chronic illness & caregivers",Medication management,Timing meds around food and each other,"One pill must be taken on an empty stomach, another with food, a third two hours away from calcium, and the schedule falls apart on any non-routine day.","patients with complex regimens (thyroid, osteoporosis, HIV, transplant)",daily,3,5,"handwritten schedules, phone alarms for each pill",knowledge,,
1212,specialized,"Patients, chronic illness & caregivers",Medication management,Travelling with medication supplies,"Before a trip you have to count out enough of each pill, figure out time-zone dose shifts, and make sure refrigerated drugs like insulin stay cold.",travellers with chronic conditions,occasional,3,4,"counting into baggies, cooler packs, guessing at time-zone timing",knowledge,,
1213,specialized,"Patients, chronic illness & caregivers",Medication management,Not knowing what a pill is,A loose tablet is found in a pill organizer or on the floor and no one can tell which medication it is from the imprint and color.,"caregivers filling organizers, patients with many similar pills",occasional,2,4,"searching pill identifier websites, calling the pharmacist",knowledge,,
1214,specialized,"Patients, chronic illness & caregivers",Records & paperwork,Disability paperwork and work accommodations,"Applying for disability benefits or accommodations means gathering years of records, doctor letters and forms with deadlines, all while too sick to manage it.",people with disabling chronic illness,occasional,5,3,"advocates, lawyers, family members doing the paperwork",knowledge,,
1215,specialized,"Patients, chronic illness & caregivers",Records & paperwork,Imaging and records transfer between providers,"Getting an MRI or old records to a new specialist means faxes, mailed CDs, or driving a disc across town, and often the images do not arrive in time for the visit.",patients switching or adding providers,occasional,4,3,"requesting CDs and carrying them, signing release forms repeatedly",knowledge,,
1216,specialized,"Patients, chronic illness & caregivers",Records & paperwork,One patient portal per health system,"Each hospital and clinic has its own portal login, so lab results, messages and visit notes are scattered across five apps with five passwords.",patients seen at multiple health systems,monthly,4,4,"password manager, screenshots, printing everything",knowledge,,
1217,specialized,"Patients, chronic illness & caregivers",Records & paperwork,Results released before the doctor explains,"Portals push raw lab and imaging results to the patient instantly, often on a Friday night, with alarming flagged values and no explanation until the appointment days later.",patients with portal access,occasional,4,3,"googling the terms, anxious waiting",knowledge,,
1218,specialized,"Patients, chronic illness & caregivers",Records & paperwork,Tracking the story of a long diagnosis,"Over years of an undiagnosed condition the patient loses track of which tests were done, what was ruled out and which doctor said what.",people with rare or hard-to-diagnose conditions,occasional,4,4,"binders of printouts, long Word documents",knowledge,,
1219,specialized,"Patients, chronic illness & caregivers",Records & paperwork,Lab results without trends or context,"Results arrive as a single number with a reference range, with no easy way to see whether it has been climbing for two years or what the previous values were.","patients monitoring chronic markers (A1c, creatinine, TSH, cholesterol)",monthly,3,5,manually charting in a spreadsheet,knowledge,,
1220,specialized,"Patients, chronic illness & caregivers",Records & paperwork,Re-telling the medical history every time,"Every new provider intake asks for the same surgeries, diagnoses, family history and dates, and the patient rewrites it on a clipboard from memory each time.","patients with long histories, caregivers filling forms for a parent",monthly,3,5,a typed summary carried in a folder,knowledge,,
1221,specialized,"Patients, chronic illness & caregivers",Symptom & condition tracking,Explaining symptoms from memory at appointments,"The doctor asks how often the migraines came and how bad they were over the last three months, and the patient can only say 'a lot, some were bad'.","people with migraines, IBS, pain conditions, autoimmune flares",monthly,4,5,"notes app, paper diaries that get abandoned after two weeks",knowledge,,
1222,specialized,"Patients, chronic illness & caregivers",Symptom & condition tracking,Identifying flare triggers,"Symptoms flare unpredictably and the patient suspects food, sleep, stress or weather but cannot correlate them without months of consistent data.","people with migraine, IBS, eczema, Crohn's, fibromyalgia",weekly,4,4,"elimination diets, gut feeling, spreadsheets",knowledge,,
1223,specialized,"Patients, chronic illness & caregivers",Symptom & condition tracking,Insulin dosing math at every meal,"Counting carbs, applying a ratio, adjusting for current glucose and remaining active insulin has to be done before every meal, and mistakes cause highs or dangerous lows.",people with type 1 diabetes and parents of diabetic children,daily,4,5,"pump bolus calculators, mental arithmetic, carb-counting books",knowledge,,
1224,specialized,"Patients, chronic illness & caregivers",Symptom & condition tracking,Pacing energy to avoid crashes,"Overdoing it on a good day causes a multi-day crash, but there is no easy way to see how much activity is 'too much' before it is too late.","people with ME/CFS, long COVID, POTS, MS",daily,4,4,"spoon theory budgeting in the head, heart-rate monitors",knowledge,,
1225,specialized,"Patients, chronic illness & caregivers",Symptom & condition tracking,Bowel and bladder diaries on paper,"Specialists ask for a two-week diary of bathroom frequency and characteristics, which is awkward and easily forgotten on paper.","IBD, IBS, urology and pelvic-floor patients",daily,3,5,"paper sheets from the clinic, notes app",knowledge,,
1226,specialized,"Patients, chronic illness & caregivers",Symptom & condition tracking,Fluid and sodium intake tracking,"Patients told to limit fluids or salt, or to hit a daily water target, lose count by mid-afternoon and have no idea whether they are over or under.","kidney, heart failure, POTS and dialysis patients",daily,3,5,"measuring jugs, tally marks",knowledge,,
1227,specialized,"Patients, chronic illness & caregivers",Symptom & condition tracking,Logging vitals across several devices,"Blood pressure, glucose, weight and oxygen readings each live in a different device or app, and the doctor wants them together on one sheet.","patients with hypertension, diabetes, heart failure",daily,3,5,"handwriting readings in a notebook, photographing the device screen",knowledge,,
1228,specialized,"Patients, chronic illness & caregivers",Symptom & condition tracking,Remembering side effects of a new drug,A new medication is started and weeks later the patient cannot recall when the dizziness began or whether it started before or after the dose increase.,patients starting or changing medications,monthly,3,4,"none, or scattered notes",knowledge,,
1229,specialized,"Patients, chronic illness & caregivers",Symptom & condition tracking,Tracking too tiring on bad days,"The days when a symptom log matters most are the days the patient is too exhausted or in too much pain to fill out a detailed form, so the data has gaps exactly where it counts.","people with ME/CFS, long COVID, chronic pain, depression",weekly,3,4,"backfilling from memory, giving up on tracking",knowledge,,
1230,specialized,Accessibility & neurodivergence,ADHD & executive function,Task initiation paralysis on simple chores,"Knowing exactly what needs doing but being unable to start, even a two-minute task, and feeling shame that grows the longer it sits.","adults with ADHD, autistic adults, people with depression",daily,5,3,"Body doubling over video, bargaining with oneself, waiting for a deadline panic",knowledge,,
1231,specialized,Accessibility & neurodivergence,ADHD & executive function,Breaking big tasks into steps,"A project like 'sort out taxes' has no obvious first step, so it stays on the list for months while the deadline creeps closer.",adults with ADHD and executive-function difficulties,weekly,4,5,"Asking a friend to talk it through, AI chat prompts",knowledge,,
1232,specialized,Accessibility & neurodivergence,ADHD & executive function,Controlled-substance refill timing chaos,"Stimulant prescriptions cannot be refilled early, pharmacies are frequently out of stock, and tracking the earliest refill date and which pharmacy has supply becomes a monthly scramble.",adults and parents managing ADHD medication,monthly,4,4,"Calling pharmacies one by one, calendar notes, Reddit shortage threads",knowledge,,
1233,specialized,Accessibility & neurodivergence,ADHD & executive function,Emotional dysregulation after minor setbacks,A small piece of criticism or a perceived rejection triggers an outsized emotional crash that wipes out the rest of the day's plans.,adults with ADHD (rejection sensitivity),weekly,4,2,"Therapy skills, venting to friends, avoidance",knowledge,,
1234,specialized,Accessibility & neurodivergence,ADHD & executive function,Forgetting whether medication was taken,"Twenty minutes after your morning routine you cannot remember whether you took your stimulant, and doubling up or skipping both have real consequences.",people on daily ADHD or psychiatric medication,daily,4,5,"Pill organizers, photographing the bottle, counting remaining pills",knowledge,,
1235,specialized,Accessibility & neurodivergence,ADHD & executive function,Reminders that get dismissed and forgotten,"A phone reminder fires while you are mid-task, you swipe it away intending to act later, and it is gone from your mind within seconds.",adults with ADHD,daily,4,5,Setting five duplicate alarms or leaving the reminder unread on purpose,knowledge,,
1236,specialized,Accessibility & neurodivergence,ADHD & executive function,Time blindness before appointments,"You cannot feel how much time is left before you need to leave, so you are either 40 minutes early or 20 minutes late, with nothing in between.",people with ADHD,daily,4,4,"Multiple countdown alarms, visual timers, asking a partner to nudge",knowledge,,
1237,specialized,Accessibility & neurodivergence,ADHD & executive function,Transition between tasks feels impossible,"Stopping one activity to begin another, even a pleasant one, produces disproportionate resistance and the change gets delayed for hours.",autistic adults and people with ADHD,daily,4,3,"Advance warnings, rigid schedules, timers with escalating alerts",knowledge,,
1238,specialized,Accessibility & neurodivergence,ADHD & executive function,Abandoned to-do apps graveyard,"Every task app works for two weeks, then the novelty fades, the list becomes a wall of overdue red, and opening it feels like being scolded.",adults with ADHD,weekly,3,4,"Switching apps, paper lists, sticky notes on the monitor",knowledge,,
1239,specialized,Accessibility & neurodivergence,ADHD & executive function,Doom piles and doom boxes,"Miscellaneous items get dumped in a pile or box 'to deal with later', and the pile grows until sorting it becomes overwhelming.",people with ADHD,weekly,3,3,"Periodic purges, moving the box to another room",knowledge,,
1240,specialized,Accessibility & neurodivergence,ADHD & executive function,Finding a body double on demand,"Working alongside another person helps you focus, but there is nobody available right when you need to start, and scheduling a session is itself a task.",remote workers and students with ADHD,daily,3,5,"Discord study rooms, Focusmate, calling a friend",knowledge,,
1241,specialized,Accessibility & neurodivergence,ADHD & executive function,Hyperfocus erases meals and breaks,"You look up from a task and six hours have passed without eating, drinking, or moving, and you now feel awful.",people with ADHD and autistic adults,weekly,3,4,Interval alarms that get ignored,knowledge,,
1242,specialized,Accessibility & neurodivergence,ADHD & executive function,"Out of sight, out of mind items","Anything put in a drawer, cupboard or folder effectively ceases to exist, leading to duplicate purchases, expired food and missed paperwork.",people with ADHD,weekly,3,4,"Clear bins, leaving everything on surfaces, labeling",knowledge,,
1243,specialized,Accessibility & neurodivergence,ADHD & executive function,Reading long emails and losing the ask,"A dense email or Slack thread contains one actual request buried in paragraphs, and you skim, miss it, and get chased later.",workers with ADHD or dyslexia,daily,3,5,"Asking the sender to bullet it, re-reading three times",knowledge,,
1244,specialized,Accessibility & neurodivergence,Autism & sensory,Going nonverbal with no quick way to communicate,"During shutdown or overload speech becomes unavailable, and there is no fast way to tell people around you what is happening or what you need.",autistic people with intermittent speech,weekly,4,4,"Pre-written cards, typing in Notes and showing the screen",knowledge,,
1245,specialized,Accessibility & neurodivergence,Autism & sensory,Masking exhaustion goes untracked,"After a day of performing neurotypical behavior you crash, but the link between specific social loads and the burnout is invisible until it is too late.","autistic adults, especially late-diagnosed",weekly,4,3,"Energy accounting ('spoons'), cancelling plans reactively",knowledge,,
1246,specialized,Accessibility & neurodivergence,Autism & sensory,Phone calls required for basic services,"Doctors, landlords and utilities insist on phone calls, and the unpredictability of live conversation causes hours of dread and postponed tasks.","autistic adults, people with anxiety, deaf and hard-of-hearing people",weekly,4,4,"Scripting the call, asking a family member to call, avoiding the task",knowledge,,
1247,specialized,Accessibility & neurodivergence,Autism & sensory,Safe foods running out,"A narrow set of tolerated foods means a discontinued product, recipe change or empty shelf can leave nothing acceptable to eat.",autistic people and those with ARFID,weekly,4,4,"Stockpiling, checking multiple stores, eating nothing",knowledge,,
1248,specialized,Accessibility & neurodivergence,Autism & sensory,Sensory overload in shops and transit,"Fluorescent lights, background music, crowds and announcements stack up until you have to leave a supermarket mid-shop or miss your stop.","autistic adults, people with sensory processing differences",weekly,4,3,"Noise-cancelling headphones, sunglasses, shopping at odd hours",knowledge,,
1249,specialized,Accessibility & neurodivergence,Autism & sensory,Unexpected plan changes derail the day,A cancelled appointment or a friend arriving late throws off a carefully structured day and the fallout can last hours.,autistic adults and children,weekly,4,3,"Backup plans, over-communicating, avoiding plans with unreliable people",knowledge,,
1250,specialized,Accessibility & neurodivergence,Autism & sensory,Unknown sensory environment of new venues,"Before visiting a restaurant, clinic or venue you cannot find out how loud, bright or crowded it is, so you either avoid it or risk a meltdown.",autistic people and parents of autistic children,weekly,4,5,"Phoning ahead, checking photos, arriving at opening time",knowledge,,
1251,specialized,Accessibility & neurodivergence,Autism & sensory,Decoding tone in text messages,"A short reply like 'ok.' or 'fine' can be read as anger or dismissal, leading to hours of rumination about whether someone is upset.","autistic adults, people with rejection sensitivity",daily,3,3,"Asking directly, screenshotting to friends for a second opinion, tone indicators",knowledge,,
1252,specialized,Accessibility & neurodivergence,Autism & sensory,Interoception blind spots,"Not noticing hunger, thirst, tiredness or needing the toilet until it becomes urgent or turns into a headache and irritability.","autistic adults, people with ADHD",daily,3,4,"Scheduled eating and drinking, tracking apps",knowledge,,
1253,specialized,Accessibility & neurodivergence,Autism & sensory,Unwritten social scripts for common situations,"Interactions like checking into a hotel, small talk with a barber or declining an invitation have unstated expectations that must be worked out from scratch each time.",autistic adults,weekly,3,4,"Memorized scripts, rehearsing, watching how others do it",knowledge,,
1254,specialized,Accessibility & neurodivergence,Autism & sensory,Visual schedules that don't update,"Printed picture schedules for a child fall out of date the moment plans change, and remaking them with laminated cards is slow.",parents and teachers of autistic children,daily,3,5,"Velcro card boards, whiteboards, printing new cards",knowledge,,
1255,specialized,Accessibility & neurodivergence,Blind & low vision,Touchscreen appliances and kiosks,"Flat touchscreen microwaves, washing machines, self-checkouts and ticket kiosks give no tactile or audio feedback, so they cannot be operated independently.",blind and low-vision people,daily,5,3,"Tactile bump stickers, memorizing button sequences, asking staff",knowledge,,
1256,specialized,Accessibility & neurodivergence,Blind & low vision,Unlabeled buttons in apps,"Screen readers announce 'button, button, button' because icons have no labels, making core features of mainstream apps unusable.",blind and low-vision smartphone users,daily,5,4,"Guessing by position, asking sighted help, emailing developers",knowledge,,
1257,specialized,Accessibility & neurodivergence,Blind & low vision,Finding the entrance and the right door,"GPS gets you to the address but not to the actual door, and once inside there is no way to find the reception desk, the right room or the toilet.",blind and low-vision people navigating alone,weekly,4,4,"Asking passers-by, remote sighted assistance apps, arriving early",knowledge,,
1258,specialized,Accessibility & neurodivergence,Blind & low vision,Identifying cans and packages in the kitchen,"Cans, boxes and jars feel identical, and printed labels and cooking instructions are unreadable without sighted assistance.",blind and low-vision people cooking at home,daily,4,4,"Braille or rubber-band labeling systems, barcode scanning apps, memorizing shelf positions",knowledge,,
1259,specialized,Accessibility & neurodivergence,Blind & low vision,Inaccessible CAPTCHAs block sign-ups,"Image-based CAPTCHAs have no working audio alternative or the audio is unintelligible, so you cannot create accounts or log in.",blind users and people with cognitive disabilities,weekly,4,3,"Asking sighted help, browser extensions, abandoning the site",knowledge,,
1260,specialized,Accessibility & neurodivergence,Blind & low vision,Low-contrast text and thin fonts,"Light grey text on white and hairline fonts are unreadable even with zoom, and zooming breaks layouts so buttons disappear off screen.",low-vision and older users,daily,4,4,"High-contrast modes, browser zoom, reader view, custom CSS",knowledge,,
1261,specialized,Accessibility & neurodivergence,Blind & low vision,Which bus is this at the stop,"Several buses arrive at once and there is no audio announcement of the route number, so you may board the wrong one or miss yours.",blind and low-vision transit riders,daily,4,4,"Asking the driver, asking others at the stop, live vehicle tracking apps",knowledge,,
1262,specialized,Accessibility & neurodivergence,Blind & low vision,Images and memes with no alt text,"Friends share screenshots and memes in group chats and social feeds that arrive as silent 'image' to a screen reader, leaving you out of the conversation.",blind and low-vision social media users,daily,3,5,"Asking what the picture is, AI image description tools",knowledge,,
1263,specialized,Accessibility & neurodivergence,Blind & low vision,Reading mail and bills that arrive on paper,"Letters, bills and official notices come in print and must be photographed and OCR'd one page at a time, or wait for a sighted person.",blind and low-vision adults,weekly,3,5,"Phone camera OCR apps, family reading it, requesting large print or email",knowledge,,
1264,specialized,Accessibility & neurodivergence,Blind & low vision,Matching clothes and checking for stains,Choosing an outfit that matches and is clean requires colour and stain information that is not available by touch.,blind and colour-blind people,daily,2,4,"Colour identifier apps, buying only neutral colours, labeling hangers",knowledge,,
1265,specialized,Accessibility & neurodivergence,Cross-cutting & caregivers,Coordinating a child's therapy schedule,"Speech, occupational and behavioral therapy sessions, school meetings and specialist appointments overlap and change, with paperwork from each provider.",parents of autistic or disabled children,weekly,4,5,"Shared calendars, binders, spreadsheets",knowledge,,
1266,specialized,Accessibility & neurodivergence,Cross-cutting & caregivers,Requesting accommodations is unclear,"Working out what you are entitled to at work or university, how to word the request and what documentation is needed takes weeks of research and emails.",neurodivergent and disabled students and employees,occasional,4,4,"Advocacy groups, templates from forums, asking others who have done it",knowledge,,
1267,specialized,Accessibility & neurodivergence,Cross-cutting & caregivers,Autoplay and flashing content triggers,"Autoplaying videos, animated ads and flashing effects cause distraction, migraines or seizures, and per-site settings do not persist.","people with ADHD, photosensitive epilepsy, vestibular disorders",daily,3,4,"Browser extensions, reduced-motion settings, avoiding sites",knowledge,,
1268,specialized,Accessibility & neurodivergence,Cross-cutting & caregivers,Explaining a condition to every new person,"Each new doctor, teacher or manager needs the same explanation of how your condition affects you and what helps, and it is exhausting to repeat.","neurodivergent and disabled people, parents of disabled children",monthly,3,4,"Prepared 'about me' documents, hospital passports, memorized speech",knowledge,,
1269,specialized,Accessibility & neurodivergence,Cross-cutting & caregivers,Keeping routines during travel,"Hotels, time zones and unfamiliar shops break carefully built medication, meal and sleep routines, and the disruption takes days to recover from.","autistic people, people with ADHD, people on strict medication schedules",occasional,3,4,"Packing lists, bringing safe foods, extra alarms",knowledge,,
1270,specialized,Accessibility & neurodivergence,Cross-cutting & caregivers,Screen-reader friendliness of a site unknown,"Before spending time on a new shop or service you cannot tell whether checkout will work with assistive tech, and you often find out at the last step.",screen reader and keyboard-only users,weekly,3,4,"Community recommendations, trial and error, sticking to known sites",knowledge,,
1271,specialized,Accessibility & neurodivergence,Cross-cutting & caregivers,Waiting-room and queue uncertainty,"Sitting in an unpredictable waiting room with no idea how long it will be is distressing, and stepping out to regulate risks losing your place.","autistic people, people with anxiety, people with ADHD",monthly,3,4,"Asking reception repeatedly, waiting in the car, headphones",knowledge,,
1272,specialized,Accessibility & neurodivergence,Deaf & hard of hearing,Businesses that only take phone bookings,"Clinics, restaurants and tradespeople with no online booking or text option are effectively closed to you, or require a relay service that many hang up on.",deaf people and non-speaking people,weekly,4,4,"Relay services, asking a hearing friend, choosing only businesses with online booking",knowledge,,
1273,specialized,Accessibility & neurodivergence,Deaf & hard of hearing,Group conversations in noisy restaurants,"Following several people talking over background noise is impossible, so you nod along and miss the plans being made.","deaf and hard-of-hearing people, people with auditory processing disorder",weekly,4,4,"Live transcription apps, sitting with your back to the wall, leaving early",knowledge,,
1274,specialized,Accessibility & neurodivergence,Deaf & hard of hearing,"Missing doorbells, alarms and announcements","Deliveries are missed because the doorbell is not heard, and airport or train platform changes are announced only by loudspeaker.",deaf and hard-of-hearing people,weekly,4,4,"Flashing-light doorbells, watching departure boards constantly, asking staff",knowledge,,
1275,specialized,Accessibility & neurodivergence,Deaf & hard of hearing,Video calls with fast-talking colleagues,"Meeting captions lag, speakers talk over each other, and lipreading fails when cameras are off, so you leave meetings unsure what was decided.",deaf and hard-of-hearing remote workers,daily,4,4,"Asking for written summaries, recording and re-watching, live captioners",knowledge,,
1276,specialized,Accessibility & neurodivergence,Deaf & hard of hearing,Videos and live streams without captions,"Social media videos, online courses and workplace recordings often have no captions or auto-captions so wrong they are useless.",deaf and hard-of-hearing people,daily,4,5,"Requesting transcripts, third-party captioning tools, skipping the content",knowledge,,
1277,specialized,Accessibility & neurodivergence,Deaf & hard of hearing,Drive-throughs and intercoms,"Ordering at drive-throughs, buzzing into apartment buildings and speaking to parking-garage intercoms all depend on hearing a crackly speaker.",deaf and hard-of-hearing people,weekly,3,3,"Going inside, pre-written cards, mobile ordering apps",knowledge,,
1278,specialized,Accessibility & neurodivergence,Deaf & hard of hearing,Hearing-aid battery and connectivity failures,"Rechargeable hearing aids die mid-day, Bluetooth pairing drops, and there is no warning until conversation suddenly vanishes.",hearing-aid and cochlear-implant users,weekly,3,3,"Carrying spare batteries, restarting the phone, manufacturer apps",knowledge,,
1279,specialized,Accessibility & neurodivergence,Dyslexia & reading,Mixing up similar-looking numbers,"Transposing digits in phone numbers, bank details or dates leads to failed payments and missed appointments, and the error is hard to spot on review.",people with dyscalculia or dyslexia,weekly,4,4,"Copy-paste only, reading numbers aloud, asking someone to double check",knowledge,,
1280,specialized,Accessibility & neurodivergence,Dyslexia & reading,Reading aloud in meetings or class,"Being asked to read a passage aloud on the spot causes panic and stumbling, and there is no discreet way to preview or get support.",students and employees with dyslexia,weekly,4,3,"Pre-reading, declining, disclosing the disability",knowledge,,
1281,specialized,Accessibility & neurodivergence,Dyslexia & reading,Reading on screens with dense text,"Long paragraphs in small fonts on white backgrounds cause letters to swim and lines to be re-read, so articles and documentation take three times longer.",people with dyslexia and visual stress,daily,4,5,"Browser reader mode, overlays, text-to-speech, giving up",knowledge,,
1282,specialized,Accessibility & neurodivergence,Dyslexia & reading,Scanned PDFs that can't be read aloud,"Work and school documents arrive as image-only PDFs that text-to-speech tools cannot read, so the content is locked away.","students and workers with dyslexia, blind and low-vision users",weekly,4,5,"Running OCR manually, asking for an accessible version, skipping the reading",knowledge,,
1283,specialized,Accessibility & neurodivergence,Dyslexia & reading,Paper forms at clinics and offices,"Handwritten forms in waiting rooms must be filled in under time pressure with no spellcheck or dictation, causing embarrassment and errors.","people with dyslexia or dysgraphia, people with tremor",monthly,3,4,"Bringing a companion, asking for the form in advance, leaving fields blank",knowledge,,
1284,specialized,Accessibility & neurodivergence,Dyslexia & reading,Spellcheck can't guess dyslexic spellings,"When a word is spelled phonetically or with letters transposed, standard spellcheck offers no useful suggestion, and searching for the word also fails.",people with dyslexia,daily,3,5,"Voice dictation, asking someone, describing the word to a search engine",knowledge,,
1285,specialized,Accessibility & neurodivergence,Mobility & motor,Booking wheelchair-accessible taxis,"Ride-hailing apps rarely have accessible vehicles available, wait times are far longer, and drivers sometimes cancel on seeing a wheelchair.",wheelchair users,weekly,5,4,"Booking hours ahead, local taxi firms, paratransit schemes",knowledge,,
1286,specialized,Accessibility & neurodivergence,Mobility & motor,Step-free route unknown before travel,"Map apps route you via stairs, broken lifts and kerbs without dropped curbs, and you only discover it when you are stuck in front of them.","wheelchair users, people with mobility impairments, parents with prams",weekly,5,5,"Street View scouting, phoning venues, transit lift-status pages",knowledge,,
1287,specialized,Accessibility & neurodivergence,Mobility & motor,Accessible toilet location and access,"Finding an accessible toilet nearby, knowing whether it is locked, needs a key, or is being used as storage, is a constant unknown when out.",wheelchair users and people with continence conditions,daily,4,5,"Radar key schemes, crowd-sourced toilet maps, limiting fluid intake",knowledge,,
1288,specialized,Accessibility & neurodivergence,Mobility & motor,Blocked accessible parking and ramps,"Disabled bays are taken by non-permit cars and ramps are blocked by bins or delivery vans, and reporting it is slow or pointless.",disabled drivers and wheelchair users,weekly,4,3,"Driving around, confronting drivers, reporting to the council",knowledge,,
1289,specialized,Accessibility & neurodivergence,Mobility & motor,Energy budgeting on bad pain days,"Not knowing how much energy tomorrow will hold means over-committing and then cancelling everything, or under-committing and losing days.","people with chronic pain, fatigue or mobility conditions",daily,4,3,"Spoon theory tracking, pacing diaries, keeping days empty",knowledge,,
1290,specialized,Accessibility & neurodivergence,Mobility & motor,Tiny touch targets and precise gestures,"Small buttons, swipe-to-delete gestures and drag-and-drop are error-prone with tremor or limited dexterity, leading to accidental taps and sends.","people with tremor, arthritis, cerebral palsy or motor impairments",daily,4,4,"Styluses, accessibility touch settings, voice control, asking someone",knowledge,,
1291,specialized,Accessibility & neurodivergence,Mobility & motor,Venue 'accessible' claims that are wrong,"Restaurants and hotels say they are accessible, but there is a step at the door, the lift is tiny or the accessible room has a bathtub.",wheelchair users and people with limited mobility,monthly,4,4,"Calling to ask specific questions, asking for photos, relying on word of mouth",knowledge,,
1292,specialized,Accessibility & neurodivergence,Mobility & motor,Voice control fails in web forms,"Dictation and voice navigation work in some fields but not others, so a form has to be abandoned halfway or completed by someone else.",people with limited hand use who rely on voice input,weekly,4,4,"Switching devices, browser extensions, asking for assistance",knowledge,,
1293,specialized,Hobbies & crafts,Board & tabletop games,Finding a consistent D&D session time,"The most common reason campaigns die is that four to six adults cannot find a recurring slot, and every session requires renegotiation.",TTRPG players and game masters,weekly,4,4,"When2meet, Discord polls, giving up",knowledge,,
1294,specialized,Hobbies & crafts,Board & tabletop games,Running a tabletop RPG campaign's notes,"Game masters juggle NPC names, plot threads, maps and player backstories across notebooks and Google Docs, and players forget what happened last session.",Dungeons & Dragons and other TTRPG groups,weekly,4,5,"Obsidian vaults, World Anvil, binders",knowledge,,
1295,specialized,Hobbies & crafts,Board & tabletop games,Board game night scheduling and headcount,"Game night depends on knowing exactly how many people are coming, because most games have hard player counts, and last-minute drops leave a five-player game with three.",Board game hosts and groups,weekly,3,5,"Group chats, Doodle, guessing",knowledge,,
1296,specialized,Hobbies & crafts,Board & tabletop games,Missing pieces discovered mid-game,"A game is set up before anyone realizes a card or token is missing, and finding the publisher's replacement-parts form takes ages.","Board game owners, especially secondhand buyers",occasional,3,3,"Improvising with coins, publisher parts requests",knowledge,,
1297,specialized,Hobbies & crafts,Board & tabletop games,Re-teaching rules after months,"Nobody remembers the rules of a game played once last year, and reading the rulebook aloud kills thirty minutes of the evening.",Casual board game groups,weekly,3,4,"YouTube how-to-play videos, player-aid cards",knowledge,,
1298,specialized,Hobbies & crafts,Board & tabletop games,Choosing a game for the group tonight,"With a shelf of fifty games, hosts struggle to pick one that fits the player count, time available and the mix of newbies and veterans present.",Board game collectors hosting groups,weekly,2,5,"BoardGameGeek collection filters, arguing",knowledge,,
1299,specialized,Hobbies & crafts,Board & tabletop games,Scorekeeping for complex games,"End-game scoring in heavy euros involves many categories and errors are common, and score sheets run out or get lost.",Board gamers playing strategy games,weekly,2,5,"Paper pads, phone calculators, official companion apps",knowledge,,
1300,specialized,Hobbies & crafts,Board & tabletop games,Tracking who won which games over time,"Groups want to know play counts, win rates and streaks for bragging rights but have no record of past plays.",Regular board game groups,weekly,2,5,"BG Stats app, spreadsheets, memory",knowledge,,
1301,specialized,Hobbies & crafts,Collecting,Building and tracking a deck for card games,"Players of Magic, Pokemon or Lorcana lose track of which cards are in which deck and which are loose, so building a new deck means dismantling another.",Trading card game players,weekly,3,5,"Moxfield, Archidekt, deck boxes with labels",knowledge,,
1302,specialized,Hobbies & crafts,Collecting,Buying a duplicate at a shop or show,"At a convention, record store or flea market, collectors cannot remember whether they already own a particular issue, pressing or variant and buy it again.","Comic, vinyl, trading card and coin collectors",monthly,3,5,"Photos on phone, want lists on paper, collection apps",knowledge,,
1303,specialized,Hobbies & crafts,Collecting,Cataloguing a large collection takes forever,"Entering hundreds of items one by one into a database is so tedious that most collectors never finish, leaving them with no record for insurance.",Collectors with large accumulations,occasional,3,5,"Barcode-scanning apps, spreadsheets, giving up",knowledge,,
1304,specialized,Hobbies & crafts,Collecting,Not knowing a collection's total value,"Collectors of cards, coins, vinyl or figures have no idea what their collection is worth for insurance or sale, and prices shift constantly.",Hobby collectors of any kind,monthly,3,5,"Spreadsheets with manual price lookups, Discogs, TCGplayer",knowledge,,
1305,specialized,Hobbies & crafts,Collecting,Remembering paint recipes for miniatures,Painters cannot reproduce a color scheme on the next batch of miniatures months later because the layered paint recipe was never written down.,Miniature painters,monthly,3,5,"Notebooks, photos, paint-recipe apps",knowledge,,
1306,specialized,Hobbies & crafts,Collecting,Storing and finding physical items later,"Collectors know they own an item but cannot find which box, binder or shelf it is in without emptying the closet.",Collectors who store items in bins and binders,monthly,3,4,"Labels, memory, photos of box contents",knowledge,,
1307,specialized,Hobbies & crafts,Collecting,Tracking a want list across marketplaces,"The specific card or figure a collector needs shows up on eBay, Mercari or a forum at a good price and is gone before they see it.",Collectors hunting specific items,weekly,3,5,"eBay saved searches, checking multiple sites daily",knowledge,,
1308,specialized,Hobbies & crafts,Collecting,Tracking model kit and miniature backlog,Miniature painters and model builders accumulate a 'pile of shame' of unbuilt kits and forget which paints they need for which project.,"Warhammer painters, Gundam and scale model builders",monthly,3,4,"Spreadsheets, photos, guilt",knowledge,,
1309,specialized,Hobbies & crafts,DIY & workshop,Forgetting paint colors and finishes used,"Touching up a wall years later fails because nobody remembers the exact paint brand, color code and sheen, and the leftover can has dried out.",Homeowners and renters who paint,occasional,3,5,"Writing on the can, photos of the lid, guessing at the store",knowledge,,
1310,specialized,Hobbies & crafts,DIY & workshop,Half-finished DIY projects around the house,"A weekend project stalls for months because the next step needs one part or one dry day, and by then the plan and measurements are forgotten.",Homeowners doing their own repairs and builds,monthly,3,4,"Notes app, nagging from partner",knowledge,,
1311,specialized,Hobbies & crafts,DIY & workshop,Multiple trips to the hardware store,DIYers go to the store three times per project because the cut list or fastener count was estimated from memory and something was missed.,Weekend woodworkers and home repairers,weekly,3,4,"Handwritten lists, buying extra of everything",knowledge,,
1312,specialized,Hobbies & crafts,DIY & workshop,Optimizing board cuts to reduce waste,"Figuring out how to cut a plywood sheet or lumber into needed pieces with minimal offcuts is error-prone on paper, and mistakes waste expensive material.",Hobby woodworkers,monthly,3,5,"Graph paper, online cut optimizers",knowledge,,
1313,specialized,Hobbies & crafts,DIY & workshop,Tracking 3D printer filament and settings,"3D printing hobbyists forget which filament spool has how much left and which temperature settings worked for it, leading to failed prints and mid-print run-outs.",Hobby 3D printer owners,weekly,3,5,"Spreadsheets, weighing spools, notes on the spool",knowledge,,
1314,specialized,Hobbies & crafts,DIY & workshop,Saving project inspiration that is findable later,"Ideas from Pinterest, YouTube and Instagram get saved in five places, and when it is time to build the bookshelf nobody can find the video with the joinery detail.",DIYers and makers,weekly,2,4,"Pinterest boards, browser bookmarks, screenshots",knowledge,,
1315,specialized,Hobbies & crafts,DIY & workshop,Tool inventory and lending loss,"Tools lent to neighbors or friends never come back, and owners cannot remember who has the drill or the ladder.",Homeowners with a workshop,occasional,2,4,"Memory, asking around",knowledge,,
1316,specialized,Hobbies & crafts,Fiber & paper crafts,Losing your place in a knitting pattern,"Knitters and crocheters lose count of rows and repeats when interrupted, then have to rip back hours of work after discovering the mistake.",Knitters and crocheters,weekly,4,5,"Row counters, tally marks, sticky notes on the pattern",knowledge,,
1317,specialized,Hobbies & crafts,Fiber & paper crafts,Calculating fabric or yarn needed for a size,"Adjusting a pattern for a different size or gauge requires math many crafters get wrong, leading to running out of material or wasted purchases.","Sewists, quilters, knitters",monthly,3,5,"Calculator and scrap paper, buying extra",knowledge,,
1318,specialized,Hobbies & crafts,Fiber & paper crafts,Craft supply hoard with unknown contents,"Beads, paper, paint, fabric scraps and tools fill drawers, and people rebuy items they already own because nothing is catalogued or findable.","Scrapbookers, card makers, mixed-media crafters",monthly,3,4,"Clear bins, labels, occasional purges",knowledge,,
1319,specialized,Hobbies & crafts,Fiber & paper crafts,Cross-stitch chart tracking on paper,Following a large multi-color chart on paper means highlighting stitched areas by hand and losing the place when the printout gets folded or lost.,Cross-stitchers and embroiderers,weekly,3,5,"Highlighter pens, Pattern Keeper app, magnet boards",knowledge,,
1320,specialized,Hobbies & crafts,Fiber & paper crafts,Pricing handmade items for sale,Makers who sell at craft fairs or Etsy underprice because they do not track material cost and hours per item and feel awkward charging for labor.,Hobbyist makers who sell occasionally,monthly,3,4,"Rules of thumb, spreadsheets, guessing",knowledge,,
1321,specialized,Hobbies & crafts,Fiber & paper crafts,Too many works in progress abandoned,"Half-finished projects pile up in bags, and crafters forget which needles, yarn and pattern belong to which one, so nothing ever gets completed.","Knitters, quilters, embroiderers",monthly,3,4,"Project bags, Ravelry project pages, guilt",knowledge,,
1322,specialized,Hobbies & crafts,Fiber & paper crafts,Yarn stash nobody can inventory,"Crafters forget what yarn they own, in what weight and yardage, and buy duplicates or run short mid-project because they cannot check the stash from the store.","Knitters, crocheters, weavers",monthly,3,5,"Ravelry stash pages, spreadsheets, bins with labels",knowledge,,
1323,specialized,Hobbies & crafts,Gardening,Frost warning missed overnight,A surprise late frost kills seedlings because weather apps do not warn at the garden's microclimate level or in time to cover plants.,Gardeners in temperate climates,occasional,4,4,"Checking forecasts nightly in spring, row covers",knowledge,,
1324,specialized,Hobbies & crafts,Gardening,Missing the sowing window for vegetables,"Gardeners realize in June they should have started tomatoes indoors in March, because seed timing depends on local frost dates that packets do not know.",Home vegetable gardeners,monthly,4,5,"Almanac charts, seed packet math, spreadsheets",knowledge,,
1325,specialized,Hobbies & crafts,Gardening,Forgetting what was planted where,"By midsummer the plant labels have faded or blown away and gardeners cannot tell which tomato variety is which, so they cannot repeat successes next year.",Vegetable and flower gardeners,monthly,3,5,"Paper garden journals, photos, plastic labels",knowledge,,
1326,specialized,Hobbies & crafts,Gardening,Forgetting when to water each plant,Houseplant owners over- or under-water because every plant has different needs and they cannot remember when they last watered which one.,Houseplant owners with more than a handful of plants,weekly,3,5,"Finger test, reminder apps like Planta, watering on a fixed day",knowledge,,
1327,specialized,Hobbies & crafts,Gardening,Glut of harvest with nowhere to go,"Zucchini and tomatoes all ripen at once and gardeners cannot use, preserve or give away enough before it rots.",Vegetable gardeners with productive plots,occasional,3,3,"Leaving bags on neighbors' porches, canning marathons",knowledge,,
1328,specialized,Hobbies & crafts,Gardening,Identifying a pest or disease on a plant,"Yellow leaves or spots could be dozens of things, and searching images gives contradictory advice while the plant declines.",Home gardeners and houseplant owners,monthly,3,4,"Facebook groups, extension office, guessing",knowledge,,
1329,specialized,Hobbies & crafts,Gardening,Planning crop rotation between seasons,"Rotating plant families across beds each year to avoid disease requires remembering last year's layout, which nobody wrote down.",Raised-bed and allotment gardeners,occasional,3,5,"Graph paper sketches, memory",knowledge,,
1330,specialized,Hobbies & crafts,Gardening,Seed packets expiring unnoticed,"Half-used seed packets accumulate for years and gardeners sow old seed that fails to germinate, wasting a season's slot.",Vegetable gardeners,occasional,2,4,"Shoebox sorting, germination tests",knowledge,,
1331,specialized,Hobbies & crafts,Hobby time & motivation,Finding a local hobby group or club,"Newcomers to a hobby or a city cannot easily find the local knitting circle, board game meetup or garden club, and Meetup listings are often dead.",People new to a hobby or area,occasional,3,4,"Facebook groups, library notice boards, asking at shops",knowledge,,
1332,specialized,Hobbies & crafts,Hobby time & motivation,Hobby spending creeping out of control,"Small purchases of yarn, games, plants or supplies add up unnoticed, and people are shocked at the total when they finally look at the bank statement.",Hobbyists in gear-heavy hobbies,monthly,3,4,"Budgeting apps, self-imposed 'no buy' months",knowledge,,
1333,specialized,Hobbies & crafts,Hobby time & motivation,Balancing hobby time across several hobbies,"People with multiple hobbies feel they neglect all of them, cannot tell how much time each got this month, and lose momentum in the ones they skipped.",Adults juggling several hobbies with work and family,weekly,2,3,"Calendar blocks, habit trackers",knowledge,,
1334,specialized,Hobbies & crafts,Hobby time & motivation,Documenting progress to see improvement,"Hobbyists cannot see how much better their painting, playing or crafting has gotten because early work is not photographed or dated, so they feel stuck.",Anyone learning a skill-based hobby,monthly,2,4,"Camera roll, Instagram accounts",knowledge,,
1335,specialized,Hobbies & crafts,Music practice,Finding accurate chords or tabs for a song,"Tab and chord sites are full of wrong versions, transposed keys, popups and paywalls, so players waste time verifying by ear which version is right.","Guitarists, ukulele and piano players learning songs",weekly,3,4,Comparing multiple versions on Ultimate Guitar; slowing down YouTube,knowledge,,
1336,specialized,Hobbies & crafts,Music practice,Finding people to jam with nearby,"Hobby musicians struggle to find others of similar skill, taste and schedule in their area, and Craigslist-style ads attract flakes.",Amateur musicians without a band,monthly,3,4,"Facebook groups, music store bulletin boards, open mics",knowledge,,
1337,specialized,Hobbies & crafts,Music practice,Losing a practice streak and quitting,"Practice logs live in a notebook or memory, so progress is invisible and motivation collapses after a busy week with no sessions.",Adult beginners on any instrument,weekly,3,4,"Habit-tracker apps, paper calendars",knowledge,,
1338,specialized,Hobbies & crafts,Music practice,Managing a band's shared setlist and lyrics,"Band members keep different versions of the setlist, keys and lyrics on paper and in group chats, leading to on-stage confusion about which key or arrangement was agreed.",Amateur bands and church worship teams,weekly,3,5,"Google Docs, printed binders, WhatsApp threads",knowledge,,
1339,specialized,Hobbies & crafts,Music practice,Not knowing what to practice today,"Amateur musicians sit down with the instrument and noodle through the same songs for twenty minutes without structure, then feel they did not improve.","Self-taught guitar, piano and other instrument learners",daily,3,4,"YouTube lessons, paper practice plans, teachers",knowledge,,
1340,specialized,Hobbies & crafts,Music practice,Organizing hundreds of PDF sheet music files,"Sheet music is scattered across downloads folders, email attachments and photos, with no way to find a piece by composer, key or difficulty when it is needed.","Pianists, choir singers, orchestral players",weekly,3,5,"forScore, folders, binders",knowledge,,
1341,specialized,Hobbies & crafts,Music practice,Slowing down a song section to learn it,"Learning a solo or riff requires looping a few seconds at half speed without pitch change, and juggling a phone, a DAW and sheet music is clumsy.",Instrumentalists learning by ear,weekly,3,5,"YouTube speed settings, Transcribe!, Anytune",knowledge,,
1342,specialized,Hobbies & crafts,Music practice,Turning pages while both hands play,Reading a long piece from a tablet or paper means stopping to flip pages mid-phrase unless someone is there to turn them.,Pianists and classical instrumentalists,weekly,2,4,"Bluetooth foot pedals, memorizing, photocopies taped together",knowledge,,
1343,specialized,Hobbies & crafts,Reading,Forgetting what happened in the previous book,"When the next book in a series comes out a year later, readers cannot remember characters and plot and either reread or read confused.","Fantasy, sci-fi and mystery series readers",occasional,4,4,"Fan wikis, 'recaptains' sites, rereading",knowledge,,
1344,specialized,Hobbies & crafts,Reading,Highlights and notes lost across formats,"Notes taken in a Kindle, a physical book and an audiobook never end up in one place, so readers cannot find the quote they remember.",Nonfiction readers and students,weekly,3,5,"Readwise, photos of pages, sticky tabs",knowledge,,
1345,specialized,Hobbies & crafts,Reading,Library holds returning all at once,"Library ebook holds placed months apart all become available in the same week, and readers cannot finish them before the loan expires and the queue restarts.",Libby and library patrons,monthly,3,4,"Suspending holds manually, panic reading",knowledge,,
1346,specialized,Hobbies & crafts,Reading,Tracking reading order across a series,"Series with novellas, prequels and spin-offs have confusing reading orders, and readers accidentally read book four before book three.",Series readers,monthly,3,5,"Author websites, fan-made reading order lists",knowledge,,
1347,specialized,Hobbies & crafts,Reading,Book club scheduling and picking a book,"Book clubs stall on picking the next title and finding a date everyone can make, with debates dragging on in group chats.",Members of informal book clubs,monthly,2,5,"Group chat polls, one person deciding",knowledge,,
1348,specialized,Hobbies & crafts,Reading,Ever-growing to-be-read pile,Readers keep buying and borrowing books faster than they read them and feel guilt and choice paralysis choosing the next one.,Avid readers,weekly,2,4,"Goodreads shelves, StoryGraph, notebooks",knowledge,,
1349,specialized,Hobbies & crafts,Reading,Lending books and never getting them back,"Readers lend books to friends and forget who has what, and the book disappears permanently.",People with physical book collections,occasional,2,4,"Memory, a sticky note on the shelf",knowledge,,
1350,specialized,Hobbies & crafts,Video games,Coordinating a raid or group session night,"Getting five to twenty adults with jobs and kids online at the same time across time zones takes days of Discord back-and-forth, and one no-show cancels the night.",Guild and clan members in MMOs and co-op games,weekly,4,5,"Discord polls, Google Sheets sign-ups, Raid-Helper bots",knowledge,,
1351,specialized,Hobbies & crafts,Video games,Forgetting which video games you already own,"Games are spread across Steam, Epic, GOG, PlayStation, Xbox, Switch and old physical discs, so people buy a game they already got free or bundled years ago.",PC and console gamers with libraries on multiple storefronts,monthly,3,5,Manually searching each launcher before buying; spreadsheets,knowledge,,
1352,specialized,Hobbies & crafts,Video games,Huge backlog of unplayed games,"Sales and subscriptions pile up hundreds of unplayed titles, and people freeze trying to pick what to play next, then buy more instead of playing what they own.",Gamers who buy during Steam sales or use Game Pass,weekly,3,4,"Spreadsheets, Backloggd, random-picker sites",knowledge,,
1353,specialized,Hobbies & crafts,Video games,Returning to a game after months away,"Picking a story game back up after a long break means having no idea what the plot was, what the controls do, or what quest was in progress.",Adult gamers who play in bursts,monthly,3,4,Watching recap videos on YouTube or restarting from scratch,knowledge,,
1354,specialized,Hobbies & crafts,Video games,Screen-time limits that kill a game session,"Parents and gamers themselves want to cap play, but hard cutoffs mid-match cause rage-quits, penalties in ranked modes, and family fights.",Parents of gaming kids; adults trying to limit play,daily,3,4,"Console parental controls, kitchen timers, arguments",knowledge,,
1355,specialized,Hobbies & crafts,Video games,Tracking which game subscription has which title,"Titles rotate on and off Game Pass, PS Plus, and Netflix Games, so people miss a game leaving the catalog mid-playthrough or pay for a game that was included.",Subscribers to game subscription services,monthly,3,5,Checking monthly 'leaving soon' blog posts,knowledge,,
1356,specialized,Hobbies & crafts,Video games,Losing track of achievements and completion goals,"Completionists forget which collectibles, side quests or achievements they have left in a large open-world game and end up re-checking wikis constantly.",Completionist gamers,weekly,2,4,"Wiki checklists, printed guides, spreadsheets",knowledge,,
1357,specialized,Hobbies & crafts,Video games,Sharing game clips across platforms,"Clips captured on PS5, Xbox or Switch are stuck in each platform's ecosystem, and getting them to a phone or Discord takes several steps and quality loss.",Console gamers who share highlights with friends,weekly,2,4,Uploading to Twitter/YouTube then re-downloading; USB drives,knowledge,,
1358,specialized,Hobbies & crafts,Video games,Waiting for a wishlisted game's price drop,"People watch wishlists across several stores and still miss the historic-low sale on a game they wanted, or buy right before it goes on sale.",Budget-conscious PC and console gamers,monthly,2,5,"IsThereAnyDeal, Steam wishlist emails, Deku Deals",knowledge,,
1359,specialized,Sports & outdoors,Courts & facilities,Court booking systems are clunky,"Municipal booking sites open at odd hours, need separate logins per venue and release slots that vanish in seconds.",regular court bookers,weekly,4,4,"alarm set for release time, refreshing pages",knowledge,,
1360,specialized,Sports & outdoors,Courts & facilities,Public court availability unknown,"People drive to the public tennis or basketball courts only to find every one taken, with no way to check beforehand.",urban racket and court sport players,weekly,4,4,"go early, drive around, give up",knowledge,,
1361,specialized,Sports & outdoors,Courts & facilities,Class booking window scramble,Popular spin or yoga classes open bookings a week out and fill in a minute; waitlists notify too late to actually attend.,boutique fitness members,weekly,3,4,"alarms at booking time, refreshing the app",knowledge,,
1362,specialized,Sports & outdoors,Courts & facilities,Finding a gym while traveling,"Travelers do not know which gym near the hotel offers day passes, what equipment it has or whether it opens early enough.",business travelers who lift,monthly,3,4,"Google Maps, hotel gym with two dumbbells",knowledge,,
1363,specialized,Sports & outdoors,Courts & facilities,Finding a pitch to rent,Booking a five-a-side pitch or indoor court for a one-off game means calling several venues to compare price and availability.,casual game organizers,monthly,3,5,"phone calls, venue websites",knowledge,,
1364,specialized,Sports & outdoors,Courts & facilities,Gym crowded at the wrong time,Arriving to find every squat rack taken wastes the session; gym busyness data is coarse or missing.,gym members,weekly,3,4,"Google popular times, learning by trial",knowledge,,
1365,specialized,Sports & outdoors,Courts & facilities,Membership and pass sprawl,"Gym contracts, climbing punch cards, pool passes and park permits expire or auto-renew silently and cost money unnoticed.",people using several facilities,monthly,3,5,bank statement surprises,knowledge,,
1366,specialized,Sports & outdoors,Courts & facilities,Pool lane schedules hard to find,"Lap swimming hours change with swim lessons and clubs, and the schedule is a PDF that is often outdated.",lap swimmers and triathletes,weekly,3,4,"phone the pool, memorize the timetable",knowledge,,
1367,specialized,Sports & outdoors,Courts & facilities,Tracking court time and player debts,"In a rotating tennis or badminton group, whoever books pays and the running tally of who owes whom is never settled.",recurring racket-sport groups,weekly,3,5,"rough memory, someone always overpays",knowledge,,
1368,specialized,Sports & outdoors,Events & races,Race registration sells out unnoticed,Popular races and lotteries open and fill within hours; people miss them because there is no reminder for the exact opening date.,"runners, triathletes, trail racers",occasional,4,5,calendar reminders and following race social accounts,knowledge,,
1369,specialized,Sports & outdoors,Events & races,Discovering local races and events,"Small 5Ks, gran fondos and trail races are scattered across dozens of registration sites and club pages, so people find out after the fact.",amateur competitors,monthly,3,5,"searching several race calendars, club newsletters",knowledge,,
1370,specialized,Sports & outdoors,Events & races,Race day logistics scattered,"Bib pickup hours, start waves, bag drop, parking and course cutoffs are buried in long emails and PDFs that people re-read at 5am.",race participants,occasional,3,4,"screenshot the email, scribble on paper",knowledge,,
1371,specialized,Sports & outdoors,Events & races,Tracking friends during a race,"Spectators cannot tell where their runner is on the course, so they miss them at the cheering spot or wait an hour in the cold.",families and friends of racers,occasional,3,4,"official race tracker if it exists, text messages",knowledge,,
1372,specialized,Sports & outdoors,Events & races,Race photos scattered and pricey,Finding your own photos after a race means searching by bib on several photographer sites and paying a lot per image.,race finishers,occasional,2,4,screenshot the watermarked preview,knowledge,,
1373,specialized,Sports & outdoors,Finding partners,Finding a climbing or gym partner,"Rope climbers cannot climb without a belayer and lifters want a spotter, but partner boards at gyms are dead and awkward.","climbers, powerlifters",weekly,4,4,"gym whiteboards, asking at the desk",knowledge,,
1374,specialized,Sports & outdoors,Finding partners,Missing a fourth for doubles,"Regular tennis, padel or pickleball groups constantly fall apart because one person cancels and there is no quick way to fill the slot.",recreational racket-sport players,weekly,4,5,"frantic group chats, cancelling the session",knowledge,,
1375,specialized,Sports & outdoors,Finding partners,Finding a running partner at my pace,"Club runs are either too fast or too slow, and asking strangers means admitting your pace; people end up running alone.",solo runners wanting company,weekly,3,5,"Facebook groups, big club runs",knowledge,,
1376,specialized,Sports & outdoors,Finding partners,Finding beginner-friendly sessions,"Adults wanting to try climbing, rowing or martial arts cannot tell which clubs welcome true beginners versus assume experience.",adults trying a new sport,occasional,3,4,"emailing clubs, showing up nervously",knowledge,,
1377,specialized,Sports & outdoors,Finding partners,Gauging a stranger's skill level,"Self-reported levels like 'intermediate' mean nothing, so matched games end up lopsided and nobody enjoys them.",people finding partners for racket or pickup sports,weekly,3,4,play once and quietly never rebook,knowledge,,
1378,specialized,Sports & outdoors,Finding partners,Group ride pace mismatch,"Joining a club ride that turns out to be a hammerfest, or getting dropped with no idea of the route home, puts people off group cycling.",cyclists trying group rides,weekly,3,4,asking on the club Facebook page beforehand,knowledge,,
1379,specialized,Sports & outdoors,Finding partners,Hiking alone for lack of company,People skip harder hikes because they cannot find someone free the same day with the same fitness and appetite for distance.,"solo hikers, newcomers to an area",monthly,3,4,"Meetup groups with fixed dates, going alone",knowledge,,
1380,specialized,Sports & outdoors,Gear & maintenance,Bike maintenance intervals forgotten,Chains wear past the point of ruining cassettes and brake pads wear to metal because nobody tracks mileage since the last service.,regular cyclists,monthly,4,5,notice when it starts making noise,knowledge,,
1381,specialized,Sports & outdoors,Gear & maintenance,Recording bike serial and photos,"When a bike is stolen the owner cannot find the serial number or a clear photo, so police reports and marketplace searches go nowhere.",bike owners in cities,occasional,4,5,hope the receipt is somewhere,knowledge,,
1382,specialized,Sports & outdoors,Gear & maintenance,Bike part compatibility confusion,"Buying a replacement derailleur, tire or bottom bracket means decoding standards and speeds; wrong parts get ordered and returned.",home bike mechanics,occasional,3,4,"forum threads, bike shop visits",knowledge,,
1383,specialized,Sports & outdoors,Gear & maintenance,Group gear coordination for trips,On a group camping trip three people bring stoves and nobody brings a water filter because shared gear is not assigned.,friend groups on outdoor trips,occasional,3,5,group chat back and forth,knowledge,,
1384,specialized,Sports & outdoors,Gear & maintenance,Packing list forgotten items,"Every trip someone forgets the headlamp, stove fuel or sunscreen because packing lists are rebuilt from memory each time.",campers and backpackers,monthly,3,5,"reused notes-app list, generic printed lists",knowledge,,
1385,specialized,Sports & outdoors,Gear & maintenance,Running shoe mileage untracked,Shoes wear out invisibly and people only notice when knees or shins start hurting; nobody remembers when a pair was bought.,regular runners,monthly,3,5,"guess, or write purchase dates on the box",knowledge,,
1386,specialized,Sports & outdoors,Gear & maintenance,Sizing gear bought online,"Running shoes, cycling shorts and climbing shoes fit differently across brands, so online purchases get returned repeatedly.",athletes buying gear online,occasional,3,3,"order two sizes, read fit reviews",knowledge,,
1387,specialized,Sports & outdoors,Gear & maintenance,Selling and lending used gear,"Skis, kayaks and bikes sit unused in garages because listing them on generic marketplaces attracts lowballers and scammers.",outdoor gear owners,occasional,2,4,"Facebook Marketplace, club swaps",knowledge,,
1388,specialized,Sports & outdoors,Gym & strength,Unsure if form is correct,Beginners fear injury from bad squat or deadlift form but cannot afford a coach and get contradictory advice online.,beginner lifters,weekly,4,3,"filming yourself, posting form checks on forums",knowledge,,
1389,specialized,Sports & outdoors,Gym & strength,Forgetting last week's weights,"Without a log, people repeat the same weight for months or cannot remember what they lifted for progressive overload.",casual gym-goers,weekly,3,5,"guessing, phone notes",knowledge,,
1390,specialized,Sports & outdoors,Gym & strength,Logging sets mid-workout is slow,"Workout apps require too many taps between sets, so lifters either fall behind or revert to a paper notebook.",strength trainees,daily,3,4,"paper notebook, notes app",knowledge,,
1391,specialized,Sports & outdoors,Gym & strength,"Equipment taken, workout stalls","The planned exercise needs a machine someone is camping on, and people freeze not knowing an equivalent substitute.",gym members following programs,weekly,2,4,"wait, skip the exercise",knowledge,,
1392,specialized,Sports & outdoors,Gym & strength,Rest timer distraction,Rest periods drift to five minutes because people open social media on their phone between sets.,lifters,daily,2,4,"watch timer, willpower",knowledge,,
1393,specialized,Sports & outdoors,Gym & strength,Plate math at the bar,"Working out which plates to load for 82.5 kg, or converting kg and lb between gyms, is a tiny recurring mental chore that causes mistakes.",lifters,daily,1,5,"mental arithmetic, phone calculator",knowledge,,
1394,specialized,Sports & outdoors,Hiking & trails,Permits and reservations maze,"Backcountry permits, campsite reservations and timed-entry passes have different systems, release dates and lotteries per park.",backpackers and campers,occasional,4,4,"spreadsheet of release dates, third-party scanners",knowledge,,
1395,specialized,Sports & outdoors,Hiking & trails,Sharing plans with someone at home,"People forget to tell anyone their route and expected return, so if something goes wrong nobody knows where to look.","solo hikers, trail runners, backcountry skiers",monthly,4,5,"a text message, a note on the fridge",knowledge,,
1396,specialized,Sports & outdoors,Hiking & trails,Trail conditions unknown before driving,"Hikers drive two hours to find the trail snowed in, flooded, closed for logging or the road washed out.",day hikers,monthly,4,4,"recent trail reviews, park websites, calling rangers",knowledge,,
1397,specialized,Sports & outdoors,Hiking & trails,Turnaround time and daylight,Hikers misjudge pace and end up descending in the dark because they did not set a turnaround time based on sunset and remaining distance.,day hikers,monthly,4,4,"rules of thumb, headlamp",knowledge,,
1398,specialized,Sports & outdoors,Hiking & trails,Hike difficulty ratings inconsistent,A 'moderate' hike on one site is a scramble on another; people pick hikes that are far beyond or below their ability.,casual hikers and families,monthly,3,4,"read many reviews, look at elevation charts",knowledge,,
1399,specialized,Sports & outdoors,Hiking & trails,Trailhead parking full,Popular trailheads fill by 7am on weekends and there is no way to know before arriving or a plan B nearby.,weekend hikers near cities,monthly,3,3,"leave before dawn, park illegally",knowledge,,
1400,specialized,Sports & outdoors,Routes & navigation,Safe bike commute routing,"Map apps route cyclists onto fast roads or through hills; finding the quiet, protected-lane route takes weeks of trial.",bike commuters,daily,4,4,"asking local cyclists, experimenting",knowledge,,
1401,specialized,Sports & outdoors,Routes & navigation,Finding a new safe running route,"Runners in a new city or on a trip do not know which streets are lit, have sidewalks, are safe at 6am, or avoid endless traffic lights.",runners who travel or relocate,monthly,3,4,"run out-and-back on a main road, ask hotel staff",knowledge,,
1402,specialized,Sports & outdoors,Routes & navigation,Same boring route every day,People run the same loop for years because building a new loop of exactly the right distance from home is tedious.,habitual runners,weekly,2,5,drag points on a map builder by hand,knowledge,,
1403,specialized,Sports & outdoors,Team sports & pickup,Chasing teammates for match fees,"The person who books the pitch is permanently out of pocket, chasing ten people for a few dollars each week.",amateur team captains,weekly,4,5,"spreadsheets, Venmo requests, absorbing the loss",knowledge,,
1404,specialized,Sports & outdoors,Team sports & pickup,Kids' sports schedule chaos,"Parents juggle practices, games, snack duty and carpools for multiple children across teams that each use a different app or email chain.",parents of youth athletes,weekly,4,4,"family calendar, sticky notes, missed games",knowledge,,
1405,specialized,Sports & outdoors,Team sports & pickup,Pickup game headcount uncertainty,Weekly pickup football or basketball never knows if 6 or 16 will turn up; organizers chase replies and games get cancelled last minute.,pickup game organizers,weekly,4,5,WhatsApp polls and nagging,knowledge,,
1406,specialized,Sports & outdoors,Team sports & pickup,Amateur league fixtures and results,"Sunday league standings, fixture changes and referee assignments live in a Facebook group or someone's head; players show up at the wrong pitch.",amateur league players and admins,weekly,3,5,group chats and printed sheets,knowledge,,
1407,specialized,Sports & outdoors,Team sports & pickup,Sub finder for league night,"When a regular cannot make league volleyball or softball, finding a qualified sub in time is a scramble through personal contacts.",league team members,monthly,3,5,"texting everyone you know, forfeiting",knowledge,,
1408,specialized,Sports & outdoors,Team sports & pickup,Fair teams for pickup games,Splitting a random group into balanced sides takes ten minutes of arguing and the game is still one-sided.,pickup and rec league players,weekly,2,4,"captains pick, shirts vs skins",knowledge,,
1409,specialized,Sports & outdoors,Team sports & pickup,Stats for rec league games,"Amateur teams want simple goals, assists and minutes but scoring by hand mid-game is unrealistic and nobody keeps it up.",rec league players and coaches,weekly,2,4,"memory, occasional spreadsheet",knowledge,,
1410,specialized,Sports & outdoors,Team sports & pickup,Keeping score in casual matches,"Friendly tennis, pickleball or table tennis games lose track of the score and disputes waste the booked hour.",casual racket-sport players,weekly,1,4,shouting the score every point,knowledge,,
1411,specialized,Sports & outdoors,Tracking & data,Fitness data siloed across apps,"Runs live in Garmin, rides in Strava, lifts in a notes app and swims nowhere; there is no single honest picture of weekly training load.",multi-sport amateurs,weekly,3,5,manual spreadsheets or paying for a third-party aggregator,knowledge,,
1412,specialized,Sports & outdoors,Tracking & data,Niggles and pain go unlogged,"A sore knee that comes and goes is never written down, so the pattern behind it, such as a certain shoe or hill session, is never spotted.",endurance athletes,weekly,3,5,"memory, mention it to a physio months later",knowledge,,
1413,specialized,Sports & outdoors,Tracking & data,Strava privacy around home,Sharing activities exposes home location and routine; privacy zones are confusing and people still get identified.,people sharing workouts publicly,weekly,3,4,"start the watch a block away, keep activities private",knowledge,,
1414,specialized,Sports & outdoors,Tracking & data,Fitness watch data confuses,"Training readiness, VO2 max and load scores contradict each other and how the athlete feels, with no plain explanation of what to do.",wearable owners,daily,2,4,"ignore the numbers, ask forums",knowledge,,
1415,specialized,Sports & outdoors,Tracking & data,Forgot to start or stop the watch,"A run gets logged short, or a two-hour drive home gets recorded as a bike ride, and fixing the activity afterwards is fiddly or impossible.",anyone tracking workouts on a wearable,weekly,2,4,manually crop or add the activity,knowledge,,
1416,specialized,Sports & outdoors,Tracking & data,GPS watch distance disagrees with course,"Race and route distances never match what the watch says, so pacing math is off and PRs feel unverifiable.",recreational runners and cyclists,weekly,2,3,ignore it or manually correct the activity,knowledge,,
1417,specialized,Sports & outdoors,Training & coaching,Losing motivation without accountability,Solo exercisers skip sessions when nobody expects them; streaks and badges feel hollow after a few weeks.,people trying to build an exercise habit,weekly,4,3,"paying for classes, telling a friend",knowledge,,
1418,specialized,Sports & outdoors,Training & coaching,Returning from injury too fast,"After a strain, people do not know how to ramp mileage back up and re-injure themselves by jumping to their old volume.",injured runners and athletes,occasional,4,4,"physio handout, guessing",knowledge,,
1419,specialized,Sports & outdoors,Training & coaching,Training plans ignore missed days,"Miss two runs because of a cold and the generic plan just marches on, so people either cram or quit the plan entirely.",runners training for a race,weekly,4,5,manually shuffle the plan or wing it,knowledge,,
1420,specialized,Sports & outdoors,Training & coaching,Not knowing a realistic race goal,First-time half-marathoners have no idea what finish time to aim for or whether their training pace is sensible.,new race entrants,occasional,3,4,"online race calculators, asking forums",knowledge,,
1421,specialized,Sports & outdoors,Training & coaching,Program stalls without adjustment,"When lifts plateau people do not know whether to deload, change rep ranges or eat more, and spreadsheets from forums do not adapt.",intermediate lifters,monthly,3,4,"forum advice, random program hopping",knowledge,,
1422,specialized,Sports & outdoors,Weather & conditions,Air quality and heat safety,"Wildfire smoke or heat indexes make outdoor training unsafe, but people only find out after starting and feeling terrible.",outdoor athletes,occasional,3,5,checking a separate AQI site sometimes,knowledge,,
1423,specialized,Sports & outdoors,Weather & conditions,"Surf, snow or river conditions",Condition-dependent sports require checking several forecasts and webcams daily and still result in wasted trips.,"surfers, skiers, kayakers",weekly,3,4,"multiple forecast sites, local group chats",knowledge,,
1424,specialized,Sports & outdoors,Weather & conditions,Wind and weather planning for rides,"Cyclists want to ride into the headwind first and come home with a tailwind, and avoid the rain hour, but weather apps show one point not the route.",road cyclists and runners,weekly,3,5,checking wind arrows and guessing,knowledge,,
1425,specialized,Sports & outdoors,Weather & conditions,What to wear for the temperature,"Every cold morning runners and cyclists dither over layers and either overheat or freeze; the right kit depends on wind, rain and effort.",outdoor exercisers in variable climates,daily,2,5,step outside and guess,knowledge,,
1426,specialized,Neighborhood & community,Clubs and nonprofits,Board transitions lose institutional memory,"When the club president or PTA chair steps down, passwords, vendor contacts and how-we-do-things knowledge disappear with them.",volunteer-run organizations,occasional,4,4,"a binder, if you are lucky",knowledge,,
1427,specialized,Neighborhood & community,Clubs and nonprofits,Grant deadlines slip by,"Tiny nonprofits miss local foundation grant deadlines because tracking eligibility, due dates and reporting requirements lives in someone's head.",small nonprofit directors,monthly,4,4,calendar reminders and spreadsheets,knowledge,,
1428,specialized,Neighborhood & community,Clubs and nonprofits,Member list in five places,"Club membership data lives in an old Excel file, a Mailchimp list, a PayPal export and the president's phone contacts, and none agree.",club and small nonprofit admins,monthly,4,5,manual reconciliation once a year,knowledge,,
1429,specialized,Neighborhood & community,Clubs and nonprofits,Membership dues chasing,The treasurer of a small club spends hours every renewal season emailing people individually to remind them to pay dues.,club treasurers,monthly,4,5,"mass emails, PayPal links, cash at meetings",knowledge,,
1430,specialized,Neighborhood & community,Clubs and nonprofits,Booking shared community rooms,"Reserving the church hall, library room or clubhouse means calling someone who checks a paper calendar, and double bookings happen.",clubs and neighborhood groups,monthly,3,5,phone calls and a wall calendar,knowledge,,
1431,specialized,Neighborhood & community,Clubs and nonprofits,Club newsletter takes all week,The volunteer who writes the monthly newsletter spends hours collecting updates from committee chairs who never reply on time.,club communications volunteers,monthly,3,4,nagging emails and Mailchimp,knowledge,,
1432,specialized,Neighborhood & community,Clubs and nonprofits,Community garden plot management,"Garden coordinators track plot assignments, waitlists, dues and watering duties on paper, and abandoned plots go unnoticed for months.",community garden coordinators and members,weekly,3,5,spreadsheets and a corkboard,knowledge,,
1433,specialized,Neighborhood & community,Clubs and nonprofits,Dead groups still listed,"Half the community groups you find online have not met in two years but still look active, wasting your time reaching out.",people looking for clubs,occasional,3,4,message and wait for no reply,knowledge,,
1434,specialized,Neighborhood & community,Clubs and nonprofits,Fundraiser ticket sales and check-in,"A small gala or pancake breakfast sells tickets by cash, check and Venmo, and the door volunteer has no reliable list of who paid.",nonprofit event organizers,occasional,3,5,Eventbrite plus a paper list,knowledge,,
1435,specialized,Neighborhood & community,Clubs and nonprofits,Reimbursement receipts for small orgs,"Volunteers pay for supplies out of pocket, lose receipts, and reimbursement takes months because the treasurer needs paper copies.",volunteers and treasurers,monthly,3,5,photos in text messages,knowledge,,
1436,specialized,Neighborhood & community,Clubs and nonprofits,Shared login for org accounts,"Five volunteers share one Gmail and Facebook page login, so nobody knows who posted what or who changed the password.",volunteer-run groups,weekly,3,4,password in a group chat,knowledge,,
1437,specialized,Neighborhood & community,Clubs and nonprofits,Sports club practice scheduling,Rec-league teams coordinate practices and game rides across a group chat where messages get lost and half the team never confirms.,amateur sports team managers,weekly,3,5,"TeamSnap, WhatsApp",knowledge,,
1438,specialized,Neighborhood & community,Clubs and nonprofits,Meeting attendance guessing,"Nobody knows how many members will come to the monthly meeting, so you order too much food or too few chairs.",club organizers,monthly,2,4,email RSVP that few answer,knowledge,,
1439,specialized,Neighborhood & community,HOAs,Architectural request black hole,"You submit a request to paint your house or add solar and hear nothing for weeks, with no way to see where it sits in review.",HOA homeowners doing improvements,occasional,4,5,repeated emails to the management company,knowledge,,
1440,specialized,Neighborhood & community,HOAs,HOA rules buried in PDFs,"You cannot tell whether your fence color, shed or trash-can placement is allowed because the CC&Rs are a 90-page scanned PDF.",HOA homeowners,monthly,4,4,email the property manager and wait,knowledge,,
1441,specialized,Neighborhood & community,HOAs,Low turnout for HOA votes,"Annual meetings fail to reach quorum because proxies are paper forms nobody returns, so decisions stall.",HOA boards,occasional,4,5,door-knocking for proxies,knowledge,,
1442,specialized,Neighborhood & community,HOAs,Surprise HOA violation letters,"A violation notice arrives by mail with a fine, for something like a weed or a trash can left out, with no prior warning or photo.",HOA homeowners,occasional,4,3,call to dispute it,knowledge,,
1443,specialized,Neighborhood & community,HOAs,Visitor parking and guest passes,Guests get towed because registering a visitor car requires a form during office hours or a phone call to a security line.,residents of gated or permit-parking communities,monthly,4,5,leave a note on the dash,knowledge,,
1444,specialized,Neighborhood & community,HOAs,Volunteer HOA board overwhelmed,"Unpaid board members juggle vendor bids, owner complaints and finances in personal inboxes with no system, so things drop.",self-managed HOA board members,weekly,4,4,email and spreadsheets,knowledge,,
1445,specialized,Neighborhood & community,HOAs,Amenity booking is first-come chaos,"Reserving the pool cabana, clubhouse or tennis court requires emailing the manager, and the same few families always get the slots.",residents of HOAs and condos,monthly,3,5,email early and hope,knowledge,,
1446,specialized,Neighborhood & community,HOAs,HOA dues payment friction,"Paying dues means mailing a check or using a clunky portal that charges a fee, and late fees hit when the mail is slow.",HOA and condo owners,monthly,3,4,set up bill pay through the bank,knowledge,,
1447,specialized,Neighborhood & community,HOAs,HOA meeting minutes unavailable,"Owners cannot find board meeting minutes, budgets or reserve studies because they are emailed once and never posted anywhere.",HOA members,monthly,3,5,request documents in writing,knowledge,,
1448,specialized,Neighborhood & community,HOAs,Reporting common-area problems,A broken gate or burned-out streetlight in the community gets reported by five people to the wrong person and fixed by nobody.,HOA residents,monthly,3,5,Nextdoor complaints,knowledge,,
1449,specialized,Neighborhood & community,Lending and borrowing,Borrowing a tool you use once,You need a post-hole digger or tile saw for one afternoon and end up buying it because you do not know which neighbor has one.,homeowners and DIYers,monthly,4,5,"buy it, rent from a hardware store, or post on Nextdoor",knowledge,,
1450,specialized,Neighborhood & community,Lending and borrowing,Finding a trustworthy last-minute favor,"You need someone to grab your package, let the dog out or jump your car right now, but you do not know which neighbors are home and willing.",residents without nearby family,monthly,4,3,knock on doors or post on Nextdoor and hope,knowledge,,
1451,specialized,Neighborhood & community,Lending and borrowing,No-shows on free pickups,"Someone claims your free couch, you hold it for them, and they never come, so you re-post and repeat the cycle.",people giving items away,monthly,4,4,first-come-first-served and porch pickup,knowledge,,
1452,specialized,Neighborhood & community,Lending and borrowing,Awkwardness asking for items back,"A borrowed item has been gone for weeks and there is no neutral, non-confrontational way to nudge the borrower to return it.",lenders,monthly,3,4,"wait and stew, or send an awkward text",knowledge,,
1453,specialized,Neighborhood & community,Lending and borrowing,Borrowed item returned damaged,"A tool comes back broken and there is no record of its condition when lent, leading to disputes about who pays.",lenders of tools and equipment,occasional,3,3,eat the cost to keep the peace,knowledge,,
1454,specialized,Neighborhood & community,Lending and borrowing,Buy Nothing group scroll fatigue,"Free-item groups are an unsearchable stream of posts, so the crib you needed was claimed hours ago and your own offer gets buried.",Buy Nothing / freecycle group members,weekly,3,4,check the group several times a day,knowledge,,
1455,specialized,Neighborhood & community,Lending and borrowing,Forgetting who borrowed your stuff,"You lent a ladder, a folding table and a pressure washer to different neighbors months ago and cannot remember who has what.",generous neighbors and friends,monthly,3,5,notes app or memory,knowledge,,
1456,specialized,Neighborhood & community,Lending and borrowing,Tool library hours and inventory,"The local tool library or Library of Things has short hours and no live inventory, so you drive over to find the item checked out.",tool library members,monthly,3,5,call ahead when open,knowledge,,
1457,specialized,Neighborhood & community,Lending and borrowing,Sharing surplus garden produce,"Your zucchini or lemon tree produces far more than you can eat, and there is no easy way to offer it to nearby neighbors before it rots.",home gardeners,weekly,2,4,leave a box at the curb,knowledge,,
1458,specialized,Neighborhood & community,Lending and borrowing,Splitting bulk purchases with neighbors,"You want to split a mulch delivery, a Costco pack or a dumpster rental with neighbors but coordinating who pays what is messy.",homeowners in dense neighborhoods,monthly,2,4,Venmo requests and group chat,knowledge,,
1459,specialized,Neighborhood & community,Local events,Local events scattered across platforms,"Neighborhood events are announced on Facebook groups, Nextdoor, church bulletins, library flyers and Instagram, so you only hear about the fun ones after they happened.","residents, especially newcomers to a town",weekly,4,4,follow a dozen Facebook groups and check the library board,knowledge,,
1460,specialized,Neighborhood & community,Local events,Block party planning chaos,"Organizing a block party means chasing neighbors by text, paper flyers and door knocks to collect RSVPs, potluck dishes and permit fees.",neighborhood organizers,occasional,3,4,group text plus a shared Google sheet,knowledge,,
1461,specialized,Neighborhood & community,Local events,Cancelled events not communicated,"The organizer cancels a park cleanup or outdoor concert because of weather but the cancellation only appears in one place, so people still show up.",attendees of outdoor community events,monthly,3,5,check the organizer's Facebook page before leaving,knowledge,,
1462,specialized,Neighborhood & community,Local events,Finding out about events too late,You learn about the street fair or farmers market special the day after because nothing pushed it to you in advance.,families and singles who want to go out locally,weekly,3,4,none,knowledge,,
1463,specialized,Neighborhood & community,Local events,Garage sale discovery is hit-or-miss,"Yard and estate sales are advertised with cardboard signs or buried Craigslist posts, so you cannot plan a route or know what is being sold.",bargain hunters and resellers,weekly,3,4,drive around Saturday morning following signs,knowledge,,
1464,specialized,Neighborhood & community,Local events,Going to events alone,"You want to go to a local trivia night or gallery opening but none of your friends are free, and there is no easy way to find others attending.",singles and people new to a city,weekly,3,3,skip it or use Meetup,knowledge,,
1465,specialized,Neighborhood & community,Local events,Kid-friendly events hard to filter,"Community calendars do not say whether an event is suitable for toddlers, free, stroller-accessible, or indoors when it rains.",parents of young children,weekly,3,4,ask in parent Facebook groups,knowledge,,
1466,specialized,Neighborhood & community,Local events,Street closure and permit confusion,"Getting a permit to close the street for a block party or run a 5K involves unclear city forms, deadlines and fees that differ by municipality.",small event organizers,occasional,3,3,call city hall repeatedly,knowledge,,
1467,specialized,Neighborhood & community,Neighborhood communication,Reaching neighbors in an emergency,"During a gas leak, wildfire warning or power outage there is no quick way to alert or check on everyone on the block.",block captains and residents,occasional,5,4,knock on doors,knowledge,,
1468,specialized,Neighborhood & community,Neighborhood communication,Lost pet alerts do not reach nearby,"A lost dog post on Facebook reaches your friends across the country, not the twenty households within walking distance who might spot it.",pet owners,occasional,4,4,paper flyers on poles,knowledge,,
1469,specialized,Neighborhood & community,Neighborhood communication,Carpool coordination for local activities,Parents on the same street drive separately to the same soccer field and school because nobody organizes a rotating carpool.,parents in the same neighborhood,weekly,3,4,ad hoc texts,knowledge,,
1470,specialized,Neighborhood & community,Neighborhood communication,Checking on elderly neighbors,"Neighbors want to look in on an older resident living alone but there is no shared schedule, so some days nobody checks and other days three people do.",caring neighbors and families of seniors,weekly,3,4,informal texting,knowledge,,
1471,specialized,Neighborhood & community,Neighborhood communication,Finding a local recommendation quickly,"You need a plumber or babysitter your actual neighbors have used, but the same question gets asked in the group every week and answers scroll away.",homeowners and parents,monthly,3,4,"search the Facebook group, ask again",knowledge,,
1472,specialized,Neighborhood & community,Neighborhood communication,Neighborhood watch has no roster,"Suspicious activity gets reported to a group chat that half the block is not in, and there is no shared log for patterns.",neighborhood watch participants,monthly,3,4,"Ring app, WhatsApp",knowledge,,
1473,specialized,Neighborhood & community,Neighborhood communication,New resident has no orientation,"You move to a new neighborhood and have to piece together trash day, recycling rules, the good grocery store and local groups from scratch.",new movers,occasional,3,4,"ask a neighbor, Google a lot",knowledge,,
1474,specialized,Neighborhood & community,Neighborhood communication,Nextdoor signal buried in noise,"The useful post about a water main break is buried under lost cats, rants about teenagers and political arguments.",Nextdoor and neighborhood group users,daily,3,4,mute the app and miss things,knowledge,,
1475,specialized,Neighborhood & community,Neighborhood communication,Not knowing your neighbors' names,"You have lived on the street for years and still do not know who lives in half the houses, which makes asking for help awkward.",suburban and apartment residents,occasional,3,3,none,knowledge,,
1476,specialized,Neighborhood & community,Neighborhood communication,Reporting potholes and streetlights,Reporting a pothole or broken streetlight to the city means finding the right department and then never learning if anything happened.,residents,monthly,3,4,311 apps where they exist,knowledge,,
1477,specialized,Neighborhood & community,Volunteering,Mutual aid requests get lost,"Neighborhood mutual aid runs on a Google Form and a group chat, so requests for groceries or rides fall through the cracks and nobody knows who took them.",mutual aid organizers,weekly,4,5,spreadsheets and Signal threads,knowledge,,
1478,specialized,Neighborhood & community,Volunteering,Volunteer no-shows leave shifts empty,"Twenty people sign up for the food bank shift and eight appear, so coordinators over-recruit and still get stuck short-handed.",volunteer coordinators,weekly,4,4,reminder emails and overbooking,knowledge,,
1479,specialized,Neighborhood & community,Volunteering,Volunteer opportunities are hard to find,You want to volunteer this Saturday but listings are scattered across nonprofit sites and most require applications and orientations weeks out.,"would-be volunteers, students needing hours",monthly,4,4,"VolunteerMatch, calling around",knowledge,,
1480,specialized,Neighborhood & community,Volunteering,Donation drive item tracking,A coat or food drive gets duplicates of some items and none of others because donors cannot see what has already been pledged.,drive organizers and donors,occasional,3,5,"Amazon wishlists, sign-up sheets",knowledge,,
1481,specialized,Neighborhood & community,Volunteering,Little free pantry restocking,Community fridges and free pantries are empty for days or overflow with the same items because stockers cannot see what is needed.,community fridge volunteers,weekly,3,4,Instagram photos of the fridge,knowledge,,
1482,specialized,Neighborhood & community,Volunteering,Matching skills to volunteer needs,A nonprofit needs a bookkeeper or a Spanish speaker for two hours but only knows how to ask for generic warm bodies.,nonprofits and skilled volunteers,monthly,3,4,word of mouth,knowledge,,
1483,specialized,Neighborhood & community,Volunteering,Onboarding paperwork repeated per org,"Every organization makes you redo background checks, waivers and orientation videos even if you volunteered somewhere similar last month.",frequent volunteers,occasional,3,3,none,knowledge,,
1484,specialized,Neighborhood & community,Volunteering,Tracking volunteer hours for school,Students need signed proof of service hours and end up chasing supervisors for signatures on paper forms at the end of the semester.,high school and college students,monthly,3,5,paper log sheets and emails,knowledge,,
1485,specialized,Neighborhood & community,Volunteering,Volunteer sign-up spreadsheets break,"Shift sign-ups live in a shared spreadsheet that people overwrite, leave blank or fill with the wrong name.",small nonprofits and PTAs,weekly,3,5,"SignUpGenius, Google Sheets",knowledge,,
1486,specialized,Neighborhood & community,Volunteering,Volunteers never hear back,"You fill out a nonprofit's volunteer interest form and weeks pass with no reply, so you lose interest.",prospective volunteers,occasional,3,4,follow up by email or give up,knowledge,,
1487,specialized,Car & vehicle ownership,Costs & fuel,Tracking true cost of ownership,"Fuel, insurance, repairs, registration and depreciation are spread across many accounts and receipts, so owners have no idea what the car really costs per month or per mile.","budget-conscious owners, people weighing selling or going car-free",monthly,3,5,"rough spreadsheet, none",knowledge,,
1488,specialized,Car & vehicle ownership,Costs & fuel,Finding the cheapest fuel nearby,"Fuel prices vary 20-40 cents between stations a mile apart, and crowdsourced price apps are often stale or wrong by the time you get there.",commuters and high-mileage drivers,weekly,2,4,"GasBuddy, sticking to a known warehouse-club station",knowledge,,
1489,specialized,Car & vehicle ownership,Costs & fuel,Fuel rewards and loyalty juggling,"Grocery fuel points, station apps and credit-card categories each give discounts under different rules, and drivers can't tell at the pump which combination is actually cheapest.",deal-seeking drivers,weekly,2,4,picking one program and ignoring the rest,knowledge,,
1490,specialized,Car & vehicle ownership,Costs & fuel,Noticing declining fuel economy,"A gradual drop in MPG from a clogged filter, low tires or a failing sensor goes unnoticed because nobody tracks fill-ups consistently.",owners of older cars,weekly,2,4,"trip computer readout, Fuelly logging",knowledge,,
1491,specialized,Car & vehicle ownership,Costs & fuel,Reconstructing a fair fuel split,Carpoolers and couples sharing a car have no clean way to split fuel and tolls in proportion to who drove where.,carpoolers and co-owners,weekly,2,5,"alternating who pays, rough Venmo requests",knowledge,,
1492,specialized,Car & vehicle ownership,Dealing with mechanics,Not knowing if a repair quote is fair,A shop quotes $900 for a job and the owner has no reference for whether parts and labor hours are reasonable for their car and region.,anyone getting a car repaired,occasional,5,4,"calling two more shops, RepairPal estimates, asking a car-savvy friend",knowledge,,
1493,specialized,Car & vehicle ownership,Dealing with mechanics,Final bill differs from the quote,"The invoice comes in higher than the verbal estimate with extra parts or shop fees, and the owner has no written record of what was originally agreed.",anyone paying for repairs,occasional,4,3,"asking for a written estimate, disputing at the counter",knowledge,,
1494,specialized,Car & vehicle ownership,Dealing with mechanics,Finding a trustworthy independent mechanic,"Online reviews for shops are sparse or gamed, and people moving to a new city have no idea who will do honest work on their particular make.","people new to an area, owners of niche or European brands",occasional,4,4,"asking on local Facebook groups or Nextdoor, brand-owner forums",knowledge,,
1495,specialized,Car & vehicle ownership,Dealing with mechanics,No status updates while car is in shop,"Once the car is dropped off, the owner has no visibility into whether it has been looked at, whether parts arrived, or when it will actually be ready, and has to keep calling.",anyone with a car in for repair,occasional,4,5,repeated phone calls to the service desk,knowledge,,
1496,specialized,Car & vehicle ownership,Dealing with mechanics,Repair upsells at checkout,"Taking the car in for an oil change ends with a list of 'urgently recommended' items (flushes, filters, alignment) and no way to judge on the spot which ones are real.",drivers using dealers and chain shops,occasional,4,4,"saying no to everything, googling in the waiting room",knowledge,,
1497,specialized,Car & vehicle ownership,Dealing with mechanics,Arranging transport while car is in shop,"Dropping the car off means coordinating a ride, a loaner or a rental and then getting back to pick it up, often across two workdays.",single-car households and commuters,occasional,3,3,"rideshare, asking a partner or coworker",knowledge,,
1498,specialized,Car & vehicle ownership,Dealing with mechanics,Booking a service appointment by phone only,"Many independent shops only take bookings by phone during business hours, so scheduling means playing phone tag from work.",working car owners,occasional,3,5,"calling on lunch break, using dealer instead",knowledge,,
1499,specialized,Car & vehicle ownership,Diagnostics & repairs,Roadside breakdown with no plan,"When the car dies on the highway, drivers don't know whether their insurer, credit card or manufacturer covers towing, who to call, or which shop to tow to.",all drivers,occasional,5,4,"AAA membership, googling on the shoulder",knowledge,,
1500,specialized,Car & vehicle ownership,Diagnostics & repairs,Battery dying without warning,"Car batteries fail suddenly after 3-5 years, usually on a cold morning when the driver is already late, with no prior indication it was weakening.",all drivers,occasional,4,3,"free battery test at a parts store, carrying a jump pack",knowledge,,
1501,specialized,Car & vehicle ownership,Diagnostics & repairs,Deciding whether to repair or replace,"When an aging car needs a $1,500 repair, the owner can't tell whether it is worth it or the start of a cascade of failures on a car worth $3,000.",owners of high-mileage cars,occasional,4,4,"gut feeling, asking friends, forum posts",knowledge,,
1502,specialized,Car & vehicle ownership,Diagnostics & repairs,Unexplained check engine light,"The check engine light comes on with no explanation, and the owner has no idea whether it is a loose gas cap or a $2,000 catalytic converter until they pay a shop for a diagnostic.",owners of cars over five years old,occasional,4,4,"free code read at a parts store, cheap OBD2 dongle plus googling codes",knowledge,,
1503,specialized,Car & vehicle ownership,Diagnostics & repairs,Dashboard warning symbol confusion,"An unfamiliar amber icon lights up and the driver can't tell whether it means pull over now or schedule service sometime, without digging through the manual.",drivers of newer or unfamiliar cars,occasional,3,5,googling a description of the symbol,knowledge,,
1504,specialized,Car & vehicle ownership,Diagnostics & repairs,Describing a noise to a mechanic,"A squeak, clunk or hum only happens under certain conditions and is hard to describe accurately, so the shop can't reproduce it and the owner pays for diagnostic time that finds nothing.",non-technical car owners,occasional,3,3,"recording a phone video while driving, trying to imitate the sound",knowledge,,
1505,specialized,Car & vehicle ownership,Diagnostics & repairs,Missed recall notices,"Safety recalls are mailed to the address on file, which is wrong for used-car buyers and movers, so owners drive around unaware of open recalls.",used-car owners and people who have moved,occasional,3,5,"checking the NHTSA VIN lookup manually, hearing about it on the news",knowledge,,
1506,specialized,Car & vehicle ownership,EV charging,Charging without home parking,Apartment and street-parking EV owners have no reliable place to charge overnight and must build weekly trips around public chargers.,urban renters with EVs,weekly,5,3,"charging at work, extension cords, weekly DC fast charge sessions",knowledge,,
1507,specialized,Car & vehicle ownership,EV charging,Charger queues at busy stations,"On holidays and weekends drivers arrive to find every stall occupied with no queue system, leading to awkward waiting and disputes over who was next.",EV drivers on popular corridors,occasional,4,4,"circling the lot, informal verbal queue",knowledge,,
1508,specialized,Car & vehicle ownership,EV charging,Range anxiety on long trips,"Planning a road trip in an EV means guessing how weather, speed, elevation and load affect range and whether the next charger is safely reachable.",EV drivers on unfamiliar routes,occasional,4,5,"A Better Routeplanner, adding big safety margins",knowledge,,
1509,specialized,Car & vehicle ownership,EV charging,Too many charging network apps,"Each charging network requires its own app, account and payment method, so a road trip means managing five apps and RFID cards just to plug in.",EV drivers who travel,monthly,4,4,"signing up for everything in advance, roaming cards",knowledge,,
1510,specialized,Car & vehicle ownership,EV charging,Idle fees from forgetting to unplug,"Drivers step away while charging, lose track of time and get hit with per-minute idle fees or angry notes from waiting drivers.",EV drivers at fast chargers,occasional,3,5,network app notifications that are often delayed,knowledge,,
1511,specialized,Car & vehicle ownership,EV charging,Opaque public charging costs,"Charging is priced per kWh, per minute, with idle fees and session fees that vary by network and time of day, so a session's cost is unknowable until the receipt arrives.",EV drivers,weekly,3,4,"sticking to one network, ignoring the cost",knowledge,,
1512,specialized,Car & vehicle ownership,EV charging,Timing home charging for cheap rates,"Time-of-use electricity tariffs make charging much cheaper at night, but the car and the wallbox schedulers are clunky and the tariff windows change seasonally.",EV owners with home chargers on TOU tariffs,daily,3,5,"manually setting departure timers, plugging in late at night",knowledge,,
1513,specialized,Car & vehicle ownership,EV charging,Tracking home charging electricity cost,"Home charging shows up as a bigger power bill with no breakdown, so owners can't separate car cost from household use or claim it for work reimbursement.","EV owners, especially those with employer mileage schemes",monthly,3,4,"smart charger apps, estimating from car kWh totals",knowledge,,
1514,specialized,Car & vehicle ownership,Insurance & claims,Collecting info at an accident scene,"After a crash, shaken drivers forget to get the other party's insurance, plate, witness details and photos of the scene, which weakens the claim later.",any driver involved in a collision,occasional,5,5,"insurer app checklists few people have installed, phone camera",knowledge,,
1515,specialized,Car & vehicle ownership,Insurance & claims,Hit-and-run parking lot damage,"Owners return to a dented car with no note, no witnesses and no way to find out who did it, then face a deductible on their own policy.",people who park in public lots,occasional,4,3,"asking store security for camera footage, dashcam parking mode",knowledge,,
1516,specialized,Car & vehicle ownership,Insurance & claims,Insurance renewal price creep,"Premiums rise at every renewal for no stated reason, and shopping around means re-entering the same details on many quote sites.",all insured drivers,occasional,4,4,"comparison sites, calling to threaten to leave",knowledge,,
1517,specialized,Car & vehicle ownership,Insurance & claims,"Slow, opaque claims process","After filing a claim, the owner waits weeks with no idea whether the adjuster has looked at it, what the payout will be, or when the body shop can start.",drivers with an open claim,occasional,4,4,calling the claims line repeatedly,knowledge,,
1518,specialized,Car & vehicle ownership,Insurance & claims,Dashcam footage management,"Dashcams overwrite footage in loops, and when an incident happens the owner struggles to find, save and share the right clip before it is lost.",dashcam owners,occasional,3,4,"pulling the SD card, clunky vendor apps",knowledge,,
1519,specialized,Car & vehicle ownership,Insurance & claims,Understanding what the policy covers,"Owners don't know whether rental reimbursement, glass, roadside or gap cover is included until they need it and get denied.",policyholders,occasional,3,4,"reading the PDF policy, calling the agent",knowledge,,
1520,specialized,Car & vehicle ownership,Insurance & claims,Proving mileage for low-mileage discounts,Insurers offer cheaper rates for low annual mileage but verifying it means photographing odometers or installing intrusive tracking dongles.,low-mileage and remote-working drivers,occasional,2,4,"odometer photos, telematics programs",knowledge,,
1521,specialized,Car & vehicle ownership,Maintenance tracking,Decoding the manufacturer service schedule,"The owner's manual buries the real maintenance intervals in dense tables that differ by driving conditions, so people don't know which items actually apply to them at 30k, 60k, 90k miles.",owners of cars past warranty,occasional,3,5,"asking the dealer, who upsells extra 'recommended' services",knowledge,,
1522,specialized,Car & vehicle ownership,Maintenance tracking,Lost paper service records,"Receipts and invoices from various shops end up in a glovebox or lost entirely, so there is no coherent history to reference when a problem recurs or when selling.",long-term car owners,occasional,3,5,"folder of paper receipts, photos in camera roll",knowledge,,
1523,specialized,Car & vehicle ownership,Maintenance tracking,Not knowing when maintenance is due,"Owners lose track of when the last oil change, tire rotation, brake fluid or coolant service happened, so services are either missed or repeated needlessly.","anyone who owns a car, especially multi-car households",monthly,3,5,"windshield sticker from the shop, notes app, guessing",knowledge,,
1524,specialized,Car & vehicle ownership,Maintenance tracking,Not knowing when tires are worn out,"Owners can't tell whether tread is at a safe depth or how many miles remain, and only find out when a shop says they need four new tires today.",drivers who don't inspect their own cars,occasional,3,3,"penny test, trusting the shop",knowledge,,
1525,specialized,Car & vehicle ownership,Maintenance tracking,Seasonal tire swap logistics,"Twice a year winter/summer tires need swapping; owners forget to book early, shops are slammed for weeks, and stored tires are misplaced or their wear position forgotten.",drivers in snow regions,occasional,3,4,"calendar reminder, chalk marks on tires",knowledge,,
1526,specialized,Car & vehicle ownership,Maintenance tracking,Car wash and detailing timing,"Road salt, bird droppings and pollen damage paint if left, but owners forget how long since the last wash or wax and don't notice until the clear coat is stained.",owners who care about resale condition,monthly,2,3,"unlimited wash subscriptions, none",knowledge,,
1527,specialized,Car & vehicle ownership,Maintenance tracking,Forgetting tire pressure checks,"Tire pressure drops with cold weather and slow leaks, but people only notice when the TPMS light comes on or a tire looks flat.","all drivers, especially in cold climates",monthly,2,3,waiting for the dashboard warning,knowledge,,
1528,specialized,Car & vehicle ownership,Maintenance tracking,"Wiper, bulb and fluid part lookups","Buying wiper blades, bulbs, oil or a cabin filter means figuring out the exact size or spec for the year, trim and engine, and parts-store lookups often give conflicting answers.",DIY-lite owners,occasional,2,5,"in-store paper catalog, owner's manual",knowledge,,
1529,specialized,Car & vehicle ownership,Paperwork & compliance,Insurance card and documents not at hand,"When pulled over, drivers scramble through the glovebox for an expired insurance card or realize the registration is in another car.",all drivers,occasional,3,5,"keeping PDFs in a phone folder, insurer app",knowledge,,
1530,specialized,Car & vehicle ownership,Paperwork & compliance,Missing registration renewal deadline,"Registration, inspection and emissions deadlines arrive by mail and are easy to miss, leading to fines and stops for expired tags.",all vehicle owners,occasional,3,5,"windshield sticker, DMV mail reminders",knowledge,,
1531,specialized,Car & vehicle ownership,Paperwork & compliance,Multi-vehicle household record chaos,"Families with several cars, a motorcycle and a trailer lose track of which vehicle is due for what, whose insurance renews when, and where each title is.",multi-vehicle households and small fleets,monthly,3,5,"spreadsheet, file cabinet",knowledge,,
1532,specialized,Car & vehicle ownership,Paperwork & compliance,Toll and camera fines arriving late,"Toll-by-plate bills, congestion charges and camera fines arrive weeks later with added penalties, sometimes for a rental or a car already sold.",drivers in metro areas and travelers,occasional,3,4,"transponder accounts per region, paying the penalties",knowledge,,
1533,specialized,Car & vehicle ownership,Paperwork & compliance,Tracking mileage for tax or reimbursement,"Self-employed people and employees must log business miles per trip with purpose and odometer readings, which is tedious and usually reconstructed inaccurately at tax time.","gig workers, sales reps, small business owners",daily,3,5,"MileIQ-style apps, paper log, guessing",knowledge,,
1534,specialized,Car & vehicle ownership,Paperwork & compliance,Warranty and extended coverage confusion,"Owners don't know if a failed part is covered under powertrain, bumper-to-bumper, emissions or an extended warranty, and dealers rarely volunteer that it is.",owners of cars under six years old,occasional,3,4,"reading the warranty booklet, asking the dealer",knowledge,,
1535,specialized,Car & vehicle ownership,Parking & daily use,Forgetting to move the car for street cleaning,"Alternate-side and street-cleaning schedules require moving the car on specific mornings, and forgetting once means a ticket or a tow.",street parkers in big cities,weekly,4,5,"phone alarms, neighborhood group chats",knowledge,,
1536,specialized,Car & vehicle ownership,Parking & daily use,Parking tickets from unclear signage,"Street parking rules stack multiple signs (street cleaning, permit hours, snow routes) and drivers get ticketed because they misread which rule applied that day.",city drivers without off-street parking,weekly,4,4,"photographing the sign, asking neighbors",knowledge,,
1537,specialized,Car & vehicle ownership,Parking & daily use,Rental car damage disputes,Renters get billed weeks later for scratches they didn't cause because they didn't document existing damage at pickup.,frequent travelers and rental customers,occasional,4,5,walk-around video at pickup,knowledge,,
1538,specialized,Car & vehicle ownership,Parking & daily use,Parking meter expiring mid-errand,"Meters and pay-by-app sessions expire while the driver is still in an appointment, and rushing back or extending requires remembering which of several parking apps was used.",urban drivers,weekly,3,4,"ParkMobile reminders, overpaying up front",knowledge,,
1539,specialized,Car & vehicle ownership,Parking & daily use,Sharing one car within a household,"Partners or roommates sharing a vehicle double-book it, don't know who has the keys or when it will be back, and argue about who used the fuel.",households with more drivers than cars,daily,3,5,"group chat, shared calendar",knowledge,,
1540,specialized,Car & vehicle ownership,Parking & daily use,Teen driver monitoring and coaching,"Parents of new drivers have no way to know whether their teen is speeding or braking hard, and logging supervised practice hours for the license is done on scraps of paper.",parents of learner and teen drivers,weekly,3,5,"insurer telematics apps, trust",knowledge,,
1541,specialized,Car & vehicle ownership,Selling & buying,Evaluating a used car before buying,"Buyers can't tell from a test drive whether a used car has hidden accident damage, flood history or deferred maintenance, and a pre-purchase inspection is hard to arrange quickly.",used-car buyers,occasional,5,4,"Carfax report, bringing a friend, mobile inspection services",knowledge,,
1542,specialized,Car & vehicle ownership,Selling & buying,Dealer fees and financing math,"Buyers face doc fees, add-ons and financing terms presented in a four-square worksheet designed to obscure the real out-the-door price and total interest.",car buyers at dealerships,occasional,4,4,"asking for the out-the-door number, bringing a calculator",knowledge,,
1543,specialized,Car & vehicle ownership,Selling & buying,Lowballers and scammers on marketplace,"Listing a car privately brings a flood of 'is this available?' messages, absurd lowball offers, and scam attempts with fake payment or shipping stories.",private sellers,occasional,4,4,"ignoring most messages, selling to a dealer for less",knowledge,,
1544,specialized,Car & vehicle ownership,Selling & buying,Safe payment and handover in a private sale,"Sellers worry about fake cashier's checks and counterfeit cash, and both sides are unsure how to handle title signing, bill of sale, plates and release of liability correctly.",private sellers and buyers,occasional,4,4,"meeting at the buyer's bank, DMV website guides",knowledge,,
1545,specialized,Car & vehicle ownership,Selling & buying,Assembling a private sale listing,"Writing a listing means digging up the trim, options, maintenance history and taking decent photos, and most listings end up vague and undersold.",private sellers,occasional,3,5,"copying a dealer listing's format, VIN decoder sites",knowledge,,
1546,specialized,Car & vehicle ownership,Selling & buying,Lease end mileage and wear surprises,Lessees exceed mileage allowances or get charged for wear at turn-in because they never tracked pace against the allowance.,people leasing cars,monthly,3,5,dividing miles by months remaining in their head,knowledge,,
1547,specialized,Car & vehicle ownership,Selling & buying,Not knowing the car's current value,"Owners considering a sale or trade-in see wildly different numbers from KBB, dealer offers and online buyers and can't tell what the car is really worth.",people thinking about selling,occasional,3,4,"checking three valuation sites, getting a CarMax quote",knowledge,,
1548,specialized,"Restaurant, retail & service workers",Communication,Documenting incidents for HR,"Workers experiencing harassment or wage theft have no organized record of dates, shifts and witnesses when they finally decide to report it.",hourly workers with problematic managers,occasional,5,4,"Notes app, memory",knowledge,,
1549,specialized,"Restaurant, retail & service workers",Communication,Reaching a manager during a rush,"A worker needs a manager override, a void or a key, and the manager is somewhere in the building unreachable while the line grows.",cashiers and servers,daily,4,4,"Yell, send a runner, wait",knowledge,,
1550,specialized,"Restaurant, retail & service workers",Communication,Work group chat invades personal time,"The staff WhatsApp group buzzes at all hours with memes, shift pleas and manager announcements, so important messages get buried and days off are never quiet.",all hourly service staff,daily,4,4,Mute the chat and miss things,knowledge,,
1551,specialized,"Restaurant, retail & service workers",Communication,Corporate policy updates buried in email,"Chains push policy changes through a corporate portal or email that hourly workers rarely open, so they violate rules they never saw.",chain retail and restaurant employees,monthly,3,4,Manager mentions it eventually,knowledge,,
1552,specialized,"Restaurant, retail & service workers",Communication,Missed pre-shift meeting information,"Anyone who starts later or was off misses the pre-shift briefing about specials, promotions and policy changes, and gets blamed for not knowing.",restaurant and retail staff on staggered starts,daily,3,5,"Ask coworkers, read the whiteboard",knowledge,,
1553,specialized,"Restaurant, retail & service workers",Communication,Shift handoff notes lost,"Important notes from the previous shift, like a reserved table, a VIP, or an angry customer coming back, are passed verbally and forgotten.","hosts, shift leads and front desk staff",daily,3,5,Sticky notes on the host stand,knowledge,,
1554,specialized,"Restaurant, retail & service workers",Customers and orders,Allergen questions answered from memory,"A guest asks whether a dish contains nuts or gluten and the server has to run to the kitchen or guess, with serious consequences for getting it wrong.",servers and counter staff,daily,5,5,Ask the chef every time,knowledge,,
1555,specialized,"Restaurant, retail & service workers",Customers and orders,Delivery-app orders flood the kitchen,"Tablets from three delivery platforms ding independently and staff must retype each order into the POS, so orders get missed or duplicated during rushes.",counter staff and cooks at restaurants on delivery apps,daily,5,5,Dedicate one person to the tablets,knowledge,,
1556,specialized,"Restaurant, retail & service workers",Customers and orders,Handling difficult customers alone,A customer becomes abusive and the worker has no discreet way to summon a manager or security without escalating the situation.,"cashiers, servers and hosts",weekly,5,4,"Walk away to find a manager, code words",knowledge,,
1557,specialized,"Restaurant, retail & service workers",Customers and orders,Complicated modifications get lost,"Large parties with many substitutions overwhelm the ticket and a wrong plate comes out, which the server eats the blame and the tip for.",servers handling large or picky tables,daily,4,4,"Repeat the order back, write on a pad",knowledge,,
1558,specialized,"Restaurant, retail & service workers",Customers and orders,Reservations and walk-ins on paper,"Small restaurants track reservations in a paper book and phone messages, leading to double bookings and missed party-size notes.",hosts at independent restaurants,daily,4,5,"Paper book, sticky notes",knowledge,,
1559,specialized,"Restaurant, retail & service workers",Customers and orders,Return and refund policy edge cases,"Customers demand returns without receipts, past the window or on final-sale items, and the associate does not know the exact policy or their own authority.",retail cashiers and customer service desk staff,daily,4,4,Call a manager for every exception,knowledge,,
1560,specialized,"Restaurant, retail & service workers",Customers and orders,Splitting checks for large groups,"A party of twelve wants the bill split by what each person had, and the POS makes it slow and error-prone while other tables wait.",servers,weekly,4,4,"Calculator on phone, arguments at the table",knowledge,,
1561,specialized,"Restaurant, retail & service workers",Customers and orders,Wait time estimates are guesses,"Hosts quote a wait time from gut feel and get yelled at when it is wrong, with no data on how long tables actually turn.",hosts and hostesses,daily,4,5,"Guess, pad the estimate",knowledge,,
1562,specialized,"Restaurant, retail & service workers",Customers and orders,Checking stock for a customer,A customer asks if an item is in the back or at another location and the associate has to leave the floor or phone another store to find out.,retail associates,daily,3,5,"Walk to the stockroom, call other stores",knowledge,,
1563,specialized,"Restaurant, retail & service workers",Customers and orders,Regulars' preferences not remembered,"A regular expects their usual drink and seat, but the person on shift has never served them and has no way to look up what they order.","bartenders, baristas and servers",daily,3,5,"Coworkers' memory, sticky notes at the bar",knowledge,,
1564,specialized,"Restaurant, retail & service workers",Life around shifts,Childcare when shifts change weekly,"Parents cannot book daycare or sitters until the schedule comes out, and by then the slots they need are gone.",parents working hourly service jobs,weekly,5,3,"Family favors, swapping shifts",knowledge,,
1565,specialized,"Restaurant, retail & service workers",Life around shifts,Commute planning around odd shift times,"Late closes and early opens fall outside bus and train schedules, and workers scramble each week to figure out how they will get home at 1am.",service workers relying on public transit,weekly,4,4,"Ask coworkers for rides, expensive rideshares",knowledge,,
1566,specialized,"Restaurant, retail & service workers",Life around shifts,Proving hours for benefits or loans,"When applying for an apartment, loan or health coverage, workers must show consistent hours and income, but their pay history is scattered across paystubs and tip records.",tipped and part-time workers,occasional,4,4,"Collect paystubs, bank statements",knowledge,,
1567,specialized,"Restaurant, retail & service workers",Life around shifts,Seasonal layoffs with no notice,"Seasonal and holiday workers do not know until the last week whether they are being kept on, making it impossible to line up the next job.",seasonal retail and resort workers,occasional,4,3,Ask the manager repeatedly,knowledge,,
1568,specialized,"Restaurant, retail & service workers",Life around shifts,Uniform and dress code ambiguity,"Workers get sent home or written up for a shoe or shirt color that was never clearly written down, and replacing uniform items costs them money.",retail and restaurant staff,monthly,3,3,Ask coworkers what is allowed,knowledge,,
1569,specialized,"Restaurant, retail & service workers",Scheduling,Clopening shifts,"Being scheduled to close at midnight and open at 6am leaves too little time to sleep, and workers rarely notice the pairing until the schedule is posted.",restaurant and retail staff who can both open and close,weekly,5,4,"Complain to manager, try to trade one of the shifts",knowledge,,
1570,specialized,"Restaurant, retail & service workers",Scheduling,Hours cut without warning,"A worker expecting 30 hours opens the new schedule to find 12, with no explanation, and has no way to see the trend or compare hours with coworkers.",part-time retail and restaurant staff,weekly,5,3,"Ask manager for more shifts, pick up others' shifts",knowledge,,
1571,specialized,"Restaurant, retail & service workers",Scheduling,On-call shifts that never confirm,"Being told to keep a day free and call in two hours before to learn whether you are working, so the day is wasted whether or not you get paid.",retail associates and banquet servers,weekly,5,3,"Call the store, wait by the phone",knowledge,,
1572,specialized,"Restaurant, retail & service workers",Scheduling,Schedule changed without notification,"Managers edit the posted schedule after it goes up and nobody tells the affected worker, who then shows up on the wrong day or gets a no-call-no-show.",hourly staff with managers who edit schedules in place,weekly,5,5,"Re-check the schedule every day, screenshot it as proof",knowledge,,
1573,specialized,"Restaurant, retail & service workers",Scheduling,Schedule posted only days ahead,"The weekly schedule goes up two or three days before the week starts, so workers cannot plan appointments, childcare, classes or a second job.",hourly restaurant and retail staff,weekly,5,4,"Text the manager to ask, keep everything tentative",knowledge,,
1574,specialized,"Restaurant, retail & service workers",Scheduling,Availability form ignored,"Workers submit availability on paper or in an app but keep getting scheduled during times they marked unavailable, with no record of what they submitted.",students and parents working hourly jobs,weekly,4,5,"Re-submit availability, keep a photo of the form",knowledge,,
1575,specialized,"Restaurant, retail & service workers",Scheduling,Holiday time-off request lottery,"Everyone requests the same holiday weekends off and the approval rule is opaque, so workers do not know until late whether they can travel.",restaurant and retail staff around holidays,monthly,4,4,"Ask months early, bargain with coworkers",knowledge,,
1576,specialized,"Restaurant, retail & service workers",Scheduling,Juggling schedules from two jobs,Workers holding two hourly jobs must manually cross-check two schedules in two different apps and catch overlaps before either manager notices.,workers with two or more part-time service jobs,weekly,4,5,Copy both schedules into a phone calendar by hand,knowledge,,
1577,specialized,"Restaurant, retail & service workers",Scheduling,Schedule only visible in the back office,"The schedule is a printed sheet on the break-room wall, so staff have to drive in or ask a coworker to photograph it to learn their shifts.",workers at small independent shops and restaurants,weekly,4,5,"Photograph the sheet, group-chat photos",knowledge,,
1578,specialized,"Restaurant, retail & service workers",Scheduling,Time-off request lost or forgotten,"A request written in the manager's notebook weeks ago is forgotten and the worker is scheduled anyway, with no proof the request was made.",workers at shops without a formal request system,monthly,4,5,Text the manager and screenshot the reply,knowledge,,
1579,specialized,"Restaurant, retail & service workers",Scheduling,Shifts not syncing to phone calendar,"The scheduling app the employer uses does not export shifts to Google or Apple Calendar, so the worker's personal calendar never shows when they work.",hourly staff using employer scheduling apps,weekly,3,5,Manually type each shift into the calendar,knowledge,,
1580,specialized,"Restaurant, retail & service workers",Shift swaps and coverage,Finding someone to cover a shift,"When a worker is sick or has an emergency they must personally text every coworker one by one and beg for coverage, then prove to the manager that they tried.",hourly restaurant and retail staff,weekly,5,5,"Mass texts, group chat pleas, Facebook group posts",knowledge,,
1581,specialized,"Restaurant, retail & service workers",Shift swaps and coverage,Last-minute call-outs leave shift short,"Someone calls out an hour before service and the manager has no quick way to reach available, qualified staff, so the remaining crew is slammed.",shift leads and the coworkers left on the floor,weekly,4,5,Manager calls down the phone list,knowledge,,
1582,specialized,"Restaurant, retail & service workers",Shift swaps and coverage,Sent home early with no pay,"Workers show up for a scheduled shift, get cut after an hour because it is slow, and lose the income they planned on with no record to contest it.","servers, hosts and retail associates",weekly,4,3,"Volunteer to stay for side work, track it in notes",knowledge,,
1583,specialized,"Restaurant, retail & service workers",Shift swaps and coverage,Swap agreed but never approved,"Two coworkers agree to swap, but the manager has to sign off and forgets, so both are unsure who is actually working and one may be written up.",staff at employers requiring manager approval for swaps,weekly,4,5,"Keep pestering the manager, screenshot the agreement",knowledge,,
1584,specialized,"Restaurant, retail & service workers",Shift swaps and coverage,Open shifts announced in chaotic group chat,"Extra shifts are offered in a busy staff group chat and given to whoever replies first, so workers who were not glued to their phone miss out and the chat is full of noise.",workers wanting more hours,weekly,3,5,Turn on chat notifications and check constantly,knowledge,,
1585,specialized,"Restaurant, retail & service workers",Shift swaps and coverage,Swapping breaks certification rules,"A swap gets accepted and then rejected because the covering worker lacks the right training, alcohol certification, or would go into overtime.","bartenders, servers and keyholders",monthly,3,5,"Manager checks manually, swap denied late",knowledge,,
1586,specialized,"Restaurant, retail & service workers",Side work and closing,Broken equipment reported into a void,"The dish machine, printer or ice machine breaks and staff tell a manager verbally, then it stays broken for weeks with no visibility on whether a repair was requested.",kitchen and floor staff,monthly,4,5,"Keep telling the manager, tape a sign on it",knowledge,,
1587,specialized,"Restaurant, retail & service workers",Side work and closing,Opening finds last night's tasks undone,The opener discovers the closers skipped restocking or cleaning and has no record of who closed or a way to flag it without a confrontation.,opening shift staff,daily,4,5,"Complain to the manager, group chat callouts",knowledge,,
1588,specialized,"Restaurant, retail & service workers",Side work and closing,Running out of supplies mid-shift,"Nobody noticed the to-go containers or a key ingredient were low, so staff discover the shortage during the rush and there is no simple way to flag low stock.","line cooks, baristas and shift leads",weekly,4,5,Sticky note on the manager's desk,knowledge,,
1589,specialized,"Restaurant, retail & service workers",Side work and closing,Side work checklist disputes,"Closing side work is assigned by a laminated sheet and whoever leaves first claims they did their part, so the last person redoes everything.",servers and bussers on closing shifts,daily,4,5,"Initial the sheet, argue with coworkers",knowledge,,
1590,specialized,"Restaurant, retail & service workers",Side work and closing,Temperature logs on paper,Fridge and hot-hold temperatures must be logged several times a day on a clipboard that gets pencil-whipped or lost before the health inspector visits.,cooks and shift leads,daily,3,5,Fill it in from memory at the end of the shift,knowledge,,
1591,specialized,"Restaurant, retail & service workers",Side work and closing,Uneven section and task assignments,"The same people always get the good sections or the easy side work, and there is no visible rotation so favoritism accusations are constant.",servers and retail floor staff,daily,3,5,"Complain, hope the manager rotates",knowledge,,
1592,specialized,"Restaurant, retail & service workers",Tips and pay,Paycheck does not match hours worked,"Hours are shaved when a manager edits clock-in times or forgets a shift, and the worker only notices if they kept their own log.",all hourly service workers,weekly,5,5,"Photograph the time clock, keep a notebook",knowledge,,
1593,specialized,"Restaurant, retail & service workers",Tips and pay,Unpredictable weekly income,"Because tips and hours swing wildly, workers cannot predict whether rent will be covered this month or how much to set aside from a good week.",tipped and part-time service workers,weekly,5,4,Rough mental budgeting,knowledge,,
1594,specialized,"Restaurant, retail & service workers",Tips and pay,Credit card tips arrive on delayed paycheck,"Card tips are paid out two weeks later on the paycheck rather than nightly, and the worker cannot reconcile what they earned per shift with what they were paid.",servers and bartenders at chains,weekly,4,4,Keep the nightly checkout slips and compare,knowledge,,
1595,specialized,"Restaurant, retail & service workers",Tips and pay,Missed break not paid,"Workers regularly skip legally required breaks on busy shifts but the timesheet auto-deducts the break, and nobody tracks the missed-break premium they are owed.",hourly workers in states with break laws,daily,4,5,"Tell the manager, usually forgotten",knowledge,,
1596,specialized,"Restaurant, retail & service workers",Tips and pay,Tracking cash tips for taxes,"Cash tips vary every shift and workers rarely record them, so tax time means guessing and risking under- or over-reporting.","servers, bartenders, baristas and delivery staff",daily,4,5,"Notes app, envelope of cash, guessing",knowledge,,
1597,specialized,"Restaurant, retail & service workers",Tips and pay,Verifying tip pool math,"Tip-outs to bussers, bar and hosts are calculated by a manager on a spreadsheet the worker never sees, so there is no way to confirm the split is right.",tipped restaurant staff in pooled houses,daily,4,5,"Trust the manager, argue occasionally",knowledge,,
1598,specialized,"Restaurant, retail & service workers",Tips and pay,Walkouts and short drawers charged to staff,"A table dish-and-dashes or the drawer is short and the worker is expected to cover it, with no record of who was where or which transactions were affected.",servers and cashiers,monthly,4,3,"Pay it, argue with management",knowledge,,
1599,specialized,"Restaurant, retail & service workers",Tips and pay,Overtime and hour caps opaque,"Workers do not know how close they are to the weekly overtime or part-time hour cap, so they accept shifts that later get cancelled or trigger a warning.",part-timers near benefit or overtime thresholds,weekly,3,5,Count hours by hand,knowledge,,
1600,specialized,"Restaurant, retail & service workers",Tips and pay,Splitting a shared tip jar fairly,"Cafe and counter staff split a tip jar by hours worked at the end of the day and the math is done on a napkin, causing frequent disputes.","baristas, counter service and ice cream shop staff",daily,3,5,"Napkin math, one trusted person counts",knowledge,,
1601,specialized,"Restaurant, retail & service workers",Tips and pay,Which shifts actually pay best,"Servers cannot tell whether Tuesday lunch or Friday patio is worth fighting for because nobody records tips per section, shift and day.",servers and bartenders choosing shifts,weekly,3,5,"Gut feel, tribal knowledge",knowledge,,
1602,specialized,"Restaurant, retail & service workers",Training and onboarding,Learning POS button locations,"Every restaurant's POS has its own maze of screens and modifiers, and new hires slow down the whole line while hunting for the right button.","new servers, cashiers and baristas",occasional,4,4,"Shadow a coworker, cheat sheet taped to the terminal",knowledge,,
1603,specialized,"Restaurant, retail & service workers",Training and onboarding,Memorizing the menu quickly,"New servers must learn dozens of dishes, ingredients, allergens and pairings in a few days with only a printed menu, and get quizzed before they can take tables.",new restaurant servers,occasional,4,5,"Flashcards, photos of the menu, eating everything",knowledge,,
1604,specialized,"Restaurant, retail & service workers",Training and onboarding,Menu changes not communicated,"Specials, 86'd items and recipe changes are announced verbally at pre-shift, so anyone who missed it sells items the kitchen no longer has.",front-of-house staff,daily,4,5,"Whiteboard in the kitchen, asking the expo",knowledge,,
1605,specialized,"Restaurant, retail & service workers",Training and onboarding,Product knowledge across huge inventory,"Retail associates are asked detailed questions about hundreds of products and have no fast way to look up specs, stock or comparisons on the floor.",retail sales associates,daily,4,5,"Run to the back, search the store website on their phone",knowledge,,
1606,specialized,"Restaurant, retail & service workers",Training and onboarding,Training shadowing with no checklist,"New hires are told to follow someone around for three shifts and nobody tracks which tasks they have actually been shown, so gaps show up on their first solo shift.",new hires and their trainers,occasional,4,5,"Ask a lot of questions, get yelled at later",knowledge,,
1607,specialized,"Restaurant, retail & service workers",Training and onboarding,Forgetting table numbers and seat positions,"New servers struggle to remember the floor plan and which seat is position one, leading to auctioned plates and wrong deliveries.",new servers and food runners,daily,3,4,"Hand-drawn map, ask the host",knowledge,,
1608,specialized,"Restaurant, retail & service workers",Training and onboarding,Recipe and build specs scattered,"Drink builds and dish plating specs live in a binder, photos on someone's phone and memory, so consistency drops whenever a regular is off.","bartenders, baristas and line cooks",daily,3,5,"Ask a coworker, greasy binder",knowledge,,
1609,specialized,"Restaurant, retail & service workers",Training and onboarding,Remembering wine and cocktail details,"Guests ask about the wine list and staff cannot recall tasting notes, regions or pairings for forty bottles without a cheat sheet.",servers at upscale restaurants,daily,3,5,Fold-up cheat sheet in apron,knowledge,,
1610,specialized,"Restaurant, retail & service workers",Training and onboarding,Tracking expiring certifications,"Food handler cards, alcohol server permits and first-aid certs expire on different dates and workers only find out when a manager pulls them off the floor.","servers, bartenders and cooks",occasional,3,5,"Manager reminds them, or they get caught",knowledge,,
1611,specialized,"Nurses, teachers & tradespeople",Classroom management,Chasing missing and late work,"Teachers keep mental lists of who owes what and repeatedly remind students and parents about missing assignments, especially before grades close.",K-12 teachers,weekly,4,5,"Gradebook reports, individual emails, missing-work slips",knowledge,,
1612,specialized,"Nurses, teachers & tradespeople",Classroom management,Documenting behavior incidents in the moment,"Teachers are expected to log every behavior incident with time, antecedent and response, but cannot stop teaching to fill in a form, so records are reconstructed after school.",K-12 teachers and paraprofessionals,daily,4,5,"Sticky notes, memory, end-of-day emails",knowledge,,
1613,specialized,"Nurses, teachers & tradespeople",Classroom management,Tracking IEP accommodations per student,"General-education teachers must remember which of 120 students get extended time, preferential seating or read-aloud, and IEP documents are buried in a separate system.",middle and high school teachers,daily,4,5,"Printed accommodation lists in a binder, sticky notes on the desk",knowledge,,
1614,specialized,"Nurses, teachers & tradespeople",Classroom management,Keeping up with changing school schedules,"Assemblies, testing weeks, early releases and rotating block days change which class meets when, and teachers repeatedly show up prepared for the wrong period.",middle and high school teachers,weekly,3,4,"Printed bell schedules taped to the desk, morning emails",knowledge,,
1615,specialized,"Nurses, teachers & tradespeople",Classroom management,Learning 150 student names quickly,"Secondary teachers meet 120-180 new students each year and struggle for weeks to match names, faces and pronunciations, especially when rosters keep changing.",middle and high school teachers,occasional,3,4,"Seating charts, name tents, printed roster photos",knowledge,,
1616,specialized,"Nurses, teachers & tradespeople",Classroom management,Lending out books and calculators,"Classroom libraries, calculators and chargers disappear because there is no quick way to record which student borrowed what and when.",teachers with classroom libraries or shared equipment,weekly,3,5,"Sign-out clipboard, honor system",knowledge,,
1617,specialized,"Nurses, teachers & tradespeople",Classroom management,Managing supplies bought with own money,"Teachers spend hundreds of dollars a year on classroom supplies and lose track of what they bought, what is left and which receipts count for the tax deduction.",K-12 teachers,monthly,3,4,"Receipts in a drawer, Amazon order history, wish lists",knowledge,,
1618,specialized,"Nurses, teachers & tradespeople",Customer communication,Answering the phone while on a job,"Solo tradespeople lose new customers because they cannot answer calls while under a sink or on a roof, and voicemails go unreturned until evening.","solo plumbers, electricians, handymen",daily,4,5,"Spouse answering the phone, voicemail, calling back late",knowledge,,
1619,specialized,"Nurses, teachers & tradespeople",Customer communication,Asking happy customers for reviews,"Small contractors depend on online reviews but forget to ask, feel awkward asking in person, and the customers who do post are often the unhappy ones.",small trade businesses,weekly,3,5,"Occasional text with a Google link, business cards",knowledge,,
1620,specialized,"Nurses, teachers & tradespeople",Customer communication,Explaining repair options to the customer,"Techs struggle to explain why a repair costs what it does or why replacement is better, and customers feel upsold, leading to bad reviews and declined work.","HVAC, plumbing and electrical service techs",daily,3,4,"Verbal explanation, hand-written good-better-best on the invoice",knowledge,,
1621,specialized,"Nurses, teachers & tradespeople",Customer communication,Reminding customers about maintenance,"Techs know a furnace filter, water heater flush or backflow test is due but have no easy way to remind past customers, so repeat business is lost to whoever advertises first.","HVAC, plumbing and irrigation companies",monthly,3,5,"Postcards, spreadsheet of past jobs, nothing",knowledge,,
1622,specialized,"Nurses, teachers & tradespeople",Documentation & handoff,Charting hours after the shift ends,Nurses stay 45 to 90 minutes unpaid after every shift finishing documentation because the EHR is too slow and click-heavy to chart in real time.,bedside nurses and hospitalists,daily,5,4,Paper 'brain sheet' scribbled during the shift and transcribed later,knowledge,,
1623,specialized,"Nurses, teachers & tradespeople",Documentation & handoff,Incomplete verbal handoff at shift change,"Shift report is rushed and verbal, so the oncoming nurse discovers hours later that a pending lab, a family request or a due dressing change was never mentioned.",nurses and nursing assistants,daily,4,4,"SBAR paper sheets, sticky notes, calling the previous nurse at home",knowledge,,
1624,specialized,"Nurses, teachers & tradespeople",Documentation & handoff,Rebuilding the nurse brain sheet daily,"Every shift, nurses hand-draw a report sheet with room, meds, drips, labs and to-dos for each patient, then lose track of which items are done as the day gets chaotic.","med-surg, ICU and ER nurses",daily,4,4,"Printed templates, folded paper, pen on gloves",knowledge,,
1625,specialized,"Nurses, teachers & tradespeople",Documentation & handoff,Timing multiple medication and task deadlines,"A nurse has six patients with overlapping med passes, vitals, blood-sugar checks and drip titrations and has to keep all the times in their head, leading to late meds.",floor nurses,daily,4,4,"Watch alarms, phone timers, writing times on the brain sheet",knowledge,,
1626,specialized,"Nurses, teachers & tradespeople",Documentation & handoff,Unsafe patient ratios with no record,Nurses are assigned more patients than is safe but have no simple way to log each unsafe assignment so a pattern can be shown to management or the union.,hospital and nursing-home nurses,weekly,4,3,"Paper 'assignment despite objection' forms, personal notes",knowledge,,
1627,specialized,"Nurses, teachers & tradespeople",Documentation & handoff,Before-and-after photos lost in camera roll,"Contractors take dozens of job photos a day for documentation and disputes, and later cannot find which photo belongs to which job or customer.","contractors, electricians, plumbers, restoration techs",daily,3,5,"Scrolling the camera roll by date, texting photos to self",knowledge,,
1628,specialized,"Nurses, teachers & tradespeople",Documentation & handoff,Hunting for equipment on the unit,"Staff waste time every shift looking for the one working IV pump, bladder scanner, wheelchair or vitals machine that someone borrowed and did not return.","nurses, CNAs, therapists",daily,3,3,"Walking room to room, asking on the unit group chat",knowledge,,
1629,specialized,"Nurses, teachers & tradespeople",Field logistics & routing,Crew timesheets reconstructed on Friday,"Crew members remember and report their hours per job at the end of the week, which leads to inflated or missing hours and arguments about who was where.",small contractors with hourly crews,weekly,4,5,"Text messages, paper timesheets, foreman's notebook",knowledge,,
1630,specialized,"Nurses, teachers & tradespeople",Field logistics & routing,Customers not home for the service window,"Techs give a four-hour window, arrive, and the customer is out or does not answer, wasting the slot; customers meanwhile complain they had no idea when the tech was coming.","plumbers, HVAC techs, cable and appliance installers",daily,4,5,"Calling 30 minutes ahead, office phone reminders",knowledge,,
1631,specialized,"Nurses, teachers & tradespeople",Field logistics & routing,Dispatch changes not reaching the tech,"The office reschedules or reorders jobs and the tech in the field finds out late, arriving at a cancelled call or the wrong address.",service technicians and dispatchers,daily,4,5,"Phone calls, group texts, paper route sheet",knowledge,,
1632,specialized,"Nurses, teachers & tradespeople",Field logistics & routing,Forgotten parts require a second trip,"A tech arrives at a job and discovers the fitting, breaker or part they need is not on the truck, forcing a supply-house run and a lost hour.","plumbers, electricians, HVAC and appliance techs",daily,4,4,"Mental truck inventory, over-stocking, calling ahead to the customer",knowledge,,
1633,specialized,"Nurses, teachers & tradespeople",Field logistics & routing,Home-health visit route and mileage,"Home-health nurses and aides plan a day of visits by hand, get stuck in traffic between far-apart patients, and reconstruct mileage from memory for reimbursement.","home-health nurses, hospice staff, home aides",daily,4,5,"Google Maps one stop at a time, paper mileage log",knowledge,,
1634,specialized,"Nurses, teachers & tradespeople",Field logistics & routing,Tracking tools that walk off jobsites,"Expensive tools are lent between crew members and vans and go missing, and nobody knows who had the drill or the ladder last.","contractors with crews, electricians, plumbers",weekly,4,4,"Engraving tools, spreadsheets, Bluetooth trackers",knowledge,,
1635,specialized,"Nurses, teachers & tradespeople",Field logistics & routing,Finding the shutoff or panel on a repeat customer,"Returning to a property months later, a tech has to rediscover where the main shutoff, panel, crawlspace access or gate code is because notes from the last visit were never saved.","plumbers, electricians, HVAC and pest techs",weekly,3,5,"Asking the customer, memory, photos buried in the camera roll",knowledge,,
1636,specialized,"Nurses, teachers & tradespeople",Grading & lesson prep,Grading piles of assignments on weekends,"Teachers spend evenings and weekends grading stacks of papers and entering scores one by one into the gradebook, with no fast way to give individual feedback.","K-12 teachers, especially English and humanities",weekly,5,4,"Rubrics, peer grading, grading only some assignments",knowledge,,
1637,specialized,"Nurses, teachers & tradespeople",Grading & lesson prep,Differentiating one lesson for many levels,"A single class holds students reading three grade levels apart plus IEP and English-learner accommodations, and producing versions of every worksheet takes hours.",K-12 classroom teachers,weekly,4,4,"Reusing old materials, generic tiered worksheets",knowledge,,
1638,specialized,"Nurses, teachers & tradespeople",Grading & lesson prep,Recreating lesson plans in required formats,Teachers already have lessons but must retype them into the district's mandated template with standards codes and objectives each week for administrators who rarely read them.,K-12 teachers,weekly,4,4,"Copy-pasting old plans, Google Docs templates",knowledge,,
1639,specialized,"Nurses, teachers & tradespeople",Grading & lesson prep,Writing usable sub plans on a sick day,"A teacher who wakes up sick has to write detailed substitute plans, find materials and email them before 6 a.m., which makes many teachers come in sick instead.",K-12 teachers,occasional,4,4,"Generic emergency sub folder, asking a colleague to cover",knowledge,,
1640,specialized,"Nurses, teachers & tradespeople",Grading & lesson prep,Writing detailed report card comments,"Several times a year teachers write individualized comments for every student under a strict character limit, and the comment bank in the SIS is generic and hard to search.",K-12 teachers,occasional,3,4,"Personal comment bank in a document, copy-paste with name swaps",knowledge,,
1641,specialized,"Nurses, teachers & tradespeople",Licensing & compliance,Apprentice hours logging for licensure,"Electrical and plumbing apprentices must document thousands of supervised hours by task category and signature, and lose hours when the paper log is incomplete or a journeyman leaves.",trade apprentices,weekly,4,5,"Paper logbook, spreadsheet, employer payroll records",knowledge,,
1642,specialized,"Nurses, teachers & tradespeople",Licensing & compliance,Expiring certifications go unnoticed,"BLS, ACLS, TB tests, fit tests, OSHA cards and trade licenses each expire on different dates, and staff only find out when HR pulls them off the schedule.","healthcare staff, contractors, field technicians",occasional,4,5,"Calendar reminders set inconsistently, HR nag emails",knowledge,,
1643,specialized,"Nurses, teachers & tradespeople",Licensing & compliance,Multi-state license renewal chaos,"Travel nurses and multi-state contractors hold licenses in several states with different renewal dates, fees, fingerprinting and CE rules and keep missing one.","travel nurses, multi-state electricians and plumbers",occasional,4,5,"Spreadsheet, agency recruiter reminders",knowledge,,
1644,specialized,"Nurses, teachers & tradespeople",Licensing & compliance,Permit and inspection scheduling,"Contractors juggle permit applications, inspection appointments and inspector callbacks across multiple jurisdictions with different portals, and a missed inspection stalls the job.","electricians, plumbers, general contractors",weekly,4,4,"Calendar entries, calling the building department, sticky notes on the dashboard",knowledge,,
1645,specialized,"Nurses, teachers & tradespeople",Licensing & compliance,Redoing onboarding paperwork every contract,"Travel and agency staff re-submit the same immunization records, skills checklists, references and background forms for every 13-week assignment.","travel nurses, agency clinicians, locum staff",occasional,4,4,"Personal PDF folder in cloud storage, emailing the recruiter",knowledge,,
1646,specialized,"Nurses, teachers & tradespeople",Licensing & compliance,Tracking CEUs across renewal cycles,Licensed professionals collect continuing-education certificates from many providers and scramble at renewal time to find them and confirm they meet each state's category rules.,"nurses, therapists, electricians, teachers, plumbers",occasional,4,5,"Email folder, physical binder, spreadsheet",knowledge,,
1647,specialized,"Nurses, teachers & tradespeople",Licensing & compliance,Daily safety toolbox talk paperwork,"Crews must document a daily safety briefing and job hazard analysis on paper, get everyone to sign, and turn it in, and the forms are often lost or filled out at the end of the week.",construction crews and foremen,daily,3,5,"Paper forms on a clipboard, photos of forms texted to the office",knowledge,,
1648,specialized,"Nurses, teachers & tradespeople",Licensing & compliance,Looking up code requirements on site,"Electricians and plumbers need to confirm a wire gauge, box fill, venting rule or local amendment while on a ladder and end up flipping through a paper codebook or forum posts.","electricians, plumbers, HVAC installers",weekly,3,4,"Paper codebook in the truck, Google, asking a coworker",knowledge,,
1649,specialized,"Nurses, teachers & tradespeople",Licensing & compliance,Studying for boards during clinical shifts,New graduates and students preparing for NCLEX or a trade licensing exam have only scattered minutes between tasks and cannot fit in structured study.,"nursing students, apprentices, new graduates",daily,3,4,"Flashcard apps, question banks, cramming on days off",knowledge,,
1650,specialized,"Nurses, teachers & tradespeople",Parent & family communication,Parent messages at all hours,"Parents text and email teachers at night and on weekends through several channels and expect immediate replies, and teachers have no way to batch, log or set boundaries on it.",K-12 teachers,daily,4,4,"Separate apps like ClassDojo or Remind, personal email rules",knowledge,,
1651,specialized,"Nurses, teachers & tradespeople",Parent & family communication,Keeping a paper trail of parent contacts,"Administrators ask 'when did you contact the parent?' and teachers must dig through emails, call logs and memory to prove they reached out about a struggling student.",K-12 teachers and counselors,weekly,3,5,"Spreadsheet contact log, notes in the SIS",knowledge,,
1652,specialized,"Nurses, teachers & tradespeople",Parent & family communication,Scheduling parent-teacher conferences,"Setting up conference slots for 30 to 150 families means back-and-forth emails, double bookings, no-shows and families who need a translator or a phone slot.",K-12 teachers,occasional,3,5,"Sign-up sheets, SignUpGenius, paper forms sent home",knowledge,,
1653,specialized,"Nurses, teachers & tradespeople",Parent & family communication,Translating messages for non-English families,Teachers need to send notes home to families who speak a dozen languages and rely on students to interpret or on machine translation that mangles school terms.,teachers in linguistically diverse schools,weekly,3,4,"Google Translate, bilingual aides, sending English only",knowledge,,
1654,specialized,"Nurses, teachers & tradespeople","Quotes, invoicing & payment",Chasing overdue invoices from customers,"Small contractors finish a job, send an invoice and then spend weeks texting and calling customers who pay late or dispute the amount, straining cash flow.","plumbers, electricians, landscapers, handymen",weekly,5,5,"Manual reminder texts, taking deposits, late fees rarely enforced",knowledge,,
1655,specialized,"Nurses, teachers & tradespeople","Quotes, invoicing & payment",Job costing after the fact,"Contractors do not know whether a job actually made money because labor hours, supply-house receipts and fuel are scattered across receipts, texts and memory.",small contracting businesses,weekly,4,5,"Shoebox of receipts, QuickBooks entered weeks later",knowledge,,
1656,specialized,"Nurses, teachers & tradespeople","Quotes, invoicing & payment",Missing the tax deadline for 1099 contractors,Self-employed tradespeople get surprised by quarterly estimated taxes because they never set aside a percentage of each payment as it comes in.,self-employed contractors and subcontractors,occasional,4,4,"Separate savings account, accountant reminders",knowledge,,
1657,specialized,"Nurses, teachers & tradespeople","Quotes, invoicing & payment",Unbilled change orders and extras,"Customers ask for 'one more thing' mid-job, the crew does it, and nobody writes it down, so the extra work is forgotten at invoicing or disputed later.","remodelers, electricians, general contractors",weekly,4,5,"Texts to the customer, verbal agreement, scribbles on the original quote",knowledge,,
1658,specialized,"Nurses, teachers & tradespeople","Quotes, invoicing & payment",Wasting the day on no-show estimates,"Contractors drive across town to quote a job and the homeowner is not home, has already hired someone else, or only wanted a free price to check their other bid.","plumbers, electricians, HVAC and remodel contractors",weekly,4,4,"Confirmation call the morning of, charging a trip fee",knowledge,,
1659,specialized,"Nurses, teachers & tradespeople","Quotes, invoicing & payment",Writing quotes at night from memory,"After a day in the field the tradesperson sits at the kitchen table trying to remember measurements, materials and photos from each site visit to write up estimates.",solo contractors and small trade businesses,daily,4,5,"Phone photos, notebook, voice memos, generic estimate templates",knowledge,,
1660,specialized,"Nurses, teachers & tradespeople",Shift scheduling & swaps,Self-scheduling published too late,"The unit schedule comes out only a week or two before it starts, so staff cannot book childcare, appointments or travel without guessing.",hospital nurses and respiratory therapists,monthly,4,4,"Asking the scheduler informally, screenshotting draft schedules",knowledge,,
1661,specialized,"Nurses, teachers & tradespeople",Shift scheduling & swaps,Tracking hours for overtime and differentials,"Paychecks routinely miss night, weekend or charge differentials and missed-break pay, and staff have no easy way to reconstruct exactly what they worked to dispute it.",shift-based healthcare workers,monthly,4,5,"Photos of the badge-clock screen, personal notes app, spreadsheet",knowledge,,
1662,specialized,"Nurses, teachers & tradespeople",Shift scheduling & swaps,Being called off or floated last minute,"Staff get a call two hours before a shift saying they are cancelled or floated to another unit, with no visibility into how call-offs are being rotated fairly.",hospital nurses and per-diem staff,weekly,3,3,"Personal tally of call-offs, complaining to the manager",knowledge,,
1663,specialized,"Nurses, teachers & tradespeople",Shift scheduling & swaps,Juggling multiple per-diem agency apps,"Per-diem nurses and CNAs check four different staffing apps and portals each day to find open shifts, each with its own login, pay rate and cancellation rules.",per-diem and agency healthcare workers,daily,3,4,"Manually checking each app, screenshots, a notes list of which app pays what",knowledge,,
1664,specialized,"Nurses, teachers & tradespeople",Wellbeing & burnout,Debriefing after a traumatic shift,"After a code, a patient death or a violent incident, staff go home with no structured way to process it, and formal EAP support feels inaccessible and slow.","ER, ICU and hospice staff, first responders",occasional,5,3,"Venting to coworkers, online nursing communities",knowledge,,
1665,specialized,"Nurses, teachers & tradespeople",Wellbeing & burnout,No time to eat or drink on shift,"Twelve-hour shifts routinely pass without a real break, and staff realize at 6 p.m. they have not eaten or used the restroom since morning.","nurses, techs, teachers with no planning period",daily,4,2,"Pocket snacks, charting a missed break for pay",knowledge,,
1666,specialized,"Nurses, teachers & tradespeople",Wellbeing & burnout,Sleep wrecked by rotating night shifts,"Nurses rotating between day and night shifts cannot figure out when to sleep, eat or take medication, and feel permanently jet-lagged.",night-shift and rotating healthcare staff,weekly,4,3,"Blackout curtains, melatonin, trial and error",knowledge,,
1667,specialized,"Nurses, teachers & tradespeople",Wellbeing & burnout,Body-aches and injury tracking for physical work,"Nurses and tradespeople develop back, knee and shoulder problems from repetitive work but never log the strains, so by the time it is a workers' comp claim there is no history.","nurses, CNAs, construction and trade workers",weekly,3,3,"Ignoring it, occasional doctor visit",knowledge,,
1668,specialized,"Nurses, teachers & tradespeople",Wellbeing & burnout,Tracking uncompensated after-hours teacher work,"Teachers do hours of grading, planning, club supervision and emails outside contract time and have no record to support workload complaints or union bargaining.",K-12 teachers,daily,3,4,"Rough estimates, occasional union surveys",knowledge,,
1669,specialized,"Dating, weddings & events",Attending as a guest,Coordinating rides to the venue,"Guests staying at the same hotel each book separate rideshares to a remote venue, then scramble for a ride back after the shuttle leaves.",wedding and event guests,occasional,3,4,Ask in the group chat who is driving,knowledge,,
1670,specialized,"Dating, weddings & events",Attending as a guest,Hotel room block deadline missed,Guests forget the cut-off date for the discounted wedding hotel block and end up paying full rate or staying far from the venue.,wedding guests travelling to a wedding,occasional,3,4,None; rely on the couple sending a reminder,knowledge,,
1671,specialized,"Dating, weddings & events",Attending as a guest,Too many weddings in one summer,"Guests invited to five or six weddings in a season cannot see the combined cost of travel, gifts, outfits and time off before committing, and end up overspending.",people in their late twenties and thirties,monthly,3,4,Rough mental math and regret,knowledge,,
1672,specialized,"Dating, weddings & events",Attending as a guest,Wedding invitation details buried in email,"Guests receive the venue address, hotel block code, dress code and schedule in scattered emails, texts and cards, and cannot find them on the day.",wedding guests,occasional,3,4,Search email inbox in the taxi,knowledge,,
1673,specialized,"Dating, weddings & events",Dating logistics,Endless back-and-forth to pick a date time,"Scheduling a first date takes days of 'how about Thursday?' messages because neither person's availability is visible to the other, and the match often fizzles before a time is agreed.",people using dating apps,weekly,4,5,Propose two or three slots by text and hope one sticks,knowledge,,
1674,specialized,"Dating, weddings & events",Dating logistics,No safe way to share date details,"People want a friend to know where they are, who they are meeting and when they should be home, but doing it means manually texting screenshots and remembering to check in afterwards.","people meeting online matches in person, especially women",weekly,4,5,Text a friend the match's name and share live location manually,knowledge,,
1675,specialized,"Dating, weddings & events",Dating logistics,Choosing a first-date venue every time,"Each new date requires researching a bar or cafe that is quiet, mid-priced, roughly halfway between both people and open at the right hour, and the research restarts from zero every time.",active daters in cities,weekly,3,5,Keep reusing the same two default spots,knowledge,,
1676,specialized,"Dating, weddings & events",Dating logistics,Deciding who pays on a date,"The moment the bill arrives is awkward every time: nobody knows whether to split, alternate or let one person cover it, and there is no agreed norm to fall back on.",daters of all ages,weekly,3,2,Offer to split and read the reaction,knowledge,,
1677,specialized,"Dating, weddings & events",Dating logistics,Forgetting details before a second date,"Before a second or third date, people cannot remember the other person's sibling names, job title or the story they told, and asking again looks like not listening.",people in early dating,weekly,3,4,Re-read the app chat history or wing it,knowledge,,
1678,specialized,"Dating, weddings & events",Dating logistics,Losing track of multiple conversations,"When talking to several matches across two or three apps, people forget who mentioned what, which one they already asked about their job, and which conversation went cold.",people dating on more than one app,daily,3,4,"Scroll back through chats before replying, or keep a notes-app list",knowledge,,
1679,specialized,"Dating, weddings & events",Dating logistics,Running out of date ideas,"Couples default to dinner and a movie because thinking of something new that fits budget, weather and both people's energy on a given evening is a chore in itself.","couples, especially long-term ones",weekly,3,4,Google 'date ideas near me' and pick the first result,knowledge,,
1680,specialized,"Dating, weddings & events",Dating logistics,Scheduling dates around two calendars,Couples with different work schedules or shift patterns struggle to find overlapping free evenings and end up going weeks without a proper date.,couples with shift work or busy jobs,weekly,3,4,Compare screenshots of calendars over text,knowledge,,
1681,specialized,"Dating, weddings & events",Dating logistics,Cancelling a date politely and on time,"When plans need to change, people put off the awkward cancellation message until the last minute, wasting the other person's evening.",people in early dating,monthly,2,2,Ghost or send a late apology,knowledge,,
1682,specialized,"Dating, weddings & events",Gifts and registries,Deciding how much to give as a gift,"Guests agonise over the appropriate cash gift or registry amount for each wedding, which varies by relationship, region and whether they are bringing a plus-one.",wedding guests,occasional,3,3,Ask friends or search online etiquette guides,knowledge,,
1683,specialized,"Dating, weddings & events",Gifts and registries,Group gift collection is awkward,"Pooling money from coworkers or friends for a big gift means one person collecting cash and IOUs, nagging people who forgot, and fronting the shortfall.",coworkers and friend groups,monthly,3,5,Envelope passed around the office or a Venmo request thread,knowledge,,
1684,specialized,"Dating, weddings & events",Gifts and registries,Registry split across multiple stores,"Couples want items from several retailers, but managing registries in three places means guests buy duplicates and the couple cannot see one combined list of what was purchased.",engaged couples and shower hosts,occasional,3,5,Universal registry sites with inconsistent syncing,knowledge,,
1685,specialized,"Dating, weddings & events",Gifts and registries,Remembering friends' birthdays and anniversaries,"Without Facebook reminders, people miss close friends' birthdays or discover an anniversary the day of, with no time to get a gift or plan anything.",adults maintaining friendships,monthly,3,5,Manual calendar entries that are incomplete,knowledge,,
1686,specialized,"Dating, weddings & events",Gifts and registries,Wedding thank-you note tracking,"After the wedding, couples cannot remember who gave which gift, which cards have been written and which addresses are missing, so notes go out months late or not at all.",newlyweds,occasional,3,5,"Notebook by the gift table, often incomplete",knowledge,,
1687,specialized,"Dating, weddings & events",Group trips,Group trip dies in the planning stage,"A friend-group trip gets enthusiastic agreement in the chat, then stalls for months because nobody commits to dates or a deposit and no one wants to be the organiser.",friend groups planning holidays,occasional,4,4,One person takes charge and books it or the trip never happens,knowledge,,
1688,specialized,"Dating, weddings & events",Group trips,Trip itinerary scattered across apps,"Flight confirmations, the Airbnb address, restaurant bookings and activity tickets for a group trip live in different inboxes and apps, so nobody but the organiser knows the plan.",group travellers,occasional,4,5,A shared Google Doc or a long pinned message,knowledge,,
1689,specialized,"Dating, weddings & events",Group trips,Group votes on trip decisions,"Choosing the destination, the rental house and the activities requires consensus among eight people, and the group chat produces opinions but never a decision.",friend groups planning trips,occasional,3,4,Emoji reactions on options or the loudest person decides,knowledge,,
1690,specialized,"Dating, weddings & events",Group trips,Herding the group on the trip itself,"Once on the trip, gathering everyone for a reservation or departure means calling each person to find out where they are and when they will be ready.",group trip organisers,occasional,3,4,Repeated messages and location sharing,knowledge,,
1691,specialized,"Dating, weddings & events",Group trips,Packing and shared item duplication,"On a group camping or beach trip, three people bring speakers and nobody brings a first-aid kit because there is no shared list of who brings what.",group trip participants,occasional,2,5,A message asking 'who has a cooler?',knowledge,,
1692,specialized,"Dating, weddings & events",Parties and hosting,Dietary restrictions collected too late,"Hosts find out about vegan, gluten-free or allergy needs on the day, after the food has been cooked or the caterer has been paid.",dinner party and event hosts,monthly,4,5,Ask in the group chat and hope everyone replies,knowledge,,
1693,specialized,"Dating, weddings & events",Parties and hosting,Headcount unknown until the last minute,"Hosts have to buy food and drink for a party without knowing whether 8 or 25 people will actually turn up, because 'maybe' and silence are the most common responses.",people hosting home parties,monthly,4,5,Over-buy and eat leftovers for a week,knowledge,,
1694,specialized,"Dating, weddings & events",Parties and hosting,Party supply quantity guesswork,"Hosts do not know how much food, ice, drink and how many cups to buy for a given number of guests and party length, and consistently get it wrong.",home party hosts,monthly,3,4,Search 'how much alcohol for 30 people' each time,knowledge,,
1695,specialized,"Dating, weddings & events",Parties and hosting,Potluck dish coordination,"Without a sign-up, potlucks end up with six desserts, no mains and three people bringing the same pasta salad.",potluck hosts and attendees,monthly,3,5,A group text asking 'what is everyone bringing?',knowledge,,
1696,specialized,"Dating, weddings & events",Parties and hosting,Recurring game night scheduling,"A standing board-game or poker night requires a poll every single week to find a night that works for at least four people, and it often gets cancelled.",friend groups with regular meetups,weekly,3,5,WhatsApp poll every week,knowledge,,
1697,specialized,"Dating, weddings & events",Parties and hosting,Surprise party secrecy breaks,"Organising a surprise party requires a guest list and chat that excludes exactly one person, and someone always adds them or mentions it in a shared thread.",friends and family planning surprise parties,occasional,3,4,Create a separate group chat and remind everyone to be quiet,knowledge,,
1698,specialized,"Dating, weddings & events",Parties and hosting,Collaborative party playlist arguments,"Guests want to add songs at a party but only the host's phone is connected, so the phone gets passed around and the music stops or someone deletes the queue.",party hosts and guests,monthly,2,5,Shared Spotify collaborative playlist made in advance,knowledge,,
1699,specialized,"Dating, weddings & events",RSVPs and invitations,Chasing guests who never RSVP,"A third of invitees never respond by the deadline, and the couple has to personally message each one while the caterer waits for a final headcount.",couples and event hosts,weekly,5,5,Manual text or call to each non-responder,knowledge,,
1700,specialized,"Dating, weddings & events",RSVPs and invitations,Guests say yes then flake,"People who confirmed drop out on the day with no notice, leaving hosts with empty seats, wasted food and rearranged plans.",hosts of dinners and parties,monthly,4,3,Send a reminder the day before and hope,knowledge,,
1701,specialized,"Dating, weddings & events",RSVPs and invitations,Kids' party RSVPs from unknown parents,"Parents invite a whole class but do not have the other parents' contact details, so RSVPs trickle in through paper slips, the teacher or not at all.",parents of school-age children,occasional,4,5,Paper invitations in backpacks and a class WhatsApp group,knowledge,,
1702,specialized,"Dating, weddings & events",RSVPs and invitations,Doodle polls that nobody fills in,"Hosts send a date poll and half the group never votes, so the organiser picks a date anyway and then gets complaints from the silent majority.",anyone organising a group outing,weekly,3,4,Nag individually or decide unilaterally,knowledge,,
1703,specialized,"Dating, weddings & events",RSVPs and invitations,Facebook events unusable for non-users,"Hosts who create a Facebook event cannot reach friends who left Facebook, and those friends miss out on updates and the RSVP entirely.",hosts with friends off social media,monthly,3,5,Duplicate the event in a text thread,knowledge,,
1704,specialized,"Dating, weddings & events",RSVPs and invitations,Guests forgetting the event exists,"People RSVP yes to a party three weeks out and then simply forget, because it never made it into their calendar.",event hosts and guests,monthly,3,5,Host sends a reminder text the day before,knowledge,,
1705,specialized,"Dating, weddings & events",RSVPs and invitations,Invitation buried in the group chat,"Party details posted in a busy group chat scroll out of view within hours, so people keep asking 'what time again?' and 'what's the address?'.",friend groups organising via messaging apps,weekly,3,5,Pin the message or repost it repeatedly,knowledge,,
1706,specialized,"Dating, weddings & events",RSVPs and invitations,Invite spam and hidden ads,"Free invitation services plaster ads on the invite, sell guest emails and send marketing to the guest list, embarrassing the host.",people using free e-invite tools,monthly,3,4,Pay for premium or design a graphic in Canva and text it,knowledge,,
1707,specialized,"Dating, weddings & events",RSVPs and invitations,Invites that need an account to open,"Invitation platforms force guests to create an account or download an app just to see the details or RSVP, so older relatives and casual friends give up.",event hosts and their guests,monthly,3,5,Send a plain text with the info instead,knowledge,,
1708,specialized,"Dating, weddings & events",RSVPs and invitations,Plus-one confusion on invitations,"Guests cannot tell whether their invitation includes a partner or children, and hosts field awkward questions or get surprise extra attendees.",wedding and formal event hosts and guests,occasional,3,4,Address envelopes very carefully and answer texts,knowledge,,
1709,specialized,"Dating, weddings & events",Shared expenses,Fronting the group Airbnb deposit,One person pays the full accommodation up front for the group and carries hundreds or thousands of dollars of risk while others pay back late or drop out.,group trip organisers,occasional,5,5,Splitwise and repeated reminders,knowledge,,
1710,specialized,"Dating, weddings & events",Shared expenses,Bachelor party cost disputes,"One organiser fronts the Airbnb, the activities and the bar tab for a bachelor or bachelorette weekend, then spends weeks chasing repayment from people who dispute what they owe.",bachelor/bachelorette party organisers,occasional,4,5,Splitwise or a spreadsheet plus repeated Venmo requests,knowledge,,
1711,specialized,"Dating, weddings & events",Shared expenses,Late joiners and early leavers split,"When some people join a trip for only two of five nights, working out a fair share of accommodation, groceries and the rental car becomes a spreadsheet nightmare.",group travellers with partial attendance,occasional,4,5,Manual per-night calculations in a spreadsheet,knowledge,,
1712,specialized,"Dating, weddings & events",Shared expenses,Chasing friends for small debts,"Being owed $12 here and $30 there by several friends adds up, but sending reminders feels petty so people silently absorb the loss.",the friend who usually pays first,weekly,3,4,Let it go or send a passive-aggressive Venmo request,knowledge,,
1713,specialized,"Dating, weddings & events",Shared expenses,Expense app fees and paywalls,"Popular bill-splitting apps now limit the number of expenses per day or put basic features behind a subscription, so groups revert to spreadsheets mid-trip.",users of bill-splitting apps,monthly,3,5,Switch apps or use a shared note,knowledge,,
1714,specialized,"Dating, weddings & events",Shared expenses,Group members not on the same payment app,"Settling up fails because one friend only has PayPal, another only Venmo, and the international friend has neither, so debts linger for months.","mixed friend groups, especially cross-border",monthly,3,3,Cash next time you meet,knowledge,,
1715,specialized,"Dating, weddings & events",Shared expenses,Multi-currency trip expense tracking,"On a trip abroad, expenses get paid in different currencies by different people with different cards, and reconciling who owes whom in home currency is error-prone.",friends travelling internationally,occasional,3,5,Estimate exchange rates and round,knowledge,,
1716,specialized,"Dating, weddings & events",Shared expenses,Splitting a restaurant bill by item,"A group of ten wants to pay only for what they ordered plus a share of shared plates, tax and tip, and the maths takes ten minutes while the server waits.",friends eating out in groups,weekly,3,5,One person pays and everyone Venmos a rough amount,knowledge,,
1717,specialized,"Dating, weddings & events",Shared expenses,Uneven room assignment and cost,"In a rented house one couple gets the master suite and one person gets the sofa, but everyone is asked to pay the same share, causing resentment.",friends sharing holiday rentals,occasional,3,4,Awkward negotiation in the chat or just split evenly,knowledge,,
1718,specialized,"Dating, weddings & events",Wedding planning,Wedding budget spirals out of control,"Couples set a wedding budget, then hundreds of small line items (postage, tips, alterations, favors) push the total far past it before anyone notices.",engaged couples,weekly,5,5,A shared spreadsheet that quickly goes stale,knowledge,,
1719,specialized,"Dating, weddings & events",Wedding planning,Bridesmaid group chat chaos,"Bridal-party planning (dress orders, bachelorette dates, shower duties, cost splits) happens in a single group chat where decisions get buried under hundreds of messages.","bridesmaids, groomsmen and maids of honour",weekly,4,4,Pin messages or make a separate Google Doc nobody updates,knowledge,,
1720,specialized,"Dating, weddings & events",Wedding planning,Collecting mailing addresses for invitations,"Getting a current postal address for 150 guests means individually texting people, and the replies arrive in different formats over several weeks.",couples sending paper invitations,occasional,4,5,Text everyone one by one and paste replies into a sheet,knowledge,,
1721,specialized,"Dating, weddings & events",Wedding planning,Comparing vendor quotes apples-to-apples,"Photographer or caterer quotes each bundle different things (hours, travel, second shooter, tax, service charge), so comparing five of them fairly takes an evening of manual normalisation.",couples booking wedding vendors,occasional,4,4,Build a comparison spreadsheet by hand,knowledge,,
1722,specialized,"Dating, weddings & events",Wedding planning,Day-of timeline shared with vendors,"The wedding-day schedule changes repeatedly and the photographer, DJ, caterer and bridal party each end up with a different version.","couples, planners and bridal parties",occasional,4,4,Emailing a PDF timeline and re-emailing on every change,knowledge,,
1723,specialized,"Dating, weddings & events",Wedding planning,Guest list trapped in a messy spreadsheet,"The wedding guest list lives in a spreadsheet with inconsistent names, missing addresses, plus-one uncertainty and duplicate rows from both families editing it.",engaged couples and parents,weekly,4,5,Google Sheets with colour-coded columns,knowledge,,
1724,specialized,"Dating, weddings & events",Wedding planning,Seating chart that keeps changing,"Every late RSVP, cancellation or family feud forces the seating chart to be reshuffled, and paper or sticky-note versions cannot keep up with the changes.",couples and wedding planners,weekly,4,5,Sticky notes on poster board or a spreadsheet,knowledge,,
1725,specialized,"Dating, weddings & events",Wedding planning,Tracking vendor deposits and due dates,"Each wedding vendor has its own deposit, balance due date, contract and contact person, and missing one payment or notice deadline can void a booking.",engaged couples and their planners,weekly,4,5,Calendar reminders plus a folder of PDF contracts,knowledge,,
1726,specialized,"Dating, weddings & events",Wedding planning,Venue and vendor availability checking,"Finding a venue means emailing twenty places to ask whether a given Saturday is free, waiting days for replies, and discovering the good ones are booked a year out.",couples and large-event planners,occasional,4,4,Mass emails and phone calls,knowledge,,
1727,specialized,"Dating, weddings & events",Wedding planning,Guests ignore the wedding website,"Couples put hotel blocks, dress code and schedule on a wedding website, yet still field the same questions by text dozens of times because guests never open it.",engaged couples,weekly,3,3,Copy-paste the same answer to each guest,knowledge,,
1728,specialized,Sustainability & energy,Energy bills,Energy bill higher than expected,"The monthly bill jumps and there is no way to tell whether it was the heating, the dryer, a rate change, or a meter misread.",bill-paying households,monthly,4,4,compare last year's bill and shrug,knowledge,,
1729,specialized,Sustainability & energy,Energy bills,Estimated bills instead of actual readings,"Utilities bill on estimates for months, then send a huge catch-up bill when a real reading is finally taken.",households without smart meters,monthly,4,4,submit meter readings manually and remember to do it every month,knowledge,,
1730,specialized,Sustainability & energy,Energy bills,Fixed-rate contract ending unnoticed,"A cheap fixed tariff quietly rolls onto an expensive variable rate when it ends, and the customer only notices after paying more for months.",energy customers on fixed-term plans,occasional,4,5,"calendar reminder set a year ahead, if remembered",knowledge,,
1731,specialized,Sustainability & energy,Energy bills,Splitting utilities among housemates,"Utility bills arrive in one person's name and dividing them fairly, chasing payments, and handling someone who moved out mid-cycle is a recurring argument.",renters sharing a house,monthly,4,5,spreadsheet and group-chat reminders,knowledge,,
1732,specialized,Sustainability & energy,Energy bills,Utility tariffs impossible to compare,"Comparing electricity or gas plans means decoding standing charges, unit rates, time-of-use bands, exit fees, and promotional credits that all differ in structure.",anyone shopping for an energy supplier,occasional,4,5,comparison sites that push sponsored deals,knowledge,,
1733,specialized,Sustainability & energy,Energy bills,Direct debit set far above usage,"The supplier sets the monthly payment well above actual consumption, building a large credit balance that is hard to get refunded.",energy customers paying by direct debit,monthly,3,4,argue with customer service to lower the amount,knowledge,,
1734,specialized,Sustainability & energy,Energy bills,Remembering to submit meter readings,"Meter readings must be submitted in a narrow window each month, the meter is in an awkward cupboard, and forgetting means another estimated bill.",households on manual meter reading,monthly,3,5,phone reminders and photographing the meter,knowledge,,
1735,specialized,Sustainability & energy,Energy usage,Heating schedule does not match life,"The thermostat runs the same schedule every day even when the house is empty, and adjusting it for a changing shift pattern is fiddly.",households with programmable heating,daily,3,4,manually turn heating on and off,knowledge,,
1736,specialized,Sustainability & energy,Energy usage,Time-of-use rates hard to act on,"On a time-of-use tariff the cheap hours change by season and weekday, and nobody remembers when to run the dishwasher or charge the car.",households on time-of-use or dynamic pricing,daily,3,5,a sticky note on the appliance,knowledge,,
1737,specialized,Sustainability & energy,Energy usage,Which appliance eats the electricity,"Total consumption is known from the meter but nobody can tell whether the old fridge, the tumble dryer, or the always-on gaming PC is the real culprit.",households trying to cut electricity use,monthly,3,4,buy a plug-in power meter and test appliances one by one,knowledge,,
1738,specialized,Sustainability & energy,Energy usage,Is my usage normal for my home,"People do not know whether their consumption is high or low for a home of their size and household count, so they cannot tell if there is a problem.",energy-conscious households,monthly,2,4,ask on forums with wildly different answers,knowledge,,
1739,specialized,Sustainability & energy,Energy usage,Smart meter display is useless,"The in-home display shows a live number in pounds or kilowatts but gives no history, no comparison, and no idea what is normal.",households with smart meters,daily,2,4,ignore the display,knowledge,,
1740,specialized,Sustainability & energy,Energy usage,Standby power drain unnoticed,"Chargers, TVs, consoles, and set-top boxes draw power all day and people have no sense of how much that adds to the bill.",gadget-heavy households,daily,2,3,switch everything off at the wall occasionally,knowledge,,
1741,specialized,Sustainability & energy,Home efficiency,Landlord will not fix draughts or insulation,Renters pay high heating bills for a poorly insulated flat and have no leverage or evidence to push the landlord to improve it.,renters in older housing,monthly,4,2,draught excluders and extra jumpers,knowledge,,
1742,specialized,Sustainability & energy,Home efficiency,Efficiency upgrades: which pays off,"Choosing between loft insulation, a heat pump, new windows, or solar is a guessing game without knowing costs, savings, and payback for this specific house.",homeowners planning improvements,occasional,3,4,get three quotes and trust the salesperson,knowledge,,
1743,specialized,Sustainability & energy,Home efficiency,Rebates and grants too hard to find,"Government and utility rebates for insulation, heat pumps, or efficient appliances exist but eligibility rules, deadlines, and paperwork are scattered and confusing.",homeowners buying appliances or upgrades,occasional,3,5,"miss the rebate, or find out after purchase",knowledge,,
1744,specialized,Sustainability & energy,Home efficiency,Solar output and payback tracking,"Solar owners cannot easily see whether panels are generating what was promised, how much is exported, and whether the system is on track to pay back.",households with rooftop solar,monthly,3,4,inverter app with confusing graphs,knowledge,,
1745,specialized,Sustainability & energy,Home efficiency,Energy performance rating means nothing,A home's efficiency certificate lists recommendations but gives no sense of what they would actually cost or save for the current occupants.,home buyers and renters,occasional,2,3,ignore the certificate,knowledge,,
1746,specialized,Sustainability & energy,Home efficiency,Using solar power at the right time,Households with solar but no battery want to run the washing machine when the sun is out but cannot predict generation or remember to check.,households with rooftop solar,daily,2,4,look at the sky and guess,knowledge,,
1747,specialized,Sustainability & energy,Recycling rules,Not knowing if an item is recyclable,"Standing at the bin holding a coffee cup lid, a pizza box, or a chip bag and having no idea whether it goes in recycling or trash for this specific town.",anyone sorting household waste,daily,3,5,"guess, or search the council/city website each time",knowledge,,
1748,specialized,Sustainability & energy,Recycling rules,Recycling rules change after moving,"Every city, county, or building has different recycling rules, so what was fine in the last place gets a whole bin rejected in the new one.",people who recently moved or travel between homes,occasional,3,5,dig through the new municipality's PDF or ask neighbours,knowledge,,
1749,specialized,Sustainability & energy,Recycling rules,Where to drop off hard-to-recycle items,"Batteries, light bulbs, paint, electronics, plastic film, textiles, and styrofoam cannot go in the curbside bin, and finding a nearby drop-off point with current hours is a research project each time.",anyone clearing out a drawer or garage,monthly,3,5,a bag of dead batteries accumulates in a drawer for years,knowledge,,
1750,specialized,Sustainability & energy,Recycling rules,Plastic resin number confusion,"The triangle with a number on plastic looks like a recycling symbol but does not mean the item is accepted locally, and nobody knows which numbers their program takes.",households trying to recycle correctly,weekly,2,5,throw all plastic in recycling and hope (wish-cycling),knowledge,,
1751,specialized,Sustainability & energy,Repair,Repair or replace decision,"When the washing machine or laptop breaks, there is no way to know if repair is worth it compared to the price and lifespan of a replacement.",anyone with a broken appliance or device,occasional,4,4,get a diagnostic quote and guess,knowledge,,
1752,specialized,Sustainability & energy,Repair,Appliance maintenance forgotten,"Descaling the kettle, cleaning the dryer vent, changing the water filter, and servicing the boiler all get forgotten until something fails.",homeowners and renters,monthly,3,5,notice when performance drops,knowledge,,
1753,specialized,Sustainability & energy,Repair,Finding a trustworthy local repairer,"Finding someone who repairs shoes, phones, vacuums, or bikes nearby, with fair prices and real reviews, is harder than buying new.",people wanting to repair rather than replace,occasional,3,5,Google Maps and asking on local groups,knowledge,,
1754,specialized,Sustainability & energy,Repair,Identifying the right spare part,"Finding the exact replacement belt, filter, seal, or screen for an appliance model requires locating a model number plate and decoding part diagrams.",DIY repairers,occasional,3,5,photograph the label and search part sites,knowledge,,
1755,specialized,Sustainability & energy,Repair,Losing manuals and warranty info,"When something breaks nobody can find the receipt, the warranty end date, or the manual, so warranty claims are missed.",households with many appliances and gadgets,occasional,3,5,a drawer full of paper manuals and a hunt through email,knowledge,,
1756,specialized,Sustainability & energy,Repair,Clothing repair and alterations,A broken zip or torn seam means the garment sits in a pile for months because finding a tailor and knowing what it should cost is unclear.,anyone with damaged clothing,monthly,2,4,throw it out or attempt a YouTube fix,knowledge,,
1757,specialized,Sustainability & energy,Repair,Repair cafés hard to discover,"Volunteer repair cafés fix things for free but run on irregular dates in community halls, so most people never hear about them.",people with broken small appliances or clothing,occasional,2,4,none,knowledge,,
1758,specialized,Sustainability & energy,Secondhand buying & selling,Cross-posting secondhand listings,"Selling an item means writing the same listing and uploading the same photos on Marketplace, eBay, Vinted, Craigslist, and Gumtree, then deleting all of them when it sells.",people selling used goods,monthly,4,5,"copy-paste, or list on only one platform",knowledge,,
1759,specialized,Sustainability & energy,Secondhand buying & selling,Marketplace buyers who ghost or lowball,"Most messages are 'is this available?' followed by silence, no-shows at the agreed time, or offers at a third of the price.",people selling on local marketplaces,weekly,4,3,keep several buyers lined up and expect no-shows,knowledge,,
1760,specialized,Sustainability & energy,Secondhand buying & selling,Marketplace scam messages,"Sellers and buyers are bombarded with fake payment links, overpayment scams, and 'send a verification code' tricks and cannot tell genuine buyers from fraudsters.",anyone on classified marketplaces,weekly,4,4,"cash only, meet in public, block suspicious accounts",knowledge,,
1761,specialized,Sustainability & energy,Secondhand buying & selling,Borrowing tools instead of buying,"A drill or carpet cleaner is needed once a year, and there is no easy way to find a neighbour or tool library that will lend one.",homeowners and renters doing occasional DIY,occasional,3,4,buy it and let it gather dust,knowledge,,
1762,specialized,Sustainability & energy,Secondhand buying & selling,Donating items nobody will take,"Charity shops reject furniture without fire labels, mattresses, and old electronics, and finding a place that accepts a specific item takes hours.",people decluttering or moving,occasional,3,4,drive around several shops or leave it on the kerb,knowledge,,
1763,specialized,Sustainability & energy,Secondhand buying & selling,Giving items away for free,"Buy-nothing groups and freecycle threads involve dozens of comments, picking a recipient, and porch pickups that never happen.",people giving away household items,monthly,3,4,Facebook groups with first-come-first-served chaos,knowledge,,
1764,specialized,Sustainability & energy,Secondhand buying & selling,Missing good secondhand deals,"Wanting a specific used item (a particular bike frame, a KitchenAid, a desk) means checking several apps daily because good listings go in minutes.",bargain hunters,daily,3,5,"saved searches on each app, refreshed compulsively",knowledge,,
1765,specialized,Sustainability & energy,Secondhand buying & selling,Pricing a used item,"No idea what a used bike, pram, or sofa actually sells for locally, so items either sit unsold for weeks or go for far too little.",casual sellers,monthly,3,5,scan sold listings by hand,knowledge,,
1766,specialized,Sustainability & energy,Secondhand buying & selling,Thrift stores are hit and miss,"Thrifting a specific size or item means visiting many stores with no inventory search, so trips often yield nothing.",thrift shoppers,weekly,2,3,visit regularly and hope,knowledge,,
1767,specialized,Sustainability & energy,Sustainable habits,Greenwashing claims on products,"Shoppers cannot tell whether 'eco', 'natural', or 'carbon neutral' labels mean anything and have no quick way to verify a product's actual credentials.",shoppers trying to buy sustainably,weekly,2,3,trust the label or ignore it,knowledge,,
1768,specialized,Sustainability & energy,Sustainable habits,Sustainable choices feel invisible,"Cycling, composting, and secondhand buying save money and emissions but there is no feedback, so motivation fades.",people trying to build greener habits,weekly,2,4,none,knowledge,,
1769,specialized,Sustainability & energy,Sustainable habits,Tracking a personal carbon footprint,"People who want to cut their footprint have no realistic picture of where it comes from, and existing calculators are one-off surveys with rough averages.",climate-conscious individuals,monthly,2,4,an annual online calculator,knowledge,,
1770,specialized,Sustainability & energy,Waste collection,Bulky item pickup booking hassle,"Getting rid of an old mattress or sofa means finding out whether the city offers bulky pickup, what it costs, which items are allowed, and booking a slot weeks out.",people replacing furniture or appliances,occasional,4,4,"leave it on the kerb and hope, or pay a junk hauler",knowledge,,
1771,specialized,Sustainability & energy,Waste collection,Forgetting bin collection day,"Missing the weekly collection because the bins were not put out, or dragging them out on the wrong day, especially when the schedule alternates between recycling and garden waste weeks.",households with kerbside collection,weekly,3,5,"watch what neighbours put out, or a paper calendar on the fridge",knowledge,,
1772,specialized,Sustainability & energy,Waste collection,Holiday shifts to collection schedule,Public holidays push collection by a day and nobody finds out until the bin is left uncollected for another week.,households with kerbside collection,occasional,3,5,check the council website when the truck does not come,knowledge,,
1773,specialized,Sustainability & energy,Waste collection,Missed collection with no easy report,"When the truck skips a street, reporting it means finding the right form, entering the address again, and never hearing back whether it will be re-collected.",residents whose bins were skipped,occasional,3,4,phone the council and wait on hold,knowledge,,
1774,specialized,Sustainability & energy,Waste collection,Shared bins overflowing in apartment blocks,"In shared buildings the recycling bins are full or contaminated by one neighbour, and there is no way to tell who or to get the bin emptied sooner.",apartment and condo residents,weekly,3,3,complain to building management by email,knowledge,,
1775,specialized,Sustainability & energy,Waste reduction,Compost contamination and what goes in,"Unclear whether meat, dairy, compostable packaging, tea bags, or coffee pods are allowed in the food waste caddy or backyard compost, and rules differ by program.",households with food-waste collection or a compost bin,daily,2,4,google each item or skip composting it,knowledge,,
1776,specialized,Sustainability & energy,Waste reduction,Compostable packaging with nowhere to go,"Packaging labelled compostable or biodegradable is not accepted by curbside compost or recycling, so it ends up in landfill anyway and people feel misled.",shoppers buying eco-labelled products,weekly,2,3,bin it,knowledge,,
1777,specialized,Sustainability & energy,Waste reduction,Deposit return bottle hassle,"Returning bottles and cans for deposit means finding a working reverse-vending machine that accepts the brand, waiting in line, and dealing with rejected containers.",residents in deposit-return regions,weekly,2,3,"give up and put them in recycling, forfeiting the deposit",knowledge,,
1778,specialized,Sustainability & energy,Waste reduction,Not knowing how much waste you produce,People who want to cut waste have no idea how many bags they throw out per week or whether their efforts are making any difference.,households trying to reduce waste,weekly,2,4,none,knowledge,,
1779,specialized,Sustainability & energy,Waste reduction,Packaging waste from online orders,"Every delivery brings boxes, air pillows, and plastic film that pile up faster than they can be recycled, with no way to prefer low-packaging sellers.",frequent online shoppers,weekly,2,3,break down boxes and hope the film is accepted somewhere,knowledge,,
1780,specialized,Sustainability & energy,Waste reduction,Refill station locations unknown,"People who want to refill detergent, shampoo, or dry goods cannot find which nearby shops offer refills or what products they stock.",low-waste shoppers,monthly,2,4,word of mouth and Instagram,knowledge,,
1781,specialized,Sustainability & energy,Waste reduction,Unwanted junk mail and catalogues,"A stream of catalogues, flyers, and credit offers arrives weekly and opting out requires contacting each sender separately.",homeowners and renters with a mailbox,weekly,2,4,"recycle it all, or a no-junk-mail sticker that half of senders ignore",knowledge,,
1782,specialized,Sustainability & energy,Water,Hidden water leak found on the bill,"A running toilet or dripping tap goes unnoticed for months until the water bill doubles, and by then hundreds of litres are wasted.",metered water customers,occasional,4,3,read the meter with everything off and see if it moves,knowledge,,
1783,specialized,Sustainability & energy,Water,No idea of daily water use,"Unlike electricity, water use is invisible: long showers, garden watering, and laundry all add up and nobody knows which matters.",households trying to save water,daily,2,3,none,knowledge,,
1784,specialized,Sustainability & energy,Water,Rain barrel and garden watering timing,"Deciding whether to water the garden depends on recent and forecast rain, soil, and plant needs, and people either over- or under-water.",home gardeners,daily,2,4,stick a finger in the soil,knowledge,,
1785,specialized,Sustainability & energy,Water,Water bill tiers and sewer charges,"Water bills combine tiered usage, sewer, stormwater, and fixed charges so people cannot tell what lowering consumption would actually save.",metered water customers,monthly,2,4,pay it without understanding,knowledge,,
1786,specialized,Sustainability & energy,Water,Watering restrictions unclear,"During droughts, watering days and permitted hours change by area and are announced on local news or council pages that nobody reads.",gardeners and homeowners with lawns,weekly,2,4,copy what neighbours do and risk a fine,knowledge,,
1787,specialized,"Immigrants, expats & language barriers",Banking abroad,Cannot open a bank account without an address,"Banks require proof of address, landlords require a bank account, and employers require a bank account for salary, creating a loop new arrivals cannot break.",new arrivals in their first weeks,occasional,5,3,"neobanks, friends' addresses, hostel letters",knowledge,,
1788,specialized,"Immigrants, expats & language barriers",Banking abroad,Filing taxes in two countries,"Immigrants must know whether they owe tax at home, abroad or both, what treaties apply and which foreign accounts to declare, with heavy penalties for mistakes.","expats, especially US citizens abroad",occasional,5,4,expensive specialist accountants,knowledge,,
1789,specialized,"Immigrants, expats & language barriers",Banking abroad,No credit history in the new country,"Years of good credit at home count for nothing, so immigrants are denied phone contracts, credit cards and mortgages or charged high deposits.",skilled immigrants and expats,monthly,5,3,"secured cards, paying deposits, waiting years",knowledge,,
1790,specialized,"Immigrants, expats & language barriers",Banking abroad,Home bank blocks logins from abroad,"The home-country bank app requires a local SIM for one-time codes, flags foreign logins as fraud, or closes accounts of non-residents.",immigrants keeping home accounts,monthly,4,3,"keeping an old SIM alive, relatives with access",knowledge,,
1791,specialized,"Immigrants, expats & language barriers",Banking abroad,Managing accounts in two or more currencies,"Salary, rent, savings and family support sit in different currencies and banks, and no single view shows total net worth or monthly spend in one currency.",expats with home-country obligations,weekly,4,5,spreadsheets with manual exchange rates,knowledge,,
1792,specialized,"Immigrants, expats & language barriers",Banking abroad,Pension and social contributions lost across borders,"Years of contributions to different national pension systems are hard to track, combine or claim, and people do not know what they will get.",long-term migrant workers,occasional,4,4,none,knowledge,,
1793,specialized,"Immigrants, expats & language barriers",Banking abroad,Proving income and finances across countries,"Landlords, lenders and visa officers want income proof in local formats, but the applicant's payslips, tax returns and statements are foreign and unrecognized.",recently relocated professionals,occasional,4,4,translations plus cover letters,knowledge,,
1794,specialized,"Immigrants, expats & language barriers",Banking abroad,Cost of living surprises in a new country,"Newcomers do not know what a fair rent, utility bill, phone plan or grocery basket costs locally and overpay or get scammed.",new arrivals,monthly,3,4,asking in expat groups,knowledge,,
1795,specialized,"Immigrants, expats & language barriers",Banking abroad,Hidden fees on international card payments,"Foreign transaction fees, dynamic currency conversion and ATM markups are unclear at the point of payment and add up to significant monthly losses.",expats paying across borders,weekly,3,4,"carrying multiple cards, rules of thumb",knowledge,,
1796,specialized,"Immigrants, expats & language barriers",Integration & social,Finding immigrant-friendly professionals,"Locating a doctor, lawyer, accountant or hairdresser who speaks your language or understands immigrant situations relies on word of mouth.",immigrants of every stage,monthly,4,5,asking in community groups,knowledge,,
1797,specialized,"Immigrants, expats & language barriers",Integration & social,Finding local friends beyond the expat bubble,"Newcomers end up socializing only with other foreigners, and there is no low-pressure way to meet locals who are open to friendship with immigrants.",expats after the first months,weekly,4,3,"expat meetups, sports clubs",knowledge,,
1798,specialized,"Immigrants, expats & language barriers",Integration & social,Isolation of accompanying spouses,"Partners who relocated for the other's job often cannot work immediately, lack a network and the language, and struggle to find purpose and community.",trailing spouses,daily,4,3,expat spouse groups,knowledge,,
1799,specialized,"Immigrants, expats & language barriers",Integration & social,Verifying advice from expat groups,"Facebook and WhatsApp groups are full of confident but outdated or wrong advice about permits, taxes and rights, with no way to tell what is current.",immigrants seeking information,weekly,4,4,cross-checking many threads,knowledge,,
1800,specialized,"Immigrants, expats & language barriers",Integration & social,Finding ingredients and products from home,"Locating familiar foods, medicines and brands, or acceptable substitutes, in a new country takes trial and error across many shops.",immigrants settling in,weekly,3,4,community recommendations,knowledge,,
1801,specialized,"Immigrants, expats & language barriers",Integration & social,Keeping home-country ties administratively alive,"Voting from abroad, renewing a home passport at a distant consulate, and maintaining home ID cards involve deadlines and appointments easy to miss.",long-term expats,occasional,3,4,consulate newsletters,knowledge,,
1802,specialized,"Immigrants, expats & language barriers",Integration & social,Missing unwritten cultural norms,"Tipping, punctuality, neighbour etiquette, gift customs and workplace hierarchy are learned by embarrassing mistakes rather than any reliable source.",newcomers,weekly,3,3,"asking colleagues, observing",knowledge,,
1803,specialized,"Immigrants, expats & language barriers",Integration & social,Shipping and customs for personal belongings,"Sending or receiving personal items and gifts across borders incurs unexpected customs fees, prohibited-item rejections and lost parcels.",expats and their families,occasional,3,3,asking others what got through,knowledge,,
1804,specialized,"Immigrants, expats & language barriers",Integration & social,Time-zone coordination with family at home,"Keeping in touch with family across large time differences leads to missed calls and guilt, and there is no shared view of when both sides are free.",immigrants with family abroad,daily,3,5,mental math and fixed weekend calls,knowledge,,
1805,specialized,"Immigrants, expats & language barriers",Local bureaucracy,Navigating a foreign healthcare system,"Registering with a doctor, understanding referrals, insurance coverage and how to reach emergency or out-of-hours care differs completely from home.",newly arrived families,occasional,5,4,expat groups and trial visits,knowledge,,
1806,specialized,"Immigrants, expats & language barriers",Local bureaucracy,Sequenced setup steps block each other,"Getting a tax ID, bank account, SIM, health insurance and lease each depends on another, and nobody explains the correct order for the specific country.",arrivals in first 3 months,occasional,5,5,blog posts and trial and error,knowledge,,
1807,specialized,"Immigrants, expats & language barriers",Local bureaucracy,Documents scattered across formats and countries,"Passports, apostilles, translations, certificates and permits exist as paper, scans and photos in several places, and the right version is never at hand when an office demands it.",all immigrants,monthly,4,5,cloud folders and phone galleries,knowledge,,
1808,specialized,"Immigrants, expats & language barriers",Local bureaucracy,Driving licence conversion rules,"Whether a home licence is valid, must be exchanged within a deadline, or requires a new test depends on country pairs and is poorly documented.",immigrants who drive,occasional,4,3,forums and clerk visits,knowledge,,
1809,specialized,"Immigrants, expats & language barriers",Local bureaucracy,Not knowing which office handles what,"Newcomers do not know whether a problem belongs to the municipality, the region, the tax office or a private insurer, and get bounced between counters.",recent immigrants,monthly,4,4,asking in forums,knowledge,,
1810,specialized,"Immigrants, expats & language barriers",Local bureaucracy,Registering a new address with authorities,"Many countries require registering the address with city hall within days of moving, with appointment requirements and landlord forms newcomers do not know about.",immigrants moving in or between apartments,occasional,4,4,expat wiki pages,knowledge,,
1811,specialized,"Immigrants, expats & language barriers",Local bureaucracy,School enrollment and communications abroad,"School systems, enrollment deadlines, grading and parent-teacher apps are unfamiliar, and school messages arrive in the local language only.",immigrant parents,weekly,4,4,translating each message manually,knowledge,,
1812,specialized,"Immigrants, expats & language barriers",Local bureaucracy,Understanding rental contracts abroad,"Lease clauses about deposits, notice periods, renovation obligations and utilities are unfamiliar and untranslated, and tenants sign things they do not understand.",immigrant renters,occasional,4,4,asking friends to read it,knowledge,,
1813,specialized,"Immigrants, expats & language barriers",Local bureaucracy,Deciphering foreign utility and phone bills,"Bills use local billing conventions, estimated readings, and fees with unfamiliar names, so immigrants cannot tell if they are being overcharged.",immigrant households,monthly,3,4,paying without checking,knowledge,,
1814,specialized,"Immigrants, expats & language barriers",Local bureaucracy,Unfamiliar recycling and waste rules,"Sorting rules, collection days and fines differ by city, are posted in the local language, and newcomers get warnings from neighbours or fines.",new residents,weekly,2,4,photographing the building notice,knowledge,,
1815,specialized,"Immigrants, expats & language barriers",Remittances,Remittance transfers delayed or held,"Transfers get frozen for compliance checks with no explanation, while family at home waits for rent or medical money.",remittance senders,monthly,5,3,"calling support, sending via a second provider",knowledge,,
1816,specialized,"Immigrants, expats & language barriers",Remittances,Comparing remittance fees and exchange rates,"Each provider quotes different fees, rates and delivery times, and the real cost is hidden in the spread, so senders cannot tell which is cheapest today.",migrant workers sending money home,monthly,4,5,checking several apps manually,knowledge,,
1817,specialized,"Immigrants, expats & language barriers",Remittances,Family requests for money arrive ad hoc,"Requests come by chat from various relatives at unpredictable times, making it hard to budget and creating tension over what was already sent.",primary earners abroad,weekly,4,4,none,knowledge,,
1818,specialized,"Immigrants, expats & language barriers",Remittances,Paying bills at home from abroad,"Utilities, school fees and medical bills for family at home cannot be paid directly from foreign accounts, so cash must be sent and trusted to be used correctly.",migrants supporting parents,monthly,4,4,sending cash and asking for receipts,knowledge,,
1819,specialized,"Immigrants, expats & language barriers",Remittances,Recipients cannot easily collect funds,"Family members in rural areas or without bank accounts must travel to pickup points, face long lines or lack ID accepted by the agent.",families of migrant workers,monthly,4,3,"cash pickup, mobile-money agents",knowledge,,
1820,specialized,"Immigrants, expats & language barriers",Remittances,Documentation of remittances for taxes or visas,"Immigration or tax authorities may ask for proof of financial support sent to family, and receipts are scattered across providers.",sponsors and remittance senders,occasional,3,5,screenshots,knowledge,,
1821,specialized,"Immigrants, expats & language barriers",Remittances,Tracking money sent home over time,"Senders support several relatives through multiple apps and cash and lose track of how much they have sent, to whom and for what.",migrants supporting extended family,monthly,3,5,memory and chat messages,knowledge,,
1822,specialized,"Immigrants, expats & language barriers",Translation & language,Medical appointments without interpreters,"Describing symptoms and understanding diagnoses in a second language leads to errors, and interpreters are rarely available for routine visits.",immigrants and their elderly parents,monthly,5,4,bringing a bilingual child or relative,knowledge,,
1823,specialized,"Immigrants, expats & language barriers",Translation & language,Official letters in a language you cannot read,"Mail from the tax office, city hall or insurer arrives in dense bureaucratic language, and the reader cannot tell if it is a deadline, a bill or just information.",immigrants with limited local language,weekly,5,5,"photographing it into a translation app, asking friends",knowledge,,
1824,specialized,"Immigrants, expats & language barriers",Translation & language,Certified translations are slow and expensive,"Every birth certificate, diploma or marriage record needs a sworn translation for a fee, with days of turnaround, often re-done for each new authority.",immigrants filing applications,occasional,4,3,finding a sworn translator via word of mouth,knowledge,,
1825,specialized,"Immigrants, expats & language barriers",Translation & language,Children translating for parents,"Kids end up as the family's interpreter for landlords, schools and doctors, exposing them to adult problems and creating errors in serious matters.",immigrant families,weekly,4,4,none,knowledge,,
1826,specialized,"Immigrants, expats & language barriers",Translation & language,Filling forms with untranslatable field labels,"Online and paper forms use abbreviations and local-only concepts (tax class, social security subcategories) that even translated do not explain what to enter.",immigrants completing administrative forms,monthly,4,5,"guessing, screenshots to friends, help desks",knowledge,,
1827,specialized,"Immigrants, expats & language barriers",Translation & language,Machine translation fails on bureaucratic jargon,"General translation apps produce literal nonsense for terms like specific tax forms, benefits, permit types or legal notices, and the user cannot tell what action is required.",non-native speakers dealing with government,weekly,4,4,searching each term separately in expat forums,knowledge,,
1828,specialized,"Immigrants, expats & language barriers",Translation & language,Names mangled by forms and systems,"Names with accents, multiple surnames, or no distinct given name get rejected or garbled by forms, producing mismatched records across banks, airlines and government.",immigrants with non-Latin or compound names,monthly,4,3,adopting an inconsistent 'system' spelling,knowledge,,
1829,specialized,"Immigrants, expats & language barriers",Translation & language,Phone calls with hold menus in another language,"Automated phone menus, customer support and hotlines in the local language are impossible to follow, and no text alternative exists.",newcomers with limited fluency,weekly,4,4,"asking a fluent friend to call, avoiding calls entirely",knowledge,,
1830,specialized,"Immigrants, expats & language barriers",Translation & language,Language learning does not match real needs,"Language apps teach tourist phrases while what the immigrant needs is vocabulary for rental contracts, job interviews, school meetings and doctor visits.",working-age immigrants,daily,3,5,generic apps plus evening classes,knowledge,,
1831,specialized,"Immigrants, expats & language barriers",Translation & language,Understanding local slang and workplace idiom,"Textbook language does not cover the dialect, slang and workplace shorthand colleagues use, so the immigrant misses jokes, instructions and social cues.",immigrant employees,daily,3,4,"asking colleagues, feeling excluded",knowledge,,
1832,specialized,"Immigrants, expats & language barriers",Translation & language,Handwritten notes and signs unreadable,"Handwritten notices on doors, building announcements and shop signs are not recognized well by camera translation and are missed entirely.",newly arrived immigrants,weekly,2,3,asking neighbours,knowledge,,
1833,specialized,"Immigrants, expats & language barriers",Visas & permits,Assembling long immigration document checklists,"Applications need 20-40 documents in a specific order, format and age (e.g. bank statements no older than 30 days), and one missing page gets the whole file rejected months later.",visa and residence permit applicants,occasional,5,5,printed checklists and lawyer emails,knowledge,,
1834,specialized,"Immigrants, expats & language barriers",Visas & permits,Dependents' paperwork tied to sponsor,"A spouse's or child's permit depends on the main applicant's status, so one person's job change or expiry silently invalidates the whole family's documents.",families on dependent visas,occasional,5,4,manual tracking by the sponsor,knowledge,,
1835,specialized,"Immigrants, expats & language barriers",Visas & permits,Immigration appointment slots never available,"Appointment booking systems for consulates, foreigner offices or biometrics show no slots for months and new slots appear at random times and vanish in minutes.",residence permit applicants and visa renewers,weekly,5,4,"refreshing manually at odd hours, paying bots or agencies",knowledge,,
1836,specialized,"Immigrants, expats & language barriers",Visas & permits,Tracking visa and permit expiry dates,"Multiple documents (visa, residence permit, passport, work authorization, driving licence) expire on different dates and missing one by a day can mean fines, loss of status or being unable to travel.",expats and immigrants on temporary permits,monthly,5,5,calendar reminders and a folder of photos,knowledge,,
1837,specialized,"Immigrants, expats & language barriers",Visas & permits,Counting days for residency and tax rules,"Rules like the Schengen 90/180-day limit, physical-presence requirements for citizenship, or tax residency thresholds require counting days in and out of the country from years of stamps and tickets.","digital nomads, green card holders, naturalization applicants",monthly,4,5,spreadsheets and scrolling through passport stamps,knowledge,,
1838,specialized,"Immigrants, expats & language barriers",Visas & permits,Immigration rules change without notice,"Fees, quotas, required documents and eligibility rules change and the applicant only learns of it when their file is rejected or a forum post mentions it.",immigrants mid-process,monthly,4,4,following expat Facebook groups,knowledge,,
1839,specialized,"Immigrants, expats & language barriers",Visas & permits,Keeping a complete immigration history,"Later applications ask for every address, employer, trip abroad and previous visa going back 5-10 years, and nobody has kept a clean record.",long-term immigrants applying for permanent residency or citizenship,occasional,4,5,digging through old emails and photos,knowledge,,
1840,specialized,"Immigrants, expats & language barriers",Visas & permits,Opaque immigration application status,"After submitting, applicants wait months with no meaningful status beyond 'processing' and refresh the portal daily, unsure whether to book flights or sign leases.",anyone with a pending application,daily,4,3,checking portals and forums for processing-time anecdotes,knowledge,,
1841,specialized,"Immigrants, expats & language barriers",Visas & permits,Travel restrictions while permit is pending,"People do not know whether leaving the country during a pending renewal cancels the application, and the rules differ by permit type and country.",immigrants with pending renewals,occasional,4,3,asking forums and lawyers,knowledge,,
1842,specialized,"Immigrants, expats & language barriers",Visas & permits,Understanding which visa path applies,"Government immigration sites list dozens of visa categories with overlapping criteria, and people cannot tell which one they qualify for without paying a lawyer.",prospective immigrants and partners of citizens,occasional,4,4,"Reddit threads, forums, expensive consultations",knowledge,,
1843,specialized,"Immigrants, expats & language barriers",Work & credentials,Foreign qualifications not recognized,"Degrees and professional licences from home require costly, slow recognition procedures, and people do not know which agency or path applies to their profession.",skilled immigrants in regulated professions,occasional,5,3,working below qualification while waiting,knowledge,,
1844,specialized,"Immigrants, expats & language barriers",Work & credentials,Job change jeopardizes visa status,"Changing employer, going freelance or being laid off triggers reporting deadlines and grace periods that vary by permit, and mistakes cost the right to stay.",immigrants on employer-sponsored permits,occasional,5,4,lawyers and forum advice,knowledge,,
1845,specialized,"Immigrants, expats & language barriers",Work & credentials,Work permit restrictions unclear to employers,"Employers do not understand what a given permit allows, so eligible candidates are rejected or asked for documents that do not exist.",job-seeking immigrants,weekly,4,3,attaching explanations to applications,knowledge,,
1846,specialized,"Immigrants, expats & language barriers",Work & credentials,Local-format CVs and application conventions,"Expected CV layout, photo, cover letter tone and reference practices differ by country, and foreign-style applications get discarded.",immigrant job seekers,occasional,3,4,career center workshops,knowledge,,
1847,specialized,Creators & online sellers,Analytics & audience,Analytics split across five dashboards,"Seeing overall reach, follower growth and engagement means logging into YouTube Studio, TikTok, Meta Business Suite, X and LinkedIn separately and adding numbers up by hand.",multi-platform creators and agencies,weekly,4,5,Spreadsheet updated weekly from screenshots,knowledge,,
1848,specialized,Creators & online sellers,Analytics & audience,Building a monthly client report,"Assembling a monthly performance report per client means exporting CSVs, screenshotting charts and pasting them into a slide deck, taking hours for each account.",social media managers with multiple clients,monthly,4,5,Canva or Google Slides templates filled manually,knowledge,,
1849,specialized,Creators & online sellers,Analytics & audience,Not knowing why a post flopped,"A post that seems identical to a hit gets a tenth of the views, and native analytics give no clue whether it was the hook, the timing, the length or the topic.",creators trying to grow,daily,4,3,"Guessing, asking in creator Discords",knowledge,,
1850,specialized,Creators & online sellers,Analytics & audience,Comparing thumbnail variants before publishing,Choosing between three thumbnail and title combinations is guesswork; getting feedback means posting in a Discord and waiting for a handful of opinions.,YouTubers,weekly,3,4,"Ask friends, post in creator communities",knowledge,,
1851,specialized,Creators & online sellers,Analytics & audience,YouTube retention drop-off points unclear,"Retention graphs show where viewers leave but not what was on screen at that moment, so creators have to scrub the video side by side to learn anything.",YouTubers editing long-form videos,weekly,3,4,Manually match timestamps to the video,knowledge,,
1852,specialized,Creators & online sellers,Analytics & audience,Best posting time keeps shifting,"Audience active hours change as followers grow across time zones, and the creator keeps posting at a time that worked six months ago.",creators with international audiences,weekly,2,5,Check platform insights occasionally,knowledge,,
1853,specialized,Creators & online sellers,Analytics & audience,Detecting follower purges and bot drops,"Follower count drops suddenly and the creator cannot tell whether it was a platform bot purge, an unfollow wave after a controversial post, or a glitch.",creators watching their numbers,monthly,2,4,Third-party unfollow trackers of dubious safety,knowledge,,
1854,specialized,Creators & online sellers,Assets & rights,Product designs copied and undercut,"Popular handmade or print-on-demand designs are cloned by other sellers within weeks, and the original seller has no way to monitor for copies.",design-driven sellers,monthly,4,3,Search own product name occasionally,knowledge,,
1855,specialized,Creators & online sellers,Assets & rights,Videos re-uploaded by others without credit,"Creators find their videos stolen and reposted on other accounts, sometimes outperforming the original, and filing takedowns per platform is slow and repetitive.",video creators,weekly,4,4,"Followers tip them off, manual DMCA forms",knowledge,,
1856,specialized,Creators & online sellers,Assets & rights,Brand assets and passwords shared insecurely,"Social media managers receive client logos, fonts, brand colours and account logins by email and chat, and end up with outdated files and shared passwords in plain text.",freelance social media managers,weekly,3,5,Google Drive folders and a note of passwords,knowledge,,
1857,specialized,Creators & online sellers,Assets & rights,Finding that one B-roll clip again,"A creator remembers filming a specific shot last year but cannot find it among thousands of unnamed files, so they refilm or drop it.",YouTubers and editors,weekly,3,4,Folder naming conventions that never stick,knowledge,,
1858,specialized,Creators & online sellers,Assets & rights,Handing over accounts when clients leave,"When a client relationship ends, untangling who owns which page, ad account and scheduler login and removing the manager's access cleanly is confusing and often forgotten.",agencies and freelance managers,occasional,3,4,Checklist in a doc,knowledge,,
1859,specialized,Creators & online sellers,Assets & rights,Raw footage eating every hard drive,"Terabytes of unedited footage and project files pile up across drives and cloud accounts, with no idea what is safe to delete or where a specific clip lives.",video creators,weekly,3,4,Buy another drive,knowledge,,
1860,specialized,Creators & online sellers,Brand deals & collaborations,Sponsorship deliverables and deadlines slip,"Each brand deal comes with a different set of deliverables, approval rounds, usage rights and posting windows tracked only in the contract PDF, so a deadline or exclusivity clause gets missed.",creators juggling several sponsors,weekly,4,5,Calendar reminders and rereading contracts,knowledge,,
1861,specialized,Creators & online sellers,Brand deals & collaborations,Unknown fair rate for a sponsorship,"When a brand asks for a rate, creators have no benchmark for what someone with their audience size and niche should charge and either undercharge badly or lose the deal.",small and mid-size creators,monthly,4,4,"Ask peers, rate-card newsletters",knowledge,,
1862,specialized,Creators & online sellers,Brand deals & collaborations,Affiliate links break or expire,"Affiliate and discount links placed in old videos and bios stop working when programs change, and the creator only finds out when a follower complains.",creators relying on affiliate income,monthly,3,5,Occasional manual click-through,knowledge,,
1863,specialized,Creators & online sellers,Brand deals & collaborations,Disclosure rules per platform and country,"Knowing exactly how to label a paid partnership (#ad placement, paid partnership tag, AI disclosure) differs by platform and jurisdiction, and getting it wrong risks fines or demonetization.",creators doing sponsored content,weekly,3,4,Copy what bigger creators do,knowledge,,
1864,specialized,Creators & online sellers,Brand deals & collaborations,Media kit always out of date,"Brands ask for a media kit with current stats, and the PDF from three months ago shows old follower counts and engagement rates that need to be re-collected and re-laid-out every time.",creators pitching brands,monthly,3,5,Canva template updated by hand,knowledge,,
1865,specialized,Creators & online sellers,Brand deals & collaborations,Sorting real brand offers from scams,"Inboxes fill with fake collaboration offers, gift-for-post requests and phishing disguised as sponsorships, and the genuine offers get lost among them.",creators with growing audiences,daily,3,4,"Manually check sender domains, ignore most emails",knowledge,,
1866,specialized,Creators & online sellers,Community & audience ownership,Giveaway winners picked by hand,"Running a giveaway means scrolling thousands of comments to verify entries followed the rules, picking a winner fairly and proving it was fair.",creators and sellers running promotions,monthly,3,5,Random comment picker sites of varying reliability,knowledge,,
1867,specialized,Creators & online sellers,Community & audience ownership,Link-in-bio not tracking what converts,"A single bio link routes to many destinations but the creator cannot tell which post drove which clicks or sales, so they cannot double down on what works.",creators and sellers driving traffic from social,weekly,3,5,"Linktree free tier, guesswork",knowledge,,
1868,specialized,Creators & online sellers,Community & audience ownership,Newsletter and email list neglected,"Creators know they should own their audience via email, but collecting addresses and sending regular emails is another channel to feed and it gets abandoned.",creators building off-platform audiences,weekly,3,4,Occasional Substack post,knowledge,,
1869,specialized,Creators & online sellers,Community & audience ownership,Patreon perks forgotten or delivered late,"Membership tiers promise early access, Discord roles, monthly Q&As or shoutouts, and tracking who is owed what each month is manual and error-prone.",creators with memberships,monthly,3,5,Spreadsheet of patrons,knowledge,,
1870,specialized,Creators & online sellers,Content planning & publishing,Client content approvals over email chaos,"Getting a client to approve captions and visuals before posting happens over email threads and WhatsApp, with versions mixed up and approvals arriving after the post deadline.",freelance social media managers,weekly,4,5,Google Sheets calendar plus screenshots sent for sign-off,knowledge,,
1871,specialized,Creators & online sellers,Content planning & publishing,No idea what to post today,"Facing a blank content calendar every morning with no backlog, so posting becomes reactive and inconsistent and the algorithm punishes the gaps.",creators who post daily,daily,4,4,"Batch days, copying trending formats, skipping days",knowledge,,
1872,specialized,Creators & online sellers,Content planning & publishing,Reformatting one post for every platform,"The same video or post has to be re-cropped, re-captioned and re-uploaded separately for TikTok, Reels, Shorts, X and LinkedIn, each with different aspect ratios, caption limits and hashtag norms.",creators and social media managers posting to 3+ platforms,daily,4,5,Manually export multiple versions from CapCut/Canva and paste captions by hand,knowledge,,
1873,specialized,Creators & online sellers,Content planning & publishing,Scheduler silently fails to post,"A scheduled post fails because a token expired or the platform changed its API, and the creator only notices hours later when nothing went out.",social media managers using scheduling tools,weekly,4,4,Checking each platform manually after scheduled time,knowledge,,
1874,specialized,Creators & online sellers,Content planning & publishing,Content ideas lost in scattered notes,"Video and post ideas get jotted into phone notes, DMs to yourself, screenshots and voice memos, and are impossible to find again when it is time to plan the week.",solo creators,daily,3,5,"Apple Notes, Notion pages nobody maintains, saved TikToks",knowledge,,
1875,specialized,Creators & online sellers,Content planning & publishing,Tracking which trends are still alive,"By the time a creator films a trending sound or format, it has already peaked; there is no easy way to see how old a trend is and whether it is rising or falling.",short-form video creators,daily,3,4,"Scrolling the For You page for an hour, trend newsletters",knowledge,,
1876,specialized,Creators & online sellers,Content planning & publishing,Hashtag sets pasted from old notes,"Keeping reusable hashtag and caption template groups per niche means copying from a notes file every time, and stale or banned hashtags sneak in unnoticed.",Instagram and TikTok creators,daily,2,5,Notes app with hashtag blocks,knowledge,,
1877,specialized,Creators & online sellers,Content planning & publishing,Reposting evergreen content by hand,"Old posts that performed well could be recycled, but finding them and reposting at good intervals requires digging through the profile manually.",creators with a large back catalog,weekly,2,5,Scroll own profile and screenshot,knowledge,,
1878,specialized,Creators & online sellers,Customer messages & reviews,Comments and DMs across six inboxes,"Replying to comments and messages requires cycling through Instagram, TikTok, YouTube, X, Discord and email, and important messages from customers or brands get buried.",creators and social media managers,daily,4,5,"Check each app in turn, miss things",knowledge,,
1879,specialized,Creators & online sellers,Customer messages & reviews,Hate and spam comments drowning real ones,"Bot comments, scam replies and abuse flood posts as they grow, and manually deleting or hiding them takes the joy out of reading genuine feedback.",creators with large audiences,daily,4,4,Keyword filters that catch too little or too much,knowledge,,
1880,specialized,Creators & online sellers,Customer messages & reviews,Impersonator accounts scamming followers,"Fake accounts copy a creator's name and photos to DM followers with giveaway scams, and finding and reporting them all is a constant manual chore.",mid-size and large creators,weekly,4,4,"Followers report them, creator reports one by one",knowledge,,
1881,specialized,Creators & online sellers,Customer messages & reviews,Spotting a bad review before it spreads,"A one-star review or a viral negative comment sits unnoticed for hours because there is no alert across platforms, and by then it has shaped buyer perception.",sellers and creators,weekly,4,5,Refreshing the reviews page,knowledge,,
1882,specialized,Creators & online sellers,Customer messages & reviews,Answering the same buyer questions repeatedly,"Questions about sizing, materials, turnaround and returns arrive dozens of times a day across marketplace messages, DMs and email, each answered by typing from scratch.",sellers and creators with shops,daily,3,5,Saved replies in one platform only,knowledge,,
1883,specialized,Creators & online sellers,Customer messages & reviews,Asking for reviews at the right moment,"Happy buyers rarely leave reviews unless prompted after delivery, but sellers cannot easily tell when a package arrived or who has already been asked.",Etsy and own-store sellers,weekly,3,5,Thank-you card in the package,knowledge,,
1884,specialized,Creators & online sellers,Listings & inventory,Selling an item that already sold elsewhere,"A one-of-a-kind item sells on two marketplaces at once because inventory is not synced, forcing a cancellation that hurts seller ratings.",resellers cross-listing single items,weekly,5,5,Rush to delist manually after each sale,knowledge,,
1885,specialized,Creators & online sellers,Listings & inventory,Finding sourced inventory in the house,"Resellers with hundreds of thrifted items in bins cannot find the specific sold item quickly, delaying shipping and sometimes leading to cancellations.",eBay and Poshmark resellers,daily,4,5,Labeled bins and memory,knowledge,,
1886,specialized,Creators & online sellers,Listings & inventory,Listing the same item on multiple marketplaces,"Cross-listing a product on Etsy, eBay, Depop, Poshmark and Facebook Marketplace means retyping titles, descriptions and re-uploading photos for every site.",resellers and handmade sellers,daily,4,5,"Copy-paste, cross-listing tools that cost monthly fees",knowledge,,
1887,specialized,Creators & online sellers,Listings & inventory,Writing SEO titles and tags for every listing,"Each Etsy listing needs a keyword-stuffed title, 13 tags and attributes that match how buyers search, and sellers have no feedback on whether their choices work.",Etsy sellers,weekly,4,4,"eRank/Marmalead subscriptions, copying competitors",knowledge,,
1888,specialized,Creators & online sellers,Listings & inventory,Checking sold comps before buying stock,"While standing in a thrift store, deciding if an item is worth buying requires searching sold listings on several apps and mentally subtracting fees and shipping.",thrift resellers,weekly,3,5,"eBay sold filter on phone, gut feeling",knowledge,,
1889,specialized,Creators & online sellers,Listings & inventory,Product photos take longer than making the product,"Getting clean, consistent, well-lit photos of small items and removing backgrounds is a tedious step that delays listing new products.",small product sellers,weekly,3,4,"Phone plus lightbox, background remover apps one image at a time",knowledge,,
1890,specialized,Creators & online sellers,Listings & inventory,Running out of materials mid-order,"Makers discover they are out of a specific bead, yarn colour or blank when an order comes in, because supply quantities are tracked in their head.",handmade sellers,weekly,3,5,Physical inspection of bins,knowledge,,
1891,specialized,Creators & online sellers,Listings & inventory,Stale listings sitting for months,"Items that have not sold in months need relisting, price drops or better photos, but nothing surfaces which listings are dead weight.",resellers with large catalogs,monthly,2,5,Sort by date listed and eyeball,knowledge,,
1892,specialized,Creators & online sellers,Money & taxes,Surprise self-employment tax bill,"Nothing is withheld from platform payouts, and creators and sellers reach tax time with no idea how much to set aside and no quarterly estimates paid.",creators and marketplace sellers earning meaningful income,monthly,5,4,"Move 30% to savings when remembered, panic in April",knowledge,,
1893,specialized,Creators & online sellers,Money & taxes,Chasing late brand deal invoices,"Brands pay net-60 or later and creators lose track of which invoices are outstanding, when to follow up and which agency contact to chase.",creators doing sponsorships,monthly,4,5,Email search and awkward follow-up messages,knowledge,,
1894,specialized,Creators & online sellers,Money & taxes,Deductible expenses buried in personal purchases,"Camera gear, props, shipping supplies and software subscriptions are bought on the same card as groceries, so separating business expenses at tax time takes days.",solo creators and sellers,weekly,4,5,"Shoebox of receipts, scrolling card statements",knowledge,,
1895,specialized,Creators & online sellers,Money & taxes,Income scattered across a dozen payouts,"Revenue arrives from AdSense, TikTok Creator Fund, Twitch, Patreon, brand deals, affiliate links and merch, each on different schedules, so the creator never knows what they actually earned this month.",full-time creators,monthly,4,5,Bank statements and a spreadsheet,knowledge,,
1896,specialized,Creators & online sellers,Money & taxes,Marketplace fees hide the real profit,"After Etsy or eBay listing, transaction, payment processing, offsite ads and shipping fees, sellers cannot tell whether a sale actually made money.",Etsy and eBay sellers,daily,4,5,"Fee calculator websites, rough mental math",knowledge,,
1897,specialized,Creators & online sellers,Money & taxes,Pricing handmade items by feel,"Makers price products without accounting for material cost per unit, hours of labor, packaging and fees, and routinely discover they are working below minimum wage.",handmade and print-on-demand sellers,weekly,4,5,"Copy competitor prices, guess",knowledge,,
1898,specialized,Creators & online sellers,Money & taxes,Sales tax across states and countries,"Selling on a personal site as well as marketplaces means figuring out which sales tax, VAT or import rules apply per order, with marketplaces collecting some but not all.",sellers with their own storefront,monthly,4,4,Ignore it or pay an accountant,knowledge,,
1899,specialized,Creators & online sellers,Orders & shipping,Item not received claims with no evidence,"When a buyer opens a not-received or not-as-described case, sellers scramble to find photos of the packed item, tracking scans and message history to defend themselves.",eBay and Etsy sellers,monthly,5,4,Photograph every package and hope to find it later,knowledge,,
1900,specialized,Creators & online sellers,Orders & shipping,Custom order details lost in messages,"Personalization details (names, colours, sizes) arrive in chat messages after checkout and get lost, leading to wrong items being made and remade.",custom and personalized product sellers,daily,4,5,"Screenshot the conversation, sticky notes",knowledge,,
1901,specialized,Creators & online sellers,Orders & shipping,Guessing shipping cost at listing time,"Sellers must set shipping prices before knowing box size and weight, and routinely lose money on underestimated postage or lose sales on overestimated postage.",eBay and Etsy sellers,daily,4,4,Kitchen scale and carrier calculators,knowledge,,
1902,specialized,Creators & online sellers,Orders & shipping,Packing slips and labels from several stores,"Orders from Etsy, eBay and a Shopify store each need labels printed in different dashboards, and it is easy to miss one or ship the wrong item to the wrong buyer.",sellers on multiple channels,daily,4,5,"Pirate Ship or Shippo, printed order lists",knowledge,,
1903,specialized,Creators & online sellers,Orders & shipping,Processing-time deadlines creeping up,"With dozens of open orders each with a different promised ship-by date, sellers cannot see which ones are about to be late without opening each order.",made-to-order sellers,daily,4,5,Paper list of orders on the wall,knowledge,,
1904,specialized,Creators & online sellers,Orders & shipping,Buyers asking where their package is,"A large share of daily messages are 'where is my order', requiring the seller to look up tracking manually and reply, even though the information is already available.",marketplace sellers,daily,3,5,Copy tracking number into a reply template,knowledge,,
1905,specialized,Creators & online sellers,Streaming & live,Chat moderation during a raid,"A sudden hate raid or spam wave floods chat faster than a solo streamer can react while playing, and setting up bot rules ahead of time is confusing.",small streamers without mod teams,monthly,5,4,"Followers-only mode, end the stream",knowledge,,
1906,specialized,Creators & online sellers,Streaming & live,Clipping highlights from an eight-hour VOD,"Finding the funny or hype moments in a long stream to make Shorts and TikToks takes longer than the stream itself, so most streams are never repurposed.",streamers,daily,4,4,"Ask viewers to clip, scrub through VOD",knowledge,,
1907,specialized,Creators & online sellers,Streaming & live,Copyrighted music muting VODs,"Streams get muted or claimed because background music was in-game or on the radio, and streamers cannot tell in advance which tracks are safe.",streamers and video creators,weekly,4,3,"Stream-safe playlists, muting all audio",knowledge,,
1908,specialized,Creators & online sellers,Streaming & live,Stream going live without anyone told,"Announcing a stream on Discord, X, Instagram and TikTok every time is a manual ritual that is often forgotten, so viewers miss the start.","Twitch, Kick and YouTube streamers",daily,3,5,Discord bots that cover one platform,knowledge,,
1909,specialized,Creators & online sellers,Streaming & live,Stream schedule not matching reality,"Posted stream schedules go stale when life happens, and viewers in other time zones show up to an offline channel or miss unscheduled streams.",part-time streamers,weekly,3,5,"Panel image edited in Canva, Discord announcements",knowledge,,
1910,specialized,Creators & online sellers,Streaming & live,"Tracking subs, bits and donations for thank-yous","Streamers want to thank new subs, gifted subs and donors properly, but the events scroll by during the stream and there is no clean list afterwards.",streamers,daily,2,5,Scroll the activity feed after stream,knowledge,,
1911,specialized,Creators & online sellers,Workflow & wellbeing,Account suspended with no explanation,"A shop or channel is suspended or shadowbanned by automated systems with a vague notice, and the seller has no way to diagnose the cause or track an appeal.",sellers and creators dependent on one platform,occasional,5,3,"Forum posts, repeated appeals",knowledge,,
1912,specialized,Creators & online sellers,Workflow & wellbeing,Burnout from never-ending posting pressure,"The perceived need to post daily with no breaks leads to exhaustion, and creators have no view of how much a short break actually costs them in reach.",full-time creators,weekly,4,3,"Push through, quit for months",knowledge,,
1913,specialized,Creators & online sellers,Workflow & wellbeing,Platform policy changes missed,"Monetization rules, dimension requirements and community guidelines change frequently, and creators only learn about them after a strike, demonetization or rejected listing.",creators and marketplace sellers,monthly,4,4,"Creator newsletters, forum rumors",knowledge,,
1914,specialized,Creators & online sellers,Workflow & wellbeing,Compulsive checking of view counts,"Creators refresh analytics dozens of times a day after posting, which wrecks focus and mood without changing outcomes.",creators,daily,3,4,Delete the app for a day,knowledge,,
1915,specialized,Creators & online sellers,Workflow & wellbeing,Editing backlog with no pipeline view,"Videos sit in various states (filmed, rough cut, awaiting thumbnail, scheduled) across editor, thumbnail designer and creator, and no one knows what is blocking what.",creators working with editors,daily,3,5,Trello or Notion boards that drift out of date,knowledge,,
1916,specialized,Seniors & aging,Aging in place & safety,Emergency info not available to responders,"When paramedics arrive, the senior's medications, allergies, conditions, and emergency contacts are not accessible in one place.",seniors with complex health histories,occasional,5,4,"'File of Life' on the fridge, medical ID bracelets",knowledge,,
1917,specialized,Seniors & aging,Aging in place & safety,No one would notice a fall for days,"If a senior living alone fell in the bathroom, nobody would know until a missed weekly call, which is the fear that keeps both them and their children up at night.",seniors living alone and their families,daily,5,4,"daily check-in calls, medical alert pendants they forget to wear",knowledge,,
1918,specialized,Seniors & aging,Aging in place & safety,Stove or appliance left on,"A burner or iron gets left on after a distraction and nobody is around to notice, creating a real fire risk and eroding confidence in living alone.",seniors with mild memory decline,weekly,5,3,"family removes stove knobs, automatic shutoff devices",knowledge,,
1919,specialized,Seniors & aging,Aging in place & safety,Wandering or getting lost on familiar routes,"A parent with early dementia takes a walk and does not come back on time, and the family has no way to know where they are.",families of seniors with cognitive decline,weekly,5,4,"GPS tags, restricting outings",knowledge,,
1920,specialized,Seniors & aging,Aging in place & safety,Assessing what home changes are needed,"Families do not know which grab bars, lighting, or ramp changes matter most for their parent's home until after a fall.",families of seniors aging in place,occasional,4,4,"occupational therapist visits if covered, guesswork",knowledge,,
1921,specialized,Seniors & aging,Aging in place & safety,Finding trustworthy home help,"Hiring someone to clean gutters, fix a railing, or help with bathing means vetting strangers with no easy way to check references or pricing.",seniors aging in place and their families,monthly,4,4,"word of mouth, church contacts, generic contractor sites",knowledge,,
1922,specialized,Seniors & aging,Aging in place & safety,No ride to appointments after giving up driving,"Once a senior stops driving, every doctor visit or grocery run depends on a relative's availability, and rideshare apps are confusing to book.",seniors who no longer drive,weekly,4,4,"asking family, expensive taxis, paratransit with long lead times",knowledge,,
1923,specialized,Seniors & aging,Aging in place & safety,Remembering to eat and drink enough,"Living alone, a senior skips meals or forgets to drink water all day, leading to dizziness and hospital visits for dehydration.",seniors living alone with reduced appetite,daily,4,3,"family reminders, meal delivery programs",knowledge,,
1924,specialized,Seniors & aging,Aging in place & safety,Grocery delivery apps too confusing to use,"A senior who can no longer carry groceries cannot navigate the delivery app's substitutions, tips, and checkout steps and ends up ordering wrong items or nothing.",seniors with mobility limits,weekly,3,4,a relative places the order for them,knowledge,,
1925,specialized,Seniors & aging,Caregiver coordination,Caregiver burnout with no backup,"A spouse caring for a partner with dementia has no respite, cannot leave the house, and does not know what help exists or how to schedule it.",spousal and family caregivers,daily,5,3,"none, or adult day programs discovered by chance",knowledge,,
1926,specialized,Seniors & aging,Caregiver coordination,Coordinating who drives Mom this week,"Siblings trade texts trying to figure out who can take their mother to Tuesday's cardiology appointment, and sometimes nobody shows up.",sibling groups caring for a parent,weekly,4,5,"group text threads, shared spreadsheets",knowledge,,
1927,specialized,Seniors & aging,Caregiver coordination,Paid caregivers with no shared handoff notes,"Morning and evening aides do not know what the other did, whether the senior ate, or how they slept, so problems slip between shifts.",families employing home aides,daily,4,5,a paper notebook on the kitchen table,knowledge,,
1928,specialized,Seniors & aging,Caregiver coordination,Siblings out of sync on parent's health updates,"One sibling attends the appointment and the others hear a garbled second-hand version days later, causing arguments and duplicated calls to the doctor.",adult siblings sharing care of a parent,weekly,4,5,"group texts, one sibling becomes the sole information hub",knowledge,,
1929,specialized,Seniors & aging,Caregiver coordination,Tracking caregiving expenses for reimbursement or taxes,"Receipts for prescriptions, supplies, and mileage pile up and cannot be sorted when it is time to split costs among siblings or claim deductions.",family caregivers paying out of pocket,monthly,3,5,shoebox of receipts,knowledge,,
1930,specialized,Seniors & aging,Health & appointments,Knowing which day it is and what is scheduled,"Without work or school routines, days lose their markers and the senior shows up on the wrong day for appointments or misses them.",retired seniors with mild memory decline,daily,3,4,"large-print wall calendar, day clocks",knowledge,,
1931,specialized,Seniors & aging,Health & appointments,Multiple patient portals with separate logins,"The cardiologist, primary care doctor, and hospital each use a different portal, and finding a lab result means remembering which one and which password.",seniors with several providers,monthly,3,3,"calling the office instead, ignoring portals entirely",knowledge,,
1932,specialized,Seniors & aging,Health & appointments,Preparing questions before a short appointment,"Symptoms noticed over the past month are forgotten in the ten-minute visit, and the senior leaves without asking the things that worried them.",seniors managing chronic conditions,monthly,3,4,"notes on scrap paper, hoping to remember",knowledge,,
1933,specialized,Seniors & aging,Health & appointments,Tracking blood pressure and sugar readings by hand,"Daily readings are written in a notebook that is hard to summarize, so the doctor gets a pile of numbers rather than a trend.","seniors monitoring blood pressure, glucose, or weight",daily,3,5,"paper logs, memory",knowledge,,
1934,specialized,Seniors & aging,Isolation & connection,Days pass without speaking to anyone,"A senior living alone can go three or four days without a single conversation, and there is no natural prompt for anyone to reach out.","seniors living alone, widowed or far from family",daily,5,3,"television for company, waiting for someone to call",knowledge,,
1935,specialized,Seniors & aging,Isolation & connection,Losing a social circle after retirement,Work provided daily contact for forty years; after retiring the calendar is empty and there is no obvious way to meet new people with shared interests.,recent retirees,weekly,4,3,"volunteering, religious groups",knowledge,,
1936,specialized,Seniors & aging,Isolation & connection,Daily check-in calls feel like surveillance,"Children want reassurance that mom is okay each morning, but the daily 'just checking' call feels intrusive to the parent and burdensome to the child.",adult children and independent parents,daily,3,5,"phone calls, texts that go unanswered and cause panic",knowledge,,
1937,specialized,Seniors & aging,Isolation & connection,Finding local activities for people their age,"Senior center schedules, library talks, and walking groups are scattered across paper flyers and church bulletins, so the senior does not know what is on this week.",retirees looking for social activities,weekly,3,4,"word of mouth, paper newsletters",knowledge,,
1938,specialized,Seniors & aging,Isolation & connection,Grandchildren's lives only visible on platforms seniors avoid,"Family photos and updates live on Instagram and group chats the grandparent does not use, so they feel left out of everyday family life.",grandparents not on social media,weekly,3,4,"occasional printed photos, forwarded texts",knowledge,,
1939,specialized,Seniors & aging,Isolation & connection,Making new friends after moving to a retirement community,"New residents do not know who shares their hobbies or who is open to a dinner companion, and dining alone for weeks is common.",seniors newly moved to retirement or assisted living communities,weekly,3,3,"activities director, trial and error",knowledge,,
1940,specialized,Seniors & aging,Isolation & connection,Remembering birthdays and reaching out,"As memory slips, the senior forgets grandchildren's birthdays and loses the easy excuses to call, which deepens distance from family.",seniors with large extended families,monthly,2,4,"paper calendar, being reminded by a spouse",knowledge,,
1941,specialized,Seniors & aging,Medication management,Adult child cannot verify remote parent's meds,A daughter living in another state has no way to confirm her father actually took his heart medication today short of calling and nagging.,long-distance adult caregivers,daily,4,4,"daily phone calls, hiring a home aide",knowledge,,
1942,specialized,Seniors & aging,Medication management,Forgetting whether today's pills were taken,"An hour after breakfast an older adult cannot remember if they already took the morning dose, and either skips it or doubles up.","seniors on daily medications, especially living alone",daily,4,4,"weekly pill organizers, sticky notes, calling a family member to ask",knowledge,,
1943,specialized,Seniors & aging,Medication management,Juggling a dozen prescriptions with different schedules,"Some pills are twice a day with food, some once at bedtime, some every other day; keeping the whole schedule straight in one's head is overwhelming.",seniors with multiple chronic conditions,daily,4,4,"handwritten chart taped to the fridge, multiple pill boxes",knowledge,,
1944,specialized,Seniors & aging,Medication management,Not knowing which pills interact,"Different specialists prescribe drugs without seeing the full list, and the patient has no easy way to check for dangerous interactions or duplicates.",seniors seeing several doctors,monthly,4,4,"bringing a bag of pill bottles to appointments, asking the pharmacist",knowledge,,
1945,specialized,Seniors & aging,Medication management,Unreadable tiny print on pill bottles,"Dosage instructions and warnings on bottle labels are too small to read, so instructions get guessed at or ignored.",seniors with declining eyesight,daily,3,3,"magnifying glass, asking someone to read it aloud",knowledge,,
1946,specialized,Seniors & aging,Retirement & finances,Bills paid late after spouse who handled money dies,"When the partner who always handled finances passes away, the survivor does not know which bills are on autopay, where accounts are, or when things are due.",recently widowed seniors,monthly,5,4,"children step in, rummaging through paper files",knowledge,,
1947,specialized,Seniors & aging,Retirement & finances,Fear of outliving retirement savings,A retiree does not know whether their monthly withdrawals are sustainable and lives with constant anxiety about running out of money at 90.,retirees living off savings,monthly,4,4,"occasional visits to a financial advisor, rough spreadsheets",knowledge,,
1948,specialized,Seniors & aging,Retirement & finances,Important documents scattered and unfindable,"The will, power of attorney, insurance policies, and deed are in different drawers, safe deposit boxes, and lawyers' offices, and nobody knows where.",seniors and their future executors,occasional,4,4,a binder that is never fully updated,knowledge,,
1949,specialized,Seniors & aging,Retirement & finances,Keeping up with Medicare paperwork and deadlines,"Open enrollment windows, plan changes, and explanation-of-benefits letters arrive constantly, and it is unclear which need action and which are junk.",seniors on Medicare and their helpers,monthly,4,4,"piles of mail, a knowledgeable relative or SHIP counselor",knowledge,,
1950,specialized,Seniors & aging,Retirement & finances,Required minimum distribution deadlines missed,Retirees forget to take required withdrawals from retirement accounts by year end and face steep penalties.,retirees over 73 with retirement accounts,occasional,4,4,"brokerage reminder letters, accountant",knowledge,,
1951,specialized,Seniors & aging,Retirement & finances,Surprise medical bills that may already be paid,"Bills arrive from labs and hospitals months after the visit, and the senior cannot tell whether insurance covered it, whether they already paid, or whether it is a scam.",seniors with frequent medical visits,monthly,4,4,"paying everything twice, or ignoring bills until collections",knowledge,,
1952,specialized,Seniors & aging,Retirement & finances,Empty days with no structure after retiring,"Without a job the days blur together, motivation drops, and the retiree feels aimless despite wanting to stay active.",recent retirees,daily,3,3,"part-time work, hobbies picked up haphazardly",knowledge,,
1953,specialized,Seniors & aging,Scams & fraud,Distinguishing real bank calls from scam calls,A caller claims to be from the bank or Medicare and the senior has no quick way to verify whether the call is genuine before sharing information.,seniors receiving unsolicited calls,weekly,5,4,"hanging up and calling the number on the card, or complying",knowledge,,
1954,specialized,Seniors & aging,Scams & fraud,Family finds out about the scam too late,"Large unusual transfers, gift card purchases, or new payees go unnoticed by relatives until thousands of dollars are gone.",adult children of seniors managing their own finances,occasional,5,4,"asking for joint account access, periodic statement reviews",knowledge,,
1955,specialized,Seniors & aging,Scams & fraud,Grandparent scam using a panicked family voice,A call claiming a grandchild is in jail or hospital and needs gift cards now creates such urgency that the senior acts before checking with anyone.,grandparents living alone,occasional,5,3,"family code words, none for most",knowledge,,
1956,specialized,Seniors & aging,Scams & fraud,Romance scam isolation goes unnoticed,"A lonely widow forms an online relationship with someone who slowly asks for money, and no one in the family sees the pattern until savings are drained.",widowed or isolated seniors online,occasional,5,3,none,knowledge,,
1957,specialized,Seniors & aging,Scams & fraud,Phishing emails that mimic familiar services,"Emails styled as Amazon, Netflix, or the electric company ask to 'update payment' and the senior cannot tell them from real notices.",seniors using email,weekly,4,4,forwarding suspicious emails to a child to check,knowledge,,
1958,specialized,Seniors & aging,Scams & fraud,Pop-ups and fake virus alerts cause panic,"A browser pop-up saying the computer is infected looks official and the senior does not know whether to click, call the number, or unplug the machine.",seniors using computers unsupervised,monthly,4,4,"calling family, sometimes calling the scam number",knowledge,,
1959,specialized,Seniors & aging,Scams & fraud,Robocalls flooding the landline all day,"The phone rings a dozen times a day with spam, so the senior either stops answering entirely and misses real calls or picks up every scam.",seniors with landlines or basic phones,daily,4,3,"unplugging the phone, letting everything go to voicemail",knowledge,,
1960,specialized,Seniors & aging,Scams & fraud,Recurring subscriptions signed up for unknowingly,"Free trials, magazine renewals, and 'protection plans' quietly charge the card monthly and the senior does not notice or cannot find how to cancel.",seniors with credit or debit cards,monthly,3,4,a relative auditing statements once a year,knowledge,,
1961,specialized,Seniors & aging,Tech help & devices,Accidentally muting or switching phone settings,"A stray tap turns on Do Not Disturb, silences the ringer, or enables airplane mode, and the senior misses calls for days without knowing why.",older smartphone users,monthly,4,3,family notices they cannot reach them and drives over,knowledge,,
1962,specialized,Seniors & aging,Tech help & devices,Forgotten passwords locking out email and banking,"Passwords are scribbled in a notebook, half are out of date, and every login attempt ends in a reset loop that requires a code sent to a phone they cannot find.",seniors managing online accounts,weekly,4,4,"paper notebooks, reusing one password, calling a child",knowledge,,
1963,specialized,Seniors & aging,Tech help & devices,Phone updates change the interface overnight,"A software update moves buttons and changes icons, and a senior who had finally learned the phone is lost again and afraid to touch anything.",older smartphone users,monthly,4,3,"waiting for a grandchild to visit, avoiding updates",knowledge,,
1964,specialized,Seniors & aging,Tech help & devices,Remote family cannot see the parent's screen,Trying to talk a parent through a problem over the phone is guesswork because the helper cannot see what is on the screen and the parent cannot describe it.,adult children providing remote tech support,weekly,4,5,"long phone calls, driving over, taking photos of the screen",knowledge,,
1965,specialized,Seniors & aging,Tech help & devices,Hearing the phone ring or the doorbell,"Hearing loss means missed calls and missed deliveries, and callers assume the senior is ignoring them or something is wrong.",seniors with hearing loss,daily,3,3,"flashing lights, turning volume to maximum",knowledge,,
1966,specialized,Seniors & aging,Tech help & devices,Same tech question asked every week,Adult children get the same 'how do I send a photo' or 'where did my email go' call repeatedly because the steps are not written down anywhere the parent can find.,seniors and the family members who act as tech support,weekly,3,4,"phone calls, handwritten instruction sheets that get lost",knowledge,,
1967,specialized,Seniors & aging,Tech help & devices,Too many apps and icons cluttering the home screen,Pre-installed and accidentally downloaded apps crowd the phone so the three apps actually needed are hard to find.,older smartphone users,daily,3,4,asking a relative to 'clean up the phone',knowledge,,
1968,specialized,Seniors & aging,Tech help & devices,Two-factor codes on a device across the room,"Logging in on the computer requires a code texted to a phone that is charging in another room or has a dead battery, and the code expires before it is entered.",seniors using online banking and portals,weekly,3,3,giving up and calling the bank,knowledge,,
1969,specialized,Seniors & aging,Tech help & devices,Video calls that fail to connect with grandchildren,"The family sets up a video call and the senior cannot find the link, the camera is off, or the audio is muted, and the call becomes a frustrating tech session instead of a visit.",seniors and families living apart,weekly,3,4,falling back to a voice call,knowledge,,
1970,specialized,Seniors & aging,Tech help & devices,Websites and apps with tiny text and low contrast,"Even with reading glasses, many apps use small gray text on white, so seniors give up on tasks like paying a bill or reading a message.",seniors with age-related vision loss,daily,3,4,"pinch-zooming, asking someone else to read it",knowledge,,
1971,specialized,"Clothing, wardrobe & personal care",Booking & appointments,Booking salons that only take phone calls,"Many barbers and nail salons only book by phone or Instagram DM, forcing calls during work hours and unanswered messages.","working adults, people who dislike phone calls",monthly,4,5,calling on lunch break or walking in,knowledge,,
1972,specialized,"Clothing, wardrobe & personal care",Booking & appointments,Finding a barber for your hair type,"Moving to a new city and not knowing which salons can actually handle curly, Afro-textured or Asian hair, since reviews rarely say.","people who relocated, people with textured hair",occasional,4,4,asking strangers with similar hair,knowledge,,
1973,specialized,"Clothing, wardrobe & personal care",Booking & appointments,Coordinating recurring beauty appointments,"Lash fills every 3 weeks, nails every 2, brows every 4 and color every 6 all need booking on different systems, and they drift out of sync.",people with multiple standing beauty services,weekly,3,5,calendar juggling,knowledge,,
1974,specialized,"Clothing, wardrobe & personal care",Booking & appointments,Price surprises at checkout,"A 'from $40' haircut becomes $85 after add-ons for length, texture or blow dry, discovered only at the register.","salon clients, especially with long or textured hair",monthly,3,4,asking price on the phone before booking,knowledge,,
1975,specialized,"Clothing, wardrobe & personal care",Booking & appointments,Waitlist for a cancelled slot,"A favorite stylist is fully booked, and when someone cancels there is no way to be notified and grab the opening.",clients of popular stylists,monthly,3,5,calling repeatedly to check,knowledge,,
1976,specialized,"Clothing, wardrobe & personal care",Booking & appointments,Walk-in wait time unknown,Showing up at a walk-in barbershop and waiting 90 minutes because there is no way to see the queue before arriving.,walk-in barbershop customers,monthly,3,5,going at opening time,knowledge,,
1977,specialized,"Clothing, wardrobe & personal care",Booking & appointments,Tipping etiquette uncertainty,"Not knowing whether to tip the salon owner, how much for a color service, or how to split between stylist and assistant.",salon and barbershop clients,monthly,2,3,guessing 15-20 percent,knowledge,,
1978,specialized,"Clothing, wardrobe & personal care",Booking & appointments,Tracking nail and lash technician preferences,"Forgetting the polish color, shape and length that looked great last time, or which technician did it, when rebooking.",regular nail salon and lash clients,monthly,2,5,photos in camera roll,knowledge,,
1979,specialized,"Clothing, wardrobe & personal care",Grooming routines,Makeup shade matching online,"Foundation and concealer shades differ by brand and screen, so online orders come out too orange or too pale and cannot be returned once opened.",people buying makeup online,occasional,4,4,shade-matching websites; buying in store,knowledge,,
1980,specialized,"Clothing, wardrobe & personal care",Grooming routines,Getting ready takes too long,"Morning hair, skincare and makeup routine consistently runs over and makes you late, with no sense of which step eats the time.",anyone with a longer morning routine,daily,3,4,waking up earlier,knowledge,,
1981,specialized,"Clothing, wardrobe & personal care",Grooming routines,Running out of toiletries mid-use,"Discovering the deodorant, razor cartridges or contact solution are empty at the exact moment they are needed.",anyone who buys toiletries,monthly,3,4,subscribe-and-save that sends too much or too little,knowledge,,
1982,specialized,"Clothing, wardrobe & personal care",Grooming routines,Grooming task cadence forgotten,"Beard trims, razor blade changes, toothbrush head swaps and nail care all have a cadence that nobody tracks, so they get done late or not at all.",adults managing their own grooming,weekly,2,5,noticing when the razor pulls,knowledge,,
1983,specialized,"Clothing, wardrobe & personal care",Hair & haircuts,Explaining a haircut to the barber,Walking out with the wrong haircut because 'a bit shorter on the sides' means something different to every barber and there is no shared reference.,anyone who gets haircuts,monthly,4,4,showing a random photo from Instagram,knowledge,,
1984,specialized,"Clothing, wardrobe & personal care",Hair & haircuts,Hair color formula lost,"Switching stylists means the exact color formula and toner from previous appointments are gone, leading to mismatched results.",people who color their hair,occasional,4,4,asking the old salon for their notes,knowledge,,
1985,specialized,"Clothing, wardrobe & personal care",Hair & haircuts,Haircut timing drifts too long,"Hair gets noticeably overgrown before it occurs to anyone to book, and then the good barber has no slots for two weeks.","men with short hair, kids",monthly,3,5,noticing in the mirror,knowledge,,
1986,specialized,"Clothing, wardrobe & personal care",Hair & haircuts,Knowing hair type and matching products,"Curly, coily and fine hair all need different products and routines, and the labels do not say which hair type a product actually suits.",people with textured or curly hair,weekly,3,4,curly-hair forums and trial and error,knowledge,,
1987,specialized,"Clothing, wardrobe & personal care",Hair & haircuts,Remembering last haircut details,"Not recalling which guard number, length or style was used last time, so a good cut can not be repeated at a new barber.",people who move or switch barbers,monthly,3,5,asking the old barber; guessing,knowledge,,
1988,specialized,"Clothing, wardrobe & personal care",Hair & haircuts,Wash-day scheduling for textured hair,"Wash day takes hours and protective styles have a lifespan, but planning them around events and work weeks is done in the head and often goes wrong.","people with natural, braided or locked hair",weekly,3,4,calendar reminders,knowledge,,
1989,specialized,"Clothing, wardrobe & personal care",Laundry & garment care,Shared laundry room machine availability,"Hauling a basket downstairs to find every machine taken, or someone's finished load sitting in the dryer with no way to contact them.",apartment renters and dorm residents with shared laundry,weekly,4,4,going at odd hours; leaving notes,knowledge,,
1990,specialized,"Clothing, wardrobe & personal care",Laundry & garment care,Shrunk or ruined by wrong wash,A wool sweater goes in a hot wash by mistake and comes out child-sized; the care instructions were on a label that got cut off.,people who own delicate garments,monthly,4,4,washing everything cold and hoping,knowledge,,
1991,specialized,"Clothing, wardrobe & personal care",Laundry & garment care,Dry cleaning pickup forgotten,A suit or dress sits at the dry cleaner for weeks; the ticket is lost and it is unclear which cleaner even has it.,professionals who dry clean regularly,monthly,3,5,paper ticket in wallet,knowledge,,
1992,specialized,"Clothing, wardrobe & personal care",Laundry & garment care,Forgetting wet laundry in the machine,"Clothes sit in the washer overnight and come out smelling musty, forcing a rewash and wasting water and time.","busy households, anyone multitasking",weekly,3,4,"setting a phone timer, if remembered",knowledge,,
1993,specialized,"Clothing, wardrobe & personal care",Laundry & garment care,Reading laundry care symbols,"Care labels use cryptic triangles, circles and dots and nobody remembers which means 'no bleach' or 'tumble dry low', so items get ruined.",anyone doing their own laundry,weekly,3,5,googling the symbol or ignoring it,knowledge,,
1994,specialized,"Clothing, wardrobe & personal care",Laundry & garment care,Running out of clean basics,"Realising on a busy morning that there are no clean socks, underwear or work shirts because laundry was not planned around actual usage.","single working adults, students",weekly,3,4,emergency wash or buying more underwear,knowledge,,
1995,specialized,"Clothing, wardrobe & personal care",Laundry & garment care,Sorting laundry loads correctly,"Not knowing whether the new red shirt will bleed, or whether the towels should go with the sheets, leading to pink whites and grey towels.","students, new independent adults",weekly,3,4,asking parents or trial and error,knowledge,,
1996,specialized,"Clothing, wardrobe & personal care",Laundry & garment care,Stain treatment by type,"Red wine, grease, deodorant marks and grass each need a different treatment and the wrong one sets the stain permanently.","parents, anyone who eats",weekly,3,4,frantic googling with the stain still wet,knowledge,,
1997,specialized,"Clothing, wardrobe & personal care",Laundry & garment care,Delicates handwash pile-up,"Bras, silk blouses and wool that must be handwashed accumulate in a pile for weeks because handwashing is never scheduled.",owners of delicate garments,weekly,2,3,mesh bag on gentle cycle and hoping,knowledge,,
1998,specialized,"Clothing, wardrobe & personal care",Laundry & garment care,Lost single socks,A drawer full of unmatched socks with no way to know which partner is missing or which are worth keeping.,"families, anyone with a laundry pile",weekly,2,2,buying identical socks in bulk,knowledge,,
1999,specialized,"Clothing, wardrobe & personal care",Laundry & garment care,Sneakers and shoes needing care,"Leather shoes crack and white sneakers yellow because there is no reminder to condition, polish or clean them before damage sets in.","sneaker collectors, people who wear leather shoes",monthly,2,4,cleaning only when visibly dirty,knowledge,,
2000,specialized,"Clothing, wardrobe & personal care",Outfit planning,Decoding event dress codes,"Invitations say 'smart casual', 'cocktail' or 'festive attire' and it is unclear what that actually means or what you own that qualifies.","wedding and party guests, new employees",occasional,3,4,googling and texting friends for advice,knowledge,,
2001,specialized,"Clothing, wardrobe & personal care",Outfit planning,Dressing for unpredictable weather,"Leaving the house in a sweater on a morning that turns hot by noon, or getting caught without a layer when it cools off, because the outfit was chosen without checking the hourly forecast.",commuters in variable climates,daily,3,4,checking weather app separately and guessing,knowledge,,
2002,specialized,"Clothing, wardrobe & personal care",Outfit planning,Learning to shop for a new job dress code,"Starting a corporate or client-facing job and not knowing what a minimal work wardrobe needs, buying either too much or the wrong things.","new graduates, career changers",occasional,3,4,copying colleagues,knowledge,,
2003,specialized,"Clothing, wardrobe & personal care",Outfit planning,Morning outfit decision paralysis,"Standing in front of a full closet every morning and still feeling like there is nothing to wear, wasting 10-20 minutes and starting the day stressed.",office workers and students who dress daily,daily,3,4,wearing the same 5 safe outfits on rotation,knowledge,,
2004,specialized,"Clothing, wardrobe & personal care",Outfit planning,Packing outfits for trips,"Overpacking clothes that never get worn while forgetting one key piece, because there is no plan for which items combine into which day's outfits.","frequent travelers, business travelers",monthly,3,5,generic packing checklists; laying everything on the bed,knowledge,,
2005,specialized,"Clothing, wardrobe & personal care",Outfit planning,Color-matching outfits under bad light,Picking clothes in a dim bedroom and only realising outside that the navy and black do not match or the shades clash.,"people who dress before dawn, color-blind people",weekly,2,4,asking a partner or using phone flashlight,knowledge,,
2006,specialized,"Clothing, wardrobe & personal care",Outfit planning,Recreating outfits seen on others,Seeing an outfit on the street or in a show and having no way to find similar affordable pieces or check whether the closet already has equivalents.,fashion-interested shoppers,weekly,2,4,screenshots that are never revisited,knowledge,,
2007,specialized,"Clothing, wardrobe & personal care",Outfit planning,Repeating outfits in front of same people,"Not remembering what you wore to last week's meeting or the last two dates, and worrying you are visibly re-wearing the same look.","professionals, people dating, teachers",weekly,2,5,mental notes or scrolling through photos,knowledge,,
2008,specialized,"Clothing, wardrobe & personal care",Sizing & fit,Bra size confusion,"Most people are wearing the wrong bra size and sizing conventions differ between US, UK and EU brands, making online purchase a gamble.",women shopping for bras,occasional,4,4,in-store fitting or calculator sites,knowledge,,
2009,specialized,"Clothing, wardrobe & personal care",Sizing & fit,Inconsistent sizing across brands,"A medium in one brand is a large in another and a small in a third, so every new brand means guessing and returns.",online clothing shoppers,monthly,4,5,ordering two sizes and returning one,knowledge,,
2010,specialized,"Clothing, wardrobe & personal care",Sizing & fit,Return-window deadlines missed,"Clothes that did not fit sit in the bag past the 30-day return window, turning a free return into a sunk cost.",online shoppers,monthly,4,5,leaving the package by the door as a reminder,knowledge,,
2011,specialized,"Clothing, wardrobe & personal care",Sizing & fit,Clothes that no longer fit after weight change,"After weight loss, gain or pregnancy, half the closet fits and half does not, with no easy way to tag what is wearable now versus later.","people changing weight, postpartum parents",occasional,3,4,separate boxes labeled by size,knowledge,,
2012,specialized,"Clothing, wardrobe & personal care",Sizing & fit,Kids' clothes outgrown unnoticed,"Discovering a child's pants are too short or shoes too tight on the morning of school, with no record of when sizes were last checked.",parents of young children,monthly,3,4,buying a size up and hoping,knowledge,,
2013,specialized,"Clothing, wardrobe & personal care",Sizing & fit,Measuring yourself accurately at home,"Size charts ask for chest, hip and inseam measurements but taking them alone with a tape is awkward and error-prone.","online shoppers, people ordering custom or formal wear",occasional,3,4,asking a family member to help,knowledge,,
2014,specialized,"Clothing, wardrobe & personal care",Sizing & fit,Remembering own size per brand,"Forgetting that you are a 32 waist in one brand's jeans but a 31 in another, and repeating the wrong order months later.",repeat online shoppers,monthly,3,5,notes app or checking old orders,knowledge,,
2015,specialized,"Clothing, wardrobe & personal care",Sizing & fit,Shoe size conversion and width,"EU, UK and US shoe sizes convert inconsistently and width or brand-specific fit (runs small, runs narrow) is rarely captured.","online shoe buyers, runners",occasional,3,4,reading reviews for 'runs small',knowledge,,
2016,specialized,"Clothing, wardrobe & personal care",Sizing & fit,Tailoring and alteration tracking,"Pants need hemming and a jacket needs taking in, but which tailor has what, what was asked for, and when it is ready gets lost.",people who buy suits or alter clothes,occasional,2,4,paper receipts,knowledge,,
2017,specialized,"Clothing, wardrobe & personal care",Skincare,Conflicting skincare ingredients,Using retinol and vitamin C or benzoyl peroxide together causes irritation because product labels do not warn which actives should not be layered.,people using active skincare ingredients,daily,4,5,searching ingredient lists on blogs,knowledge,,
2018,specialized,"Clothing, wardrobe & personal care",Skincare,Identifying what caused a breakout,"Skin flares up and there is no way to tell whether it was the new moisturizer, stress, diet, period or a pillowcase, because nothing was logged.",people with acne or sensitive skin,weekly,4,5,mental guessing; dropping all new products,knowledge,,
2019,specialized,"Clothing, wardrobe & personal care",Skincare,Building a multi-step skincare routine,"Not knowing the correct order to apply cleanser, toner, serum, retinol, moisturizer and sunscreen, and whether to use them morning, evening or both.",skincare beginners,daily,3,5,watching YouTube and TikTok tutorials,knowledge,,
2020,specialized,"Clothing, wardrobe & personal care",Skincare,Deciphering ingredient lists,"Ingredient lists are long and unreadable, making it hard to spot fragrance, alcohol or a known allergen before buying.","people with allergies, sensitive or eczema-prone skin",monthly,3,5,ingredient-checker websites,knowledge,,
2021,specialized,"Clothing, wardrobe & personal care",Skincare,Forgetting to reapply sunscreen,"Sunscreen is applied in the morning and never again, though it needs reapplying every two hours outdoors.","outdoor workers, beachgoers, people with sun-sensitive skin",daily,3,4,none,knowledge,,
2022,specialized,"Clothing, wardrobe & personal care",Skincare,Judging if a product is working,After 8 weeks on a new acne or anti-aging product it is impossible to tell whether skin improved because there are no comparable before photos.,anyone trialing skincare,monthly,3,5,random selfies in different lighting,knowledge,,
2023,specialized,"Clothing, wardrobe & personal care",Skincare,Product expiry after opening,"Sunscreen, mascara and serums expire months after opening but the open date is never written down, so expired products get used.",anyone with a bathroom shelf of products,monthly,3,5,sharpie on the bottle,knowledge,,
2024,specialized,"Clothing, wardrobe & personal care",Skincare,Too many half-used products,"Drawers full of half-empty bottles bought on hype, with duplicates of the same category and no clear idea what to use up first.",skincare and makeup enthusiasts,monthly,2,4,'project pan' spreadsheets,knowledge,,
2025,specialized,"Clothing, wardrobe & personal care",Wardrobe inventory,Forgetting what you already own,Buying a black turtleneck or navy chinos only to discover an almost identical one buried at the back of the closet.,anyone with a medium-to-large wardrobe,monthly,3,5,occasional closet clean-outs; photos on phone,knowledge,,
2026,specialized,"Clothing, wardrobe & personal care",Wardrobe inventory,Seasonal wardrobe switch surprises,"Pulling out stored winter clothes to find some no longer fit, are damaged, or have moth holes, with no record of what was packed away.",people in small apartments who store off-season clothes,occasional,3,4,vacuum bags with handwritten labels,knowledge,,
2027,specialized,"Clothing, wardrobe & personal care",Wardrobe inventory,Hand-me-down bins by size,Storing outgrown kids' clothes for a younger sibling and then not knowing which box holds size 4T when it is needed.,parents with multiple children,occasional,2,4,marker on cardboard boxes,knowledge,,
2028,specialized,"Clothing, wardrobe & personal care",Wardrobe inventory,Knowing cost-per-wear of clothes,"No idea whether the expensive coat was worth it or the cheap tee fell apart after 3 washes, so purchase decisions repeat the same mistakes.","budget-conscious shoppers, capsule-wardrobe fans",monthly,2,5,none,knowledge,,
2029,specialized,"Clothing, wardrobe & personal care",Wardrobe inventory,Orphan pieces that match nothing,"Owning items bought on impulse that go with nothing else in the closet, so they sit unworn with tags on for years.","impulse shoppers, sale buyers",monthly,2,4,eventually donating them,knowledge,,
2030,specialized,"Clothing, wardrobe & personal care",Wardrobe inventory,Tracking what to donate or sell,Clothes that have not been worn in a year keep taking up space because nobody remembers the last time they were worn.,"people decluttering, small-closet renters",monthly,2,5,"hanger-flip trick, annual purge",knowledge,,
